Subject	Auditory-CinguloOpercular/Action-mode	Auditory-Default_Anterolateral	Auditory-Default_Dorsolateral	Auditory-Default_Parietal	Auditory-Default_Retrosplenial	Auditory-DorsalAttention	Auditory-Frontoparietal	Auditory-Language	Auditory-MedialParietal	Auditory-Premotor/DorsalAttentionII	Auditory-Salience	Auditory-SomatoCognitiveAction	Auditory-Somatomotor_Face	Auditory-Somatomotor_Foot	Auditory-Somatomotor_Hand	Auditory-Visual_Dorsal/VentralStream	Auditory-Visual_Lateral	Auditory-Visual_V1	Auditory-Visual_V5	CinguloOpercular/Action-mode-Default_Anterolateral	CinguloOpercular/Action-mode-Default_Dorsolateral	CinguloOpercular/Action-mode-Default_Parietal	CinguloOpercular/Action-mode-Default_Retrosplenial	CinguloOpercular/Action-mode-DorsalAttention	CinguloOpercular/Action-mode-Frontoparietal	CinguloOpercular/Action-mode-Language	CinguloOpercular/Action-mode-MedialParietal	CinguloOpercular/Action-mode-Premotor/DorsalAttentionII	CinguloOpercular/Action-mode-Salience	CinguloOpercular/Action-mode-SomatoCognitiveAction	CinguloOpercular/Action-mode-Somatomotor_Face	CinguloOpercular/Action-mode-Somatomotor_Foot	CinguloOpercular/Action-mode-Somatomotor_Hand	CinguloOpercular/Action-mode-Visual_Dorsal/VentralStream	CinguloOpercular/Action-mode-Visual_Lateral	CinguloOpercular/Action-mode-Visual_V1	CinguloOpercular/Action-mode-Visual_V5	Default_Anterolateral-Default_Dorsolateral	Default_Anterolateral-Default_Parietal	Default_Anterolateral-Default_Retrosplenial	Default_Anterolateral-DorsalAttention	Default_Anterolateral-Frontoparietal	Default_Anterolateral-Language	Default_Anterolateral-MedialParietal	Default_Anterolateral-Premotor/DorsalAttentionII	Default_Anterolateral-Salience	Default_Anterolateral-SomatoCognitiveAction	Default_Anterolateral-Somatomotor_Face	Default_Anterolateral-Somatomotor_Foot	Default_Anterolateral-Somatomotor_Hand	Default_Anterolateral-Visual_Dorsal/VentralStream	Default_Anterolateral-Visual_Lateral	Default_Anterolateral-Visual_V1	Default_Anterolateral-Visual_V5	Default_Dorsolateral-Default_Parietal	Default_Dorsolateral-Default_Retrosplenial	Default_Dorsolateral-DorsalAttention	Default_Dorsolateral-Frontoparietal	Default_Dorsolateral-Language	Default_Dorsolateral-MedialParietal	Default_Dorsolateral-Premotor/DorsalAttentionII	Default_Dorsolateral-Salience	Default_Dorsolateral-SomatoCognitiveAction	Default_Dorsolateral-Somatomotor_Face	Default_Dorsolateral-Somatomotor_Foot	Default_Dorsolateral-Somatomotor_Hand	Default_Dorsolateral-Visual_Dorsal/VentralStream	Default_Dorsolateral-Visual_Lateral	Default_Dorsolateral-Visual_V1	Default_Dorsolateral-Visual_V5	Default_Parietal-Default_Retrosplenial	Default_Parietal-DorsalAttention	Default_Parietal-Frontoparietal	Default_Parietal-Language	Default_Parietal-MedialParietal	Default_Parietal-Premotor/DorsalAttentionII	Default_Parietal-Salience	Default_Parietal-SomatoCognitiveAction	Default_Parietal-Somatomotor_Face	Default_Parietal-Somatomotor_Foot	Default_Parietal-Somatomotor_Hand	Default_Parietal-Visual_Dorsal/VentralStream	Default_Parietal-Visual_Lateral	Default_Parietal-Visual_V1	Default_Parietal-Visual_V5	Default_Retrosplenial-DorsalAttention	Default_Retrosplenial-Frontoparietal	Default_Retrosplenial-Language	Default_Retrosplenial-MedialParietal	Default_Retrosplenial-Premotor/DorsalAttentionII	Default_Retrosplenial-Salience	Default_Retrosplenial-SomatoCognitiveAction	Default_Retrosplenial-Somatomotor_Face	Default_Retrosplenial-Somatomotor_Foot	Default_Retrosplenial-Somatomotor_Hand	Default_Retrosplenial-Visual_Dorsal/VentralStream	Default_Retrosplenial-Visual_Lateral	Default_Retrosplenial-Visual_V1	Default_Retrosplenial-Visual_V5	DorsalAttention-Frontoparietal	DorsalAttention-Language	DorsalAttention-MedialParietal	DorsalAttention-Premotor/DorsalAttentionII	DorsalAttention-Salience	DorsalAttention-SomatoCognitiveAction	DorsalAttention-Somatomotor_Face	DorsalAttention-Somatomotor_Foot	DorsalAttention-Somatomotor_Hand	DorsalAttention-Visual_Dorsal/VentralStream	DorsalAttention-Visual_Lateral	DorsalAttention-Visual_V1	DorsalAttention-Visual_V5	Frontoparietal-Language	Frontoparietal-MedialParietal	Frontoparietal-Premotor/DorsalAttentionII	Frontoparietal-Salience	Frontoparietal-SomatoCognitiveAction	Frontoparietal-Somatomotor_Face	Frontoparietal-Somatomotor_Foot	Frontoparietal-Somatomotor_Hand	Frontoparietal-Visual_Dorsal/VentralStream	Frontoparietal-Visual_Lateral	Frontoparietal-Visual_V1	Frontoparietal-Visual_V5	Language-MedialParietal	Language-Premotor/DorsalAttentionII	Language-Salience	Language-SomatoCognitiveAction	Language-Somatomotor_Face	Language-Somatomotor_Foot	Language-Somatomotor_Hand	Language-Visual_Dorsal/VentralStream	Language-Visual_Lateral	Language-Visual_V1	Language-Visual_V5	MedialParietal-Premotor/DorsalAttentionII	MedialParietal-Salience	MedialParietal-SomatoCognitiveAction	MedialParietal-Somatomotor_Face	MedialParietal-Somatomotor_Foot	MedialParietal-Somatomotor_Hand	MedialParietal-Visual_Dorsal/VentralStream	MedialParietal-Visual_Lateral	MedialParietal-Visual_V1	MedialParietal-Visual_V5	Premotor/DorsalAttentionII-Salience	Premotor/DorsalAttentionII-SomatoCognitiveAction	Premotor/DorsalAttentionII-Somatomotor_Face	Premotor/DorsalAttentionII-Somatomotor_Foot	Premotor/DorsalAttentionII-Somatomotor_Hand	Premotor/DorsalAttentionII-Visual_Dorsal/VentralStream	Premotor/DorsalAttentionII-Visual_Lateral	Premotor/DorsalAttentionII-Visual_V1	Premotor/DorsalAttentionII-Visual_V5	Salience-SomatoCognitiveAction	Salience-Somatomotor_Face	Salience-Somatomotor_Foot	Salience-Somatomotor_Hand	Salience-Visual_Dorsal/VentralStream	Salience-Visual_Lateral	Salience-Visual_V1	Salience-Visual_V5	SomatoCognitiveAction-Somatomotor_Face	SomatoCognitiveAction-Somatomotor_Foot	SomatoCognitiveAction-Somatomotor_Hand	SomatoCognitiveAction-Visual_Dorsal/VentralStream	SomatoCognitiveAction-Visual_Lateral	SomatoCognitiveAction-Visual_V1	SomatoCognitiveAction-Visual_V5	Somatomotor_Face-Somatomotor_Foot	Somatomotor_Face-Somatomotor_Hand	Somatomotor_Face-Visual_Dorsal/VentralStream	Somatomotor_Face-Visual_Lateral	Somatomotor_Face-Visual_V1	Somatomotor_Face-Visual_V5	Somatomotor_Foot-Somatomotor_Hand	Somatomotor_Foot-Visual_Dorsal/VentralStream	Somatomotor_Foot-Visual_Lateral	Somatomotor_Foot-Visual_V1	Somatomotor_Foot-Visual_V5	Somatomotor_Hand-Visual_Dorsal/VentralStream	Somatomotor_Hand-Visual_Lateral	Somatomotor_Hand-Visual_V1	Somatomotor_Hand-Visual_V5	Visual_Dorsal/VentralStream-Visual_Lateral	Visual_Dorsal/VentralStream-Visual_V1	Visual_Dorsal/VentralStream-Visual_V5	Visual_Lateral-Visual_V1	Visual_Lateral-Visual_V5	Visual_V1-Visual_V5
sub-001	0.3839114561816605	0.5740285596891288	0.4486423938043541	0.446929148932355	0.3157454567872674	0.4614457700424669	0.5208694104585965	0.512639880811443	0.2890320703677859	0.348270716826601	0.5890257875578087	0.2700782304098261	0.3593192811252544	0.3734809770830612	0.3768165194873232	0.242706170461658	0.360295526050968	0.4101197052837022	0.1011804805494022	0.189476693960234	0.0115107685321817	0.0749315733872806	0.0851385017717429	0.3442823605439599	0.2858061596665678	0.3184025864766131	0.259938442374804	0.6415156454289814	0.3781618848477651	0.7836272530084019	0.5424153370679472	0.0661390281271475	0.6748013929252816	-0.0815434556783644	0.1048685174992168	0.2489605025740215	0.4464021640213035	0.8213240468047874	0.7781799805844382	0.4672284669951529	0.6234659870597923	0.8089640893677652	0.6018866935184937	0.3412390279704029	0.3029727296593227	0.8360166408699273	0.0629920941730078	0.4494569762648491	0.6255817400136446	0.3302238333682772	0.5935742161506363	0.7007276919739737	0.7184325041040978	0.0069473325821765	0.724827254893281	0.5081626281328748	0.7108244432542897	0.8579753184223584	0.4845710579372252	0.4419512587100767	0.3071430067409442	0.7373437907635583	0.0181053113760742	0.4131854608094931	0.7051837901985615	0.2947069882147867	0.7048436001307254	0.815178146272207	0.8012348197713466	-0.0604682204108274	0.4622766067953604	0.5279763091986709	0.6895141305275294	0.5242472948284475	0.3471491483066913	0.2637613654383582	0.7090662358823854	-0.0082238655382508	0.4243969016505751	0.6164205982751267	0.2682228748017792	0.6175958795813105	0.6759770714405231	0.6243069529305509	-0.0469068370424689	0.4397400306082879	0.4467050315244212	0.2137483226655888	0.6339594209535622	0.2757781080378082	0.3971821153761243	0.0028489193020176	0.2736472935842728	0.4812942223113575	0.1285344666512705	0.4542893162505705	0.546380801653061	0.4542044040045369	-0.0165608389819222	0.8729431428178427	0.38331081588103	0.5997182440852548	0.6354242229705559	0.727806399294788	0.444619308912819	0.6385578587046805	0.7423264256978891	0.5381813567313131	0.6066165175670547	0.761535341459109	0.766717808126569	0.0174809929453072	0.454003599628489	0.4487535426924643	0.5235736259425575	0.8564347985791767	0.2878143943479994	0.6378580999590365	0.7528983134264524	0.5115040050508846	0.6907636157557507	0.8275585228898051	0.8690943178397882	-0.0390841501359186	0.2833223023069142	0.3249921132608623	0.4721345683515341	0.2353160839400573	0.3225875278300942	0.3260332925027362	0.3001742654332966	0.325790490646106	0.3968293385832889	0.451870537008721	0.1769617985767723	0.4228539987814871	0.347508463096621	0.2505058379201494	0.3750254176929775	0.4449855628900113	0.2521805609118557	0.4273525870906188	0.5266918335590196	0.415434996579073	0.1001275132955702	0.4606310111904587	0.6372523587637755	0.7602898181556793	0.4103966466134945	0.6326751853938909	0.2361689621159521	0.4469509836310376	0.5431593877508323	0.3262850351440528	0.2637710904408098	0.6050700667935016	0.6837195622550526	0.4951790605062642	0.5413241482098147	0.678450599071648	0.7387093125577415	0.0155384205812148	0.5041314413201773	0.0549831734381113	0.6755225107578756	0.003799529310639	0.1817313337751454	0.240451888946334	0.3862770035734517	0.5214567603978845	0.5913787223631337	0.3561732329262649	0.510262668213935	0.5753208711479497	0.1692662776869952	0.2997919035900251	0.5533758047285906	0.6810168064249351	0.6954005291401524	-0.0713501324557859	0.1955271644985112	0.3794733115252132	0.449428354342135	0.2460677098999089	0.8053919816890744	0.6578323784838702	-0.1014463366612875	0.8479687490208014	0.0871200660069303	0.0999414483105589
sub-002	0.1501662622144865	0.3241970675386511	-0.0548099801776638	0.0494383739592139	-0.0612674401401054	-0.1851736585350028	-0.1079818255915669	0.6448582570566491	0.0988140111829365	-0.1730224521705122	0.0218891473560037	-0.2572959908295233	-0.2176359499679625	0.1216781948681909	-0.0811284056509865	0.5029498257574498	0.0988690621372014	-0.2694898215253423	0.221198321752956	-0.2077513201204238	0.0997364728482178	-0.0443357825800978	0.1775925732140521	0.6437188939696402	0.6264473551391503	0.0886443733022782	0.0012677341527263	0.6249884914298718	0.1444705319955944	0.4541237991000547	0.4371912338317029	0.5932868548034801	0.5037178911789963	0.2509470529129473	0.4658445693392115	0.1264118577228674	0.5569650093876621	0.3704276884431762	0.5906869173365265	0.5115800244972493	-0.3299608054769116	-0.0032632764382193	0.7816176561818753	0.3297715007727171	-0.1456816617792209	0.3436530609545433	-0.038828815259153	-0.2717301400627356	-0.0478012107118386	-0.0224217998691598	0.0137698090345805	-0.3320109956131987	0.3824875435795219	0.2236786923586075	0.6450092376570632	0.3384208956020758	0.032526660466017	0.4812649580629693	0.2187858852323425	0.1852086013585058	0.2525026859701593	0.4369518552657277	0.4161406832506215	0.1727763176829675	0.2051282336709743	0.3449517895308412	-0.0361494709543058	0.133418092141583	0.3149076398307877	0.1956781159910127	0.4553026251064089	0.0748403579523962	0.2141364857819911	0.3720924558525678	0.5958988402592387	0.0260207884171234	0.3873234883329582	0.0910397012084839	-0.0210590324663552	-0.0144966268191569	0.1180334292288536	0.170680176678719	0.0035769897831274	0.2838744378811674	0.1746397587609962	0.0313124057654815	0.2836386752510911	0.3828846705267548	0.2446528795891458	0.1826228429870726	0.1873150059840944	0.2861027603322962	-0.1463401516759982	0.1787376168927937	0.207278584703289	-0.000974916443143	0.0708561524074601	0.8410612263558513	0.2872173404578078	0.5569797279049428	-0.2386478169282022	0.2331305333891793	0.5607460205894466	-0.0959030663249334	0.3400973024732119	0.3946582250305696	0.3311641818955734	0.4106767733451691	0.3960213908936625	0.4006733579177945	-0.0775639055026766	0.4668660209155385	0.0082544562139609	0.1922640106097979	0.5109803450416174	0.1991604563966657	0.5216525182814893	0.2876645002157331	0.4239887120460199	0.4692757672567519	0.16249926177214	0.2929671076577025	0.3163494385468166	0.4400430851545944	0.1946326888920453	-0.0807856361365821	0.2433864355449419	-0.0641777119061332	-0.1803815700789804	0.1477361654957807	0.0357379865049579	0.2050020317629629	-0.0420778790096063	0.1894224310312068	0.3465194075183002	-0.1061344218656076	0.0224899985228182	-0.1017794954605753	-0.1585924680070902	-0.2005323537587294	-0.0095984543449096	0.3319956188867973	0.093903423388441	0.1049794066000926	0.1981233165122933	0.0624277452039549	0.751927355112634	0.6288744209217194	0.6930545569483484	0.8164168581295964	0.0664609398810082	0.3455793679693351	0.2138740239756518	0.3488454244485391	0.146776452614193	0.0446224960185164	0.0566657183518094	0.1221413882682851	-0.0634501773671172	-0.1640301297670654	0.2055913765779831	0.0747076923552545	0.6525936821364862	0.4307338579896211	0.6591023198875292	-0.0865767686338435	0.240377985793402	0.322538150678945	0.3377357714190711	0.2792234831609879	0.4904307631574157	-0.0201199806084491	0.3039960336893864	-0.1273253673809534	0.1359608730346165	0.6798131979181334	0.0469310064363671	0.2830288202504916	0.2276686328203968	0.3557306390600098	0.0494048750004652	0.3077445916291976	0.2468971007983817	0.2995134231819538	0.4332824397431254	-0.1517783090711034	0.3007539682737186	0.0603589408364025	0.1559492541151652	0.1604908613439233
sub-003	0.8463724711034372	-0.0701641660628792	-0.0416477830312663	-0.2884154920272993	-0.0487923434787415	0.5646583396292769	0.1047581059302596	0.6863361033291286	-0.2274066020189256	0.4865264438894984	0.0076864503423117	0.3772143184689182	0.2834940121751559	0.4344915692420201	0.4335672916373194	0.0211197044731976	0.085668014153212	0.2478244519671256	0.6497395574497177	-0.196000391316102	-0.1772235709802492	-0.4088907670980009	0.0319187807837417	0.721815181920798	0.1796405421870957	0.512656783065149	-0.0951465720211348	0.7269280222148199	0.0729350934654187	0.5877646246395325	0.2809619108112895	0.5009620262012651	0.5782389666279862	0.184756933421325	0.4358329191750437	0.3776706592297825	0.7498918623587436	0.593072781517616	0.488757992186099	-0.0535648781798312	-0.1105559460345744	0.2562566907796081	0.1067273650931133	0.0796198265835115	-0.3971854943060544	0.4920907166929872	-0.3503787755981828	0.2881712630982994	-0.1534928036477347	-0.1848780863339878	-0.2389280381872953	-0.2113209920103683	-0.2536052382777627	-0.2308364723217816	0.3575790752843448	0.0176053609947762	-0.2372304000532075	0.3704600245542578	0.1963809667283614	-0.0479490623339763	-0.3332520698062762	0.0737240557260056	-0.3241860293406671	0.0900096765760663	0.066536667195426	-0.1902701889095883	-0.2205140178728787	-0.4282128714212335	-0.1804191501254262	-0.2799429490665248	-0.0102046354808201	-0.1626498531755863	0.0963858854615388	-0.0418833516670315	0.4630616516550674	-0.3561156596634464	0.1729288956906515	-0.2939002403041284	-0.0382757775503666	-0.4551052385072481	-0.3620887718629165	0.2616813220754811	-0.2672975063317482	-0.23625007246432	-0.2844253710868799	0.1160266985598879	-0.088272465070614	0.1929421170555839	0.0983443123646445	0.2806271502228122	0.0203161630122526	0.0842859212751312	-0.0545668499658119	0.3923975560235004	0.113924191156456	0.2282519131238121	0.2283917777429447	0.5257897760145384	0.2114175711440112	-0.1148510192721525	0.4304620355958977	0.0828388072422888	0.7055485464917632	0.2044599312254982	0.5282962526441747	0.3072036742167718	0.2480839168009409	0.4442886943417192	0.4244722088731283	0.3871459558452284	0.3775658032974082	0.7472383408004052	0.0988689529901035	-0.0347138991293187	-0.0539760000961454	-0.1731771936949733	-0.0699519487242602	0.0739049929456534	0.0801412310233967	-0.001130740658372	-0.1357145828324196	0.0308193437941568	-0.2834308437564772	0.0269644930118603	-0.2034183490105462	0.3330043478989872	-0.0433845745105947	0.1982182973279394	0.1560449912693823	0.4005767348918849	0.2592868238671326	0.0314082381328536	-0.1466076774098411	0.4148671927642054	0.5233166692033577	0.1322335778649243	0.0977347944851752	0.1092158006023055	-0.0405099558914407	-0.4174445210148531	-0.1429706609645971	0.7088203720005137	0.1900684762970237	0.0868418593852883	-0.0728229711735147	-0.0694343598663721	0.7467870366374902	0.0898021455290275	0.373697473331917	0.6446609345836476	0.4896106899132266	0.517165376489627	0.498915620540216	0.6989441144000594	-0.0607106233292685	0.5111422768325452	0.0506978966659994	-0.0154828452025049	-0.0670372923402705	0.2200047962336285	0.1481635927908277	-0.0237879460562748	0.0347167378426637	0.2535488337790422	0.5343032670959684	0.3846294708358622	0.4462696309240407	0.3602168502927136	0.4918197105673618	0.0393962174349232	0.3736066265573115	-0.0799281964329105	0.0978318269356633	0.0957815274681164	0.113126681122175	0.2803007694357033	-0.2230608369138867	0.3334736528418433	0.4730221474991204	0.4175681391509612	0.0961405379543655	0.3322028729775805	0.3650567532018096	0.3970884428444077	0.2895064194805853	0.3635573635506369	0.3448457389289392	0.4125051704816765	0.4283253517549083	0.398790426855627
sub-004	0.6392886173747093	0.0281045373936624	-0.1007433565470398	0.5500998089476336	0.5997794884385955	0.0515342549163102	-0.5579804207587874	0.6364220559799932	0.2288735878270595	-0.1207416186832616	-0.5023125294485636	0.1375774743853318	-0.2030444893524467	-0.2275745925735894	-0.1623231787558196	0.7134735996169886	0.6383126915720204	0.2775011262941648	0.8075802912870639	0.0914200095218958	-0.0627627858860627	0.2011738934664807	0.3856942362503513	0.6292132465742044	-0.1678573013554501	0.6327762296011881	-0.0004912709502178	0.4290736407419886	-0.1327377643102741	0.1262422542652858	0.3617045753105108	0.1944744470701735	0.33883002118375	0.5002032848693329	0.3656846710907178	0.1190298178748454	0.530502172013769	0.6195082389980978	0.4074450540169679	0.3959908208723065	0.0365576294104996	0.3569986208889165	0.2751994070268626	0.0391250000212305	0.0585340430549468	0.2890397647902295	-0.2070408676991185	-0.0333715379030813	0.0781733073803876	0.0516939120205508	0.1544796740550279	0.2493968199503239	0.5436357682374426	0.0660564217544806	0.4297356658409725	0.3295488661539583	0.1244827386423884	0.5678243949493799	0.1306407019609692	0.0901091721031574	0.1794133475062642	0.5161139532907986	-0.0801911384874838	0.1175266503237421	0.1185009931295482	0.1732678820391802	0.0836928393739486	0.1173645725949686	0.3591930566926979	-0.0514340105597355	0.6501455305515413	-0.2104010125028801	-0.186491591778774	0.3414871556401396	0.3176608304864114	-0.2848119521662633	-0.1302685346959098	-0.2070773638970842	-0.3048534043986433	-0.4362213466725743	-0.3721659659217543	0.5912003978812141	0.6336736254361992	0.6429926632338784	0.5658532778996952	0.0921677330306708	-0.2178850691047249	0.5376623754691797	0.2917063448089445	-0.1294109423309722	-0.2054216123752462	0.1039893257936261	-0.2196361662209685	-0.1868479172129653	-0.1243925383125847	0.6539219866547082	0.6615082442139308	0.586285763783325	0.5959949824723578	0.2828451723302257	0.3471073402926324	-0.1832841887016298	0.7616059283564305	0.2487667031203573	0.193098226391905	0.6259509824137817	0.5468546050857971	0.705696496012866	0.1474715073021248	0.0039083078456513	-0.0839225954120425	-0.0120102738606043	-0.2313511183410172	-0.1053723798441643	0.4933135622792018	0.8409807039923066	0.0378027221121465	0.5988654727889712	0.5154435357135964	0.4714172747456086	-0.4569083144850965	-0.4833838183546694	-0.1479731197652706	-0.5696365993400381	0.238524803038055	0.2262387491827493	-0.1458088021108832	0.2382648546581417	-0.0248703542661834	0.1533177165578317	0.1910364880840992	0.4401004310792809	0.5113646414532095	0.3248180791585715	0.4365481318225142	-0.1978488420903471	-0.0333445286139344	0.2744233320550799	-0.1911391267956211	-0.0927049339991433	-0.2246517660406134	0.1179791433698531	0.2381619321346485	0.1800681524758875	0.1328120403579885	0.5057512339715665	0.1317668800843409	0.724569751411223	0.7939369787322891	0.8429060931828081	-0.2211428826284718	-0.2910518167314304	-0.1668979260820868	-0.2931197441623601	0.1043885806254302	0.5549750713615184	0.518853138575436	0.4324548730545398	-0.4909174533245486	-0.4838242082475292	-0.1564852998797051	-0.5709858904363055	0.2073615153014763	0.3693002320706174	0.2691458223204964	-0.0145668961948654	-0.0009241346331367	-0.3169076046329258	0.0168947321138522	0.5857298676182731	0.6696696277942805	-0.1880452334937691	-0.4415570944363417	-0.3865827888397641	-0.2635774310120489	0.7716095736146571	-0.4241103788710908	-0.4192284291212289	-0.2831854798050565	-0.391097542914579	-0.2146460708248019	-0.3284014696218017	-0.2343417814962151	-0.2908260661493347	0.7706866257166506	0.4523331754276085	0.7867037762786055	0.6868927532949572	0.667129200643233	0.3046792255333953
sub-005	0.7653466720098828	-0.0233908040129096	-0.0316040910723278	0.3001770221017468	0.1971839404905597	0.2395178028137642	0.0962823806738915	0.7484591521799941	0.0298073504912003	0.3862017732578839	-0.1016424950200251	0.2672840804680546	0.4541278567179082	0.7281602803159534	0.3532995718372106	0.3254939490064595	0.5076918999073688	0.5334943284294661	0.1610570528779523	-0.20629049166622	-0.3283970544349138	0.5569025259110062	0.3447243156000086	0.5227206155176558	-0.1734087082315735	0.7028745085661875	0.2946635038095014	0.6584816630281286	-0.3677099203413873	0.5226267695173513	0.6103776373625134	0.7975888782413864	0.5256099268455782	0.4161021934477538	0.6452967853486933	0.6711583563084697	0.3695266259107396	0.6573326462788761	-0.122423474900071	0.0113865008891694	-0.2903769119264895	0.6416313036414851	0.0916057677901625	0.0818157076501084	-0.3902405235383288	0.5025197528760487	-0.2683979349127265	-0.0924695011652573	-0.1941841354356444	-0.1765978251423307	-0.2088562363103642	-0.2754681268915607	-0.1455966973957295	-0.1119377177225111	-0.4682347595789227	-0.1197298393579629	-0.2184465849269436	0.7868723572502135	-0.0274106533059224	-0.0297283317549348	-0.4911536109001912	0.6922015233251623	-0.3335651099346757	-0.2492682266602305	-0.1740078966089744	-0.1442989092062453	-0.1325712174984804	-0.3253733223297201	-0.2260338541061423	-0.0899434313838618	0.4054802664749743	0.2340977030142806	-0.3647483626887013	0.481674957180266	0.2044671553504509	0.4357274279116764	-0.4281304014067462	0.4459925669281686	0.3328096136952448	0.3558894437238026	0.2730174985357061	0.308581052792996	0.508546918505552	0.4630691844377985	0.1527036532733286	0.1572701952670064	-0.0602780655527281	0.3498409157797885	0.3453089547900914	0.2427020260064519	-0.2359265027386736	0.3344604721918307	0.1412605427019195	0.3171179572719639	0.1596680075052816	-0.0526045343324226	0.1567466711181783	0.3358700337931419	0.1040789622712362	-0.1699672703865027	0.2985430680572206	0.3620910760321326	0.6487827040900872	-0.2810606087164166	0.5649387703419017	0.2765379108059578	0.4188426241095782	0.4038788334449578	0.5467522222987042	0.4633494150209485	0.557497840787339	0.4946690909003661	0.0838554107480343	-0.0147480336932021	-0.4310264345924806	0.5253455930000324	-0.245380231767699	-0.0824906200290624	-0.0245880614837824	-0.0727917812470548	-0.0025619297421772	-0.1960326802128971	-0.1095284162073565	-0.0124312628106196	0.1143743907147442	0.4038719738605761	-0.2587668680805326	0.4795346717515645	0.5256478999434294	0.6087423060710102	0.475393787026422	0.4764581120896322	0.5803380429806696	0.6437811320242524	0.3439210948095416	0.2308066829979596	-0.096559149561203	0.3321988994302877	0.1780364446397478	0.2059712348216837	0.2061116220900962	0.0189480646817509	0.1307638015992332	0.2843424332948522	0.2354761287365064	-0.3212024586919786	0.6037723023344159	0.4985593016763073	0.5496540266468263	0.5404957845785517	0.4458983168921664	0.6005549649769856	0.6013333526817697	0.3846646299834139	-0.4794069305129226	-0.3673140500015811	-0.2540661059429174	-0.2808789373395003	-0.2928329710791116	-0.3758654373944204	-0.3044540450161173	-0.2316909192415377	0.489147901370174	0.4654653316141797	0.5793617379211455	0.5360912019638833	0.5732084056698544	0.5848394279239634	0.4454095058586995	0.4939165975826254	0.675004414071664	0.3899993410697575	0.5440959117040647	0.5141652429939952	0.394297328704192	0.4888372409826092	0.3569777251911354	0.6276299551013675	0.6309418484528041	0.3058027435516756	0.4166661885910928	0.5064477077341342	0.5422425496919581	0.4498982056895868	0.6183537653036453	0.5445623839346909	0.3702942011329687	0.7859717305504652	0.4540687192510558	0.4490208837920068
sub-007	0.734676168389749	0.4496741717880194	0.0586950952691808	0.2049058711076686	0.342260236994783	0.2033121288149015	0.3190332189995541	0.6313861108147054	-0.0622700894712307	0.4867181602329687	0.3368413413187694	0.1821269964750974	0.450831326785232	0.3536888536358074	0.4856165427687144	0.454231956897189	0.3340098394623375	0.424952917088984	0.4332281667921328	0.2762447650858223	-0.1706711781133998	-0.02679220850328	0.5643843199019826	0.6128841755321528	0.2857886704541289	0.6671524831676311	-0.1584133665498835	0.7694094361798084	0.2540850004194173	0.3909933291508316	0.5252502067313808	0.4754967946245046	0.6294943442419887	0.6216702115924108	0.6585673024365172	0.4857900403316075	0.4394254397886032	0.6904107772028779	0.7744164523895066	0.3565770467065714	0.0004129693680644	0.7816151520307053	0.4891610567029303	0.508294730650702	0.0658477735549664	0.7687965845921313	0.106660322670836	0.1255438029486246	0.346263175930413	0.2000886614608628	0.2129202123743761	-0.0807581528335138	0.3180473307581097	0.3360467657389775	0.7452677010663329	0.0321502479121926	-0.2922759809778898	0.6369862698470513	0.11420892161781	0.5409538187606333	-0.2521123198171817	0.7332614200131407	0.1604128512164037	-0.1329418620859276	0.3278784926901932	0.0374251075993528	-0.1248454241431503	-0.4424824644575144	0.088896200114849	0.0285588325389015	0.2318018608156777	-0.0175923838431737	0.7377631270242826	0.2538852138557464	0.7001203394351063	-0.214725401698848	0.741533956977866	-0.0258741360397731	-0.117882963609937	0.1849955583766666	-0.0298645456785548	-0.0496102679990863	-0.24888636712264	0.2532324520899096	0.1517917319195411	0.6081846742842494	0.4130482894693369	0.5524327646633111	0.2911124743750428	0.5134997482846129	0.3151232924788504	0.3208947142633316	0.206657693528141	0.4332235631920667	0.3736365073460185	0.5171780198952683	0.5377925517728538	0.5580349281131114	0.3842166738776863	0.2128119383525009	0.3771180918734012	0.0225986996507978	0.5872351827902429	0.0552614877440144	0.3557788960889156	0.2605278891452682	0.2919524709162192	0.4150369154416271	0.5534173069673732	0.727282651088512	0.4010617940562719	0.3609898763990755	0.5623793487725989	0.4832539972069022	0.1192577158388569	0.8010433936201827	0.2035838640027114	0.1542499812301379	0.3671781788981402	0.1914777474565309	0.2014358113464593	0.0008871664343876	0.3156599021337254	0.2480369619378079	0.1137220919840101	0.5015732362890087	0.4361780532974909	0.3019642667111377	0.5085319704208252	0.3847465221115726	0.3761555907365266	0.4428427350996029	0.3281972169547085	0.3754001508792459	0.3690399257816903	-0.2599313435724359	0.5391884020526557	-0.0277889540524477	-0.0944792953440106	0.1521327964938804	-0.0881237347781183	-0.1419302194505453	-0.3288876821633462	0.0146766815906375	0.0954070242016166	0.0225671884488999	0.5512106984932922	0.5773530779042245	0.547850649941862	0.7514499477406864	0.7193940020943305	0.7129656328377824	0.454529020288366	0.4372501206207819	0.1600694177942102	0.122407956832244	0.3898981204183709	0.1757882831478031	0.0809116550434615	-0.1264106404168909	0.3148739762672393	0.1763133170220019	0.2104391651128639	0.6552881620590794	0.5703160722037122	0.3910151208948224	0.3727702557157089	0.268950507765769	0.3810688801940523	0.2507847001590502	0.4856222535369907	0.4469090636310044	0.345354354440651	0.150183892750786	0.3653478122402689	0.5981446814152196	0.3334745569850035	0.2517102269058067	0.2619885298062569	0.3779967562605888	0.5357691550003129	0.4367567844457544	0.2570782109205812	0.4118560658636116	0.7044717677153717	0.5654660317113659	0.5151735083446414	0.5987579158905401	0.3968667712984716	0.3603714641279862
sub-008	0.7025938752978153	0.3924347785381274	0.3512152202885962	0.1247157192576513	-0.1400656986497857	0.1008038636802744	0.1128488955301826	0.7223000975348034	0.2675818841801553	0.4738536439605829	0.2642525461274939	-0.0494890749796649	0.1797060077386714	0.2427104439912477	0.2409783748601824	0.0139476116194962	0.1604345039078561	0.1637726917563237	-0.1039043500508039	0.1177695333647328	0.2734476595673314	0.2259566583209557	-0.3024812306978527	0.3210086271974488	0.2547154095136492	0.303774296057719	-0.1000427521914323	0.7772208262791142	0.2590323234326694	0.298898155198498	0.5969512670019385	0.3839745194324622	0.4305657207325133	0.4723556134262019	0.6414008218721388	0.3177275636438211	0.2699065678489257	0.5245778962258686	0.5026002895344474	0.5248096418481276	0.0533303257217345	0.5649274467026982	0.8011840950578025	0.583206085546119	-0.1153284521157871	0.6041420707359089	-0.1102113435723961	-0.0128364319671613	0.0950643160137358	0.0718723823640192	-0.18513168497962	-0.2132090318923786	0.0213626967022888	-0.0931444924137123	0.3404414988890712	0.0250349061762576	0.1790261457142522	0.5319478466561443	0.4768055182954152	0.2365232752039636	0.107181182534249	0.6270264065992759	-0.0835003858161805	0.1493996621082342	0.1226640625108902	0.1644726714147955	-0.1264125179130915	0.0827641460003157	0.0086689469519949	-0.1008794675740286	0.3414870671675055	0.1456198447715685	0.6323032133515232	0.3879825992358687	0.17393636740672	-0.0134433473758556	0.7129332408043726	0.1752514109729248	0.2158152657431526	0.1464286593358157	0.2553513891000221	0.2206081231101087	0.067786443562974	0.0990157342222902	0.2348147064333354	0.0766132809907277	0.3268181525971646	0.3027295764318543	0.646526517833625	-0.3528050415428039	0.2704862762941125	0.0863097745084238	-0.0954266645379639	0.1455845287031392	0.0505431974047269	-0.0168660962725939	-0.1742676591723755	0.4051286811892966	0.1702012688554706	0.217648951542402	0.0355622762888258	0.052153976967951	0.5374585992973725	0.1548408313524819	0.5646528121888995	0.2635728011491903	0.5885306977395528	0.2677825160911335	0.361972175454563	0.3657622638869636	0.2806278687554167	0.4910684541359884	0.3306422040258572	0.1298171993135334	0.0531721728477893	0.7122515712337649	0.1703820125831472	0.4393285356279651	0.2571851525201811	0.3831266428961267	0.1265835069851637	0.1554914172716183	0.2470034852491737	0.2124385267069297	0.5911825111248759	0.0437256170998962	0.4799533927434098	-0.1126078706922698	-0.0401738978170835	0.1627185480323675	0.1084853108219965	-0.17549134471263	-0.2530469178270214	-0.1026434196097368	-0.1253749727278559	-0.1846476402603797	0.1955049904294943	-0.1151157055375574	-0.1984105150843903	0.1006762900547755	-0.1543189664726276	-0.2318708008392832	-0.2495898469022539	0.1142652267269373	-0.1227319508918394	0.0418258674556897	0.5279486797276342	0.5480099545011129	0.5816492189405472	0.4713790880065592	0.5154137562731076	0.6357325911527887	0.3300062498533792	0.4451236141257071	0.054731484350567	0.2715802719075945	0.1548637233904383	0.2724037630907687	0.0230220015385638	0.0668749451672539	0.1538781708644569	0.0536155567083108	0.3055124994287436	0.585520888118398	0.4987738332372125	0.5804454416538035	0.4390220849281401	0.3158406737142918	0.6785833660089721	0.3912856731082593	0.562067286741923	0.5104473125857011	0.6769252955550211	0.4831808962424446	0.4161738974371939	0.510344327300419	0.44285610216238	0.4194667268553841	0.4064651958512308	0.5098700287684931	0.4386404462816007	0.4462567490778029	0.4515783374476068	0.3707372620510798	0.7300141170747114	0.4078676045511662	0.684661598877266	0.6502750736802176	0.4633284946147908	0.3148673385055751
sub-009	0.6200058059096312	0.3726946241243104	0.4840971072385735	0.5076063421153122	0.5725799946582651	0.5247895893828777	0.4142415294618214	0.5773934694169357	0.3104996707590454	0.6161177161485504	0.4597660897260871	0.4917313831544729	0.5694270387020797	0.64619607044481	0.5560408915725507	0.6296514491676726	0.6461661039079254	0.6844270260109538	0.500294550635231	0.2094873656043248	0.4819800320405485	0.3641426163189247	0.2686900469525872	0.5400930342935852	0.4621809341086831	0.3067082077392787	0.201396045362478	0.4397552335822265	0.3905373027850419	0.5082460729738554	0.8344505412760268	0.5002029103543859	0.701115120326014	0.6305174224028071	0.4982655641073779	0.4565779780170207	0.3282547777208855	0.4689067495511383	0.5786881270839511	0.4856878041251075	0.3877309641373052	0.3753551835856911	0.6771460127792789	0.3279540846588653	0.249569355386548	0.6370934468524141	0.1033437798396567	0.090755317682422	0.2610135079976654	0.2304574798143817	0.4729640802943555	0.4656327541116331	0.3480791667191855	0.5404518264946985	0.3295913663889857	0.3370121635582143	0.2683863438713595	0.5481809306001804	0.3013672899028075	0.3042075467218583	0.3216454433869451	0.7387024009704	0.528664907932846	0.5457284361376455	0.3917891179691544	0.3509952072166656	0.4495356784167441	0.4803912248963798	0.445729616331811	0.3102008721943377	0.5800268499594082	0.5931140001046162	0.3417003605477285	0.5709771541161712	0.4411471088942486	0.4761478436536175	0.5817170708908086	0.2270900502230287	0.2522695615454085	0.4622160834203737	0.4351069177639158	0.6112169469369937	0.6193838588026946	0.5498847292663366	0.5854189633445835	0.5728803861534258	0.428400805785741	0.5714457925727352	0.5506288589754543	0.5254693010758816	0.4728211920030721	0.3386953955815557	0.1652281285790411	0.5726783649198154	0.3872161120356657	0.5967479687548843	0.7451540310884639	0.7321564398418282	0.3846112346708112	0.3723852818101991	0.5275313235020882	0.4819409240475057	0.6001342480661527	0.4492194540322446	0.3750970863175124	0.3600862096817675	0.5997603536248665	0.6069151121131913	0.6922051806971525	0.6327484662482284	0.64031100911583	0.4436618773751415	0.315890000146742	0.4246987207296455	0.4167607610314976	0.6123177017768047	0.6205525284452016	0.3756274914441016	0.442972111677135	0.2507480718485997	0.4088703872946483	0.4934964306895434	0.4831581134395399	0.2788714993807313	0.3902518922294389	0.4921295706483594	0.4559634839609549	0.1761548452455588	0.1622350786343065	0.4690386601811745	0.3654519754928617	0.5417487202320413	0.5334747364362756	0.5207559438178815	0.4987989149346454	0.5432356851623305	0.4275589189846254	0.3937979050415616	0.1224468742061175	0.5776040577303889	0.3687853218952232	0.4696190617336823	0.6643544495196932	0.6062524061996076	0.2628915536474393	0.3441558035238239	0.5641279317819343	0.3191178201201985	0.8560806931549436	0.5812650654327577	0.584195866321316	0.6448967316211932	0.7060755790267786	0.5525738768775053	0.4346596979225492	0.3749107581776584	0.3825162893086156	0.2801543148854438	0.4982385054683494	0.5596250368554047	0.4727109065831568	0.3606072485387554	0.4578618412636118	0.6219846469470066	0.3962898742359979	0.3875398007177297	0.4443265763895272	0.5431001897280368	0.2484855196389755	0.3989106124902361	0.6399869707957992	0.549120434721595	0.4040532113256608	0.3476164279898841	0.2198604850724764	0.6037646469463824	0.663017060298734	0.720538326868241	0.7463798396597079	0.5343997314103098	0.6324763773768135	0.5513964219953809	0.5411397403104616	0.3730410265071514	0.8243421668860961	0.7250076715507441	0.6210542384072857	0.8614022361310407	0.5424406423314595	0.4728253661011026
sub-010	0.6753263944767007	0.2073220325946719	0.1723292309762197	0.2842883356683698	-0.0397893665412758	0.0819469572218412	0.1385035761793983	0.4598228196198428	0.2588945287250788	0.2029959550886519	0.5606791017940927		0.3313411807359006	0.27390478307209	0.2843295569418412	0.165632598684038	0.0149670424955615	-0.0333647496805999	0.1661921749727665	0.3953942137350713	-0.0223828362749452	0.4934378615910491	-0.164195374875916	0.047249405331171	0.1036135592769778	0.4120828550952701	0.5382480755248626	0.1339641591819116	0.6889516109459314		0.2626644774305276	0.0699672780700529	0.1574858320114002	-0.0115891272316442	-0.1388153431548248	-0.1996683467432903	-0.0558638585552784	0.4657430794486863	0.5056460466181042	0.1459301264088852	0.3749580067781432	0.6600256842612269	0.5943313462572856	0.1423641263531553	0.3877540500155469	0.4518212734272364		0.4371605733465808	0.2150094024090292	0.5326975415022621	0.2638651427058575	0.1427580494119097	0.2328833333716365	0.1453458255185477	0.1611634555369962	0.2187649950490361	0.6527052289571298	0.806645349076858	0.321414521484926	-0.1130410226738599	0.4675142640986646	0.2142815781412764		0.2016083735595409	0.4278032256933928	0.6442418099715123	0.6228663200741902	0.4771673511341791	0.5967674032652981	0.4382800701086034	0.0418490327386739	0.1111035124821564	0.2731892394663276	0.4413431872720635	0.2996025245031871	0.1647306866391771	0.3941660857423569		0.1167422178229262	0.0507692342773689	0.2344933760241952	0.1146888303158483	-0.1393970047960417	0.0548359761786389	0.0518094501090527	0.2974794126263866	0.3361219017602331	0.1558864203620002	0.0727397751790438	0.1739938174219159	0.1974742236611715		0.2265688327315407	0.2386766560481418	0.2943160667930987	0.4640214048277256	0.6054390005890498	0.546335518088708	0.3118452909840277	0.6161557342658938	0.1946158745650599	0.1218479424571664	0.7082897393916492	0.2256131084109366		0.188918890354919	0.5031920129358879	0.6503517973441734	0.5317442476031641	0.4455684298235584	0.539909064707031	0.3647964723831642	0.4485605693791968	-0.0970351526117882	0.4933664552546845	0.3636198775564525		0.4077771883953089	0.4019902576623537	0.7777083312654774	0.6666809632859679	0.5343386476326647	0.6522861817163391	0.3997760246612821	0.1074781974415798	0.2322265360594727	0.2641298910186928		0.4087441730008961	0.2611074916092529	0.3905764702699424	0.3360245021376453	0.2482824012169412	0.1697884030987047	0.4181241740941333	0.0137637097167732	0.3797215887736291		0.0845048861689122	-0.1065907502836674	-0.0238769367120618	0.0356303341612324	0.1126641299902661	-0.0030743481846711	-0.044340517734163	0.1984105967546485		0.4605883977750759	0.6101928711250609	0.6177402566427775	0.3608356207825512	0.267693458510921	0.4300408362324517	0.2071515449461112		0.1910976861621529	0.2224082743721028	0.3558843316155039	0.1291904809409844	0.0600499200476919	0.1485281527844119	-0.0615220598687583								0.2243244848586797	0.5768643188603467	0.2592755103639962	0.2850959093246977	0.2581144061279033	0.1615895824194695	0.5349882375671343	0.3821026023984	0.3628323704971081	0.4414493073211134	0.357166480220412	0.5043458935080226	0.4363284088839281	0.5268014504712731	0.3364456976191245	0.8330946216122664	0.7247070513934879	0.7346067133991371	0.7744051331351667	0.6768846766697134	0.5141645626269491
sub-011	0.1233831967482334	0.4970542336692147	0.474713302426528	0.1834569366105252	-0.1563018754461767	-0.1509181584442297	-0.0867874189924404	0.4477331349541543	-0.1659641534754433	0.1895285763888766	0.2661888271687739	-0.158672420501798	0.4225341708844253	0.5250235097801813	0.1613814887612875	-0.1946791363765527	-0.4642691322845121	-0.0626789037591751	-0.0604201208103143	0.0896159052740124	-0.0873640942469705	0.4205005142279314	0.3427280214684544	0.7557155261498595	0.5343337967701492	0.5129929310093682	0.4319531102449702	0.7856343215556542	0.247087636912404	0.656450973506615	0.6271971339939685	0.2751005722221915	0.6160988260405207	0.6608360990549262	0.3656675536815739	0.4546986296581244	0.7247168692055115	0.7892603445084969	0.3591369433415201	-0.1003793586550304	-0.1618812769831945	0.1075466752762737	0.4429588096743905	-0.0814750370933482	0.1246190808300794	0.4837780124144261	-0.3073818157466995	0.2715923091974808	0.5316623991156385	0.2246301003891432	-0.2522215359380922	-0.291752168472127	-0.0329274500556878	-0.1143451603931259	0.2939565070540582	-0.1298513095586063	-0.2806540654930685	0.129558285983982	0.2711584276995695	-0.0987674429317947	0.0025188095767155	0.5615216213125469	-0.4659845811627288	0.1885594171392597	0.5502207828842501	0.1282432817740074	-0.4086875109294225	-0.387632415435215	-0.136678496135537	-0.2415620607609927	0.5009068103122309	0.2247461937103051	0.0673737718442087	0.5221299583534459	0.3893724280767581	0.3509103891711057	0.5762558458595658	0.2866514791247733	0.3177404115484555	0.3378687352208909	0.229421024264121	0.205352068493694	0.1159594304856543	0.2817071845193733	0.4217038185168245	0.4303681921331409	0.31716066313522	0.2343523121801485	0.7042671580339052	0.207708186820042	0.4149388864840289	0.379777532289379	0.0541413956334238	0.1127503065500322	0.0394264790817341	0.426829287047074	0.5312650794491826	0.4683932051179277	0.3537980980714715	0.6203004698233026	0.3298011518147394	0.4932429510008597	0.6595731083878953	0.0614928261704545	0.6458548429151406	0.4201488410734944	0.0454583692707304	0.5274339153633154	0.799408239954155	0.4226323687234669	0.3262722461559618	0.703306362792172	0.2945595565748971	0.4331119003624487	0.3208105677670935	0.3219704558719301	0.2785575879766784	0.2878834176791831	0.0578035483343895	0.3441929366626751	0.4372737207503249	0.3009127893568061	0.1533105182294646	0.2510062216601119	0.100130248342153	0.4407676356007589	0.2269043305122692	0.2592780152022256	0.535745088829561	0.3146872735090253	0.3815482603631956	0.3180484691510945	0.0214142792039454	0.1391860990221943	0.3246491888480267	0.2388414112291991	0.4245312361917075	0.3728634293942844	0.0383227848774322	0.1257469259385744	0.0741518971149293	0.3664569884258001	0.4762784231931065	0.3248461296659267	0.3311590999801843	0.1562417104991675	0.4659629766467691	0.6415220924832424	0.4314556340947291	0.6990644160515571	0.514670590635998	0.2185519195139818	0.4223797081911005	0.6526902755847214	-0.0686424081112847	0.2064865497736465	0.5551501612514372	0.1511123184707377	-0.0823351245693017	0.0014789528603436	0.1966812791356224	0.0237947241014008	0.2703718531303525	-0.1859749567665436	0.2803726740191928	0.7274089215550122	0.4631891713703906	0.352351470941525	0.7152193808221755	0.4650409629425599	0.6465380055721557	0.3422664976140591	-0.0964531373348212	0.236219098938212	0.4316565220973717	0.4527901161628632	-0.1148797997039646	-0.1986496911072024	0.2427993214734137	0.063121125789474	0.3496535378017338	0.0845425270781711	0.3153366294146753	0.4376755746057045	0.5170011150182829	0.3662955845058083	0.7267662863914106	0.7287989146506251	0.3327156860044365	0.3883786589141838
sub-012	0.5186268849889162	0.3767019113639636	0.180704523442881	0.5733393647594668	0.3930001794341039	0.3234038575040647	0.2071319391164062	0.7608176194732509	0.3123657990039437	0.1889662491240962	0.1692897903973732	0.0911613601773544	0.1127233496269361	0.0968126268992542	0.145286484198526	0.1439340689630255	0.2593430798899024	-0.1287159266870953	0.2087718084504046	0.4354318518426193	0.5240641622933503	0.1697852002214212	0.4234715247140858	0.7301038036193841	0.7726182576788004	0.4518662859228227	0.1564959849775415	0.7797857624712977	0.4708786203491817	0.5620273762245546	0.6243445081886115	0.4806103328590478	0.6738700566113175	0.3669732835107256	0.2529197046412053	0.364354168145761	0.3050032735102386	0.7214554213504502	0.4404607856092519	0.1880908940539311	0.288933305639737	0.3584755671429909	0.6153498911187842	0.1007190430200297	0.3075869470158675	0.3888654249638936	0.2990308868940505	0.1127688363439107	0.337681573178946	0.2905014995110324	0.0711585294574495	0.0305975400606556	-0.1513122562609442	0.1080774604086388	0.1610135611269187	0.2116880550372939	0.4052327651562221	0.5204964235051198	0.3504903918344865	0.0345784953309952	0.4694869892041083	0.412508838349633	0.40938216427149	0.2548821888886646	0.4974932166325164	0.5205562446505957	0.0996851070407084	-0.0647385000804115	0.101155814178797	0.1837351680238454	-0.0488011555965828	-0.1750998610909492	0.0341882904478674	0.686248679550843	0.4461460373178481	0.0118052126170504	0.4564894822314044	0.0354098398198035	-0.3130264954132541	0.197973768689471	-0.0131231300290008	0.1351898510504792	0.2445057644414435	-0.5044624461781728	0.1467052250397367	0.6576153704430114	0.2044444813120775	0.2805930977075577	-0.0719037171668267	0.3285001021775143	-0.3493624259225218	0.1468928961191004	0.5205857437396914	0.2214081867174044	0.2540774443248828	0.1275393477593823	0.3069861356493275	0.5604684230506911	0.3411140031190231	0.570874898694234	0.3006779440198803	-0.0847512587038367	0.7400285414926253	-0.072598988285521	0.5396499071830406	0.7353486471347915	0.3230499464757719	0.5909993074577328	0.2371860269475343	0.2714948538230339	0.5132243895226002	0.3079849497348823	0.271250331673758	0.1996629480344579	0.7843551264402876	0.4863779554233773	0.645136147250578	0.6089593237861098	0.4294321977864785	0.8258493419893175	0.575433935751785	0.4066875447364301	0.4572389920044159	0.4718644528691372	0.2475999158776317	0.2710173078025897	0.2056776491405519	0.2645836183210838	-0.0305263458788713	0.10940612548224	0.2439672108845437	0.1610987757177574	0.2291879256827959	-0.2604710739897635	0.2283148674144161	0.1482697710686332	0.3947598809203106	0.0479767215403798	-0.0010582677412263	0.1066336306893861	0.1771619137693135	0.524109065332435	0.3198371743610713	-0.150763761246847	0.2777809633541535	0.3264128951486865	0.7774748839517638	0.6588009358608203	0.6003824706166376	0.8225987031784433	0.467765205161207	0.3064163772540883	0.4095952149666449	0.3301978527226518	0.2833682013917782	0.0359353241712411	0.3909317876704156	0.3666986184665592	0.2955638506596504	0.058407631209458	-0.2063977999037126	0.0814121403164996	0.4116427847057111	0.4625287096536619	0.6979076065810977	0.3348487172339356	0.1906581017207589	0.2389658189123631	0.2063690307079223	0.4752590651917667	0.5529727345735408	0.4624772110559442	0.3965198599492766	0.7229859704944537	0.3866868615028255	0.4751951602044643	0.2719343113210078	0.1372546639655817	0.2289913290006501	0.188733368595531	0.5339273787749099	0.3463540917961855	0.3934366149689666	0.4697503719034347	0.7321287521085955	0.414426252344745	0.6614532050521754	0.3966154007633418	0.6474696101265808	0.4125763738457014
sub-013	0.7939476922031804	-0.0720031683848709	0.1059700689091202	0.3501564194237359	0.3348627958761718	0.419125303317613	0.2813887631733908	0.69037539971139	0.363710228240569	0.4911492905213039	-0.0449717416990252	0.4486079423770768	0.6390311715981063	0.3802229406315102	0.5978136739193277	0.3554182079169207	0.2157452623714561	0.103432160655121	0.383044910949035	-0.1811671493497328	0.2506537917682117	0.4151694163094659	0.4360925033637025	0.6803297231053622	0.5478598133908735	0.6294190005067121	0.4597307794947268	0.7459724395218678	0.0986523681425616	0.663835084727654	0.5746639505201202	0.5799043023208265	0.706136460507381	0.6010389259074805	0.4051262145998687	0.1268233129272744	0.5432944448060132	0.5999307095171116	0.3965041188295259	0.0052482518981888	-0.2534172927694727	0.1422569886948505	0.1519879012154751	-0.0372649770887277	-0.2251099363212243	0.5424556484139269	-0.108248400875301	-0.2411658768676163	-0.1143725123745047	-0.157049648426701	-0.1615430298811511	-0.1747259866597081	0.2493562467949141	-0.1490276915885599	0.6809491337023879	0.2922228055148934	0.2321287999257831	0.673184815100805	0.2672641600565218	0.3964912564828895	0.2566905587471928	0.7519707901772524	0.1454514673784852	-0.0713044565292723	0.2283114673432647	0.0449397818233956	0.3069124358729247	0.2118238747176136	0.1979278207077253	0.147352054932306	0.4934789703486886	0.2220349486491718	0.5123317585396172	0.4281081311404315	0.5400187743501141	0.3644854633974211	0.5034826466292254	0.1769676839815566	0.11702602080333	0.2786648220046679	0.1893759934825644	0.303620512937756	0.1433976977048863	0.178962759408385	0.1563493644730253	0.3648679993728224	0.3660508617013084	0.4578968607537024	0.4352134162744965	0.2743473662628551	0.2749281404816237	0.2111309430871071	0.1207057752880715	0.3413574065861029	0.2437182515314956	0.3592212609406142	0.1741706174408854	-0.0432701004822748	0.2733677604377916	0.683379423655389	0.4778424805387131	0.2861667386365109	0.8465838150262094	0.0445776232229725	0.6532853584352412	0.3700611287139152	0.3003967787358711	0.6105872719800464	0.8692180810590115	0.5364885499432892	0.0805495113622035	0.578442727331157	0.470045190747246	0.2930690733830471	0.6341454817218674	0.5038457373193491	0.4093386551808794	0.1589989322408351	0.2260663378228095	0.3227360002489606	0.6639721386234289	0.3906233017006678	0.0246530443054732	0.4796716977281456	0.1909889932010523	0.4377222305612716	0.1339964544180271	0.4457238354691479	0.3601636328291778	0.1974358974551991	0.4955285382821807	0.4453710599144593	0.2183336946934979	0.1048366371679124	0.3985843221769642	0.4073377644950577	0.2100392991410508	0.2441239009764791	0.2172401885294909	0.5328515718528178	0.2522177723511087	0.2856544126030304	0.2476650783754544	0.222231066838475	0.1035338814497794	0.0210706873678223	0.6745802625872851	0.4045895702965744	0.4098731600163773	0.6096430290866868	0.8170725057078184	0.5132650917673681	0.1693128689494608	0.5515456662988913	0.069648170524857	-0.2024632405042492	0.2093423014675394	-0.027455280890521	0.0794160543035447	0.1121065808194467	0.0697467080647433	0.0518771914621007	0.4209373328262032	0.583401716594855	0.7637643801687973	0.6317238649971038	0.4369416497445306	0.2687821538282103	0.4539256968250644	0.2892297614594484	0.6085289437566895	0.2782391632714009	0.1509356064678472	0.0482656710404437	0.2987855590487164	0.5003095465059173	0.2905496624279947	0.2752043148845395	0.2647176040711418	0.2245815237284129	0.4950321083512922	0.2725938516186524	0.1087658790875733	0.397520333522257	0.685539546211072	0.2726383990155742	0.6142384296931456	0.6055496757424789	0.392837391686866	0.0871028436539119
sub-014	0.5774934181936315	0.1454945249825723	0.0347415315648993	0.017870648999907	-0.3042910452311876	-0.0549107015407558	-0.0834410167633948	0.7752832043023983	0.180077845710322	-0.1957651258143992	-0.248794731944459	-0.2131398354347233	0.122094287651023	-0.063660493410963	-0.2161459994956354	-0.6418370913384646	-0.1092147414520222	-0.2954060158833573	0.0296245151188572	0.0040971324239621	-0.0785326664105156	0.0824146887614851	-0.3046132622911198	0.2859302845289272	0.2413603919689659	0.3338891696096923	0.1836779349994334	0.1495076171630557	0.0122563252126542	-0.0959715089379159	0.3495108590028875	-0.0234782187377158	0.1149542702618569	-0.0685919318767805	0.2637058819681403	-0.2874288072947728	0.2598431718017444	0.592034570628216	0.1471949981380141	0.240417394918017	-0.2533328132657076	0.1460124522029717	0.3171890474143994	0.1992968339846712	0.1683824985126178	0.5922050552015617	0.3057181191458775	-0.0178046857378713	0.5328296127184972	0.1413593650123244	-0.042201214496731	-0.3370821495056366	0.1463996796758451	-0.0607533334132774	0.3569770148070575	0.1389379253896061	-0.2271656699186308	0.4623570458686682	0.152853426022748	0.4104572482812692	-0.04834019832288	0.5184120271661026	0.0218069100491333	-0.0163503637149159	0.2400370560344489	-0.012503050168861	-0.015567154566852	-0.4022650885504542	0.0488254174182592	-0.0812424573433197	0.4879091797348492	0.2933882385815394	0.3986082904023997	0.1872970374743753	0.3517376017436241	-0.1231233704412293	0.3387737000475445	-0.0229467272311076	-0.0197281287303562	0.2246805407366069	-0.0478498151570297	0.2683701720572184	-0.0114472987411768	0.1390381009930974	0.3564902416989784	0.2386347176192303	0.1288021416623999	0.1711650030421357	-0.0317319649209958	0.1328893237369756	0.3533711509658492	0.3963374548560029	-0.0033845681162166	0.3823653858013469	0.3225398323048079	0.5523086357758247	-0.0016934554048178	0.671379193512327	0.4239553981772012	0.5379438213102079	0.0222338909003607	-0.1025270721754078	0.4245280985470719	0.0057809830678865	0.0760775242223097	0.2261497468773135	-0.0465089530813793	0.3405950811735213	0.4554785951370079	0.4996902338994025	0.1431191528652765	0.5796805521628193	-0.0189171625068692	0.1538244941841754	0.2303424044288594	0.4250682624686893	-0.0970591959914575	0.2001891488229433	0.0585610039326367	0.218916449194294	0.3552272953352858	0.1296024852601573	-0.0052403421442654	0.3605945860576265	0.0064848386864449	-0.0241988176226576	-0.0536502719105061	0.0559061010345319	0.0968183067376585	0.1453807591948676	0.0195191327226338	-0.4721837783696636	-0.0739797130695308	0.2327741262314069	0.221688514840203	-0.1357586697098613	0.0263592095508674	-0.051971932790614	0.0175618802559974	-0.0312642463967441	-0.1983424119764641	0.0542143479414014	-0.308125585805337	-0.263763733400658	-0.0144103424553136	0.234047790745244	0.5305143085147654	0.2059306472308008	0.3802127263145327	0.6927676973400725	0.3524391341274874	0.4089681790623459	0.3659459665024842	0.2242644185960912	0.2511925011165001	0.003909544661978	0.3887359590429281	0.188236855659167	0.3706360111512964	-0.1058532056114204	0.2500297500942295	0.1064744319036131	-0.0237157652084235	0.4445497222318902	0.435107841995055	0.3229018042926135	0.1209931034641732	0.5260012321071894	0.1474985937091286	0.0798564906819835	0.4233804453659534	0.145070907770478	0.1392163515298003	-0.0116998799240955	0.1222673563268657	0.4724329050776558	0.1859798847582405	0.0098070757821405	0.3247451217015077	0.1170652282680724	0.3899907022490719	0.3124710866573553	0.3940568608879177	0.24141478267786	0.2986876998233678	0.3239948630714627	0.4357737944303335	0.3118222038065834	0.2946192785608067	0.3208676246894104
sub-018	0.6454936315046165	0.2253015611111518	0.2556913944866903	0.5615480559097927	0.6047937217345756	0.1328074494324407	0.2217839104299883	0.6745704702821499	0.4301732309357243	0.3143295366104814	0.0914607089559307	0.2765320966929631	0.4363968386050195	0.3766316230647868	0.2525487417284665	0.4052367897562848	0.3774620109765449	0.3771867147862242	0.6024921866186349	0.2745237513136859	0.31790653071235	0.4892738692434715	0.5100017474566247	0.6187302607045533	0.5385329619868215	0.6842102483846583	0.5961771570056609	0.7564795525656155	0.0042742705603053	0.5035801713870443	0.5479264140690246	0.5246277152788356	0.5184292413478009	0.6945483652202611	0.5198413889102954	0.3574215002950573	0.6938958743387291	0.7282612422015858	0.4596764448966317	0.1858670146651007	0.1373492215593405	0.553333477772705	0.5625299107615612	0.0991381221155716	0.2037133075875012	0.3574123229610704	0.2055836055317714	0.2007762913355749	0.2210846108116411	0.192566801583531	-0.1136850282620155	-0.1117132710716444	0.087989744143852	0.0411238011616613	0.544486385415121	0.361387116797329	0.1971167802369693	0.594257572013271	0.4834528992744593	0.3074993790556669	0.278446442241673	0.4803932113366241	0.1670932082797868	0.2693624088161468	0.1990428976405171	0.182014462645482	-0.1090714278573741	-0.0911261283589349	0.1392057178943742	0.0274726419111494	0.5699949236226421	0.1284831021278477	0.3776445019455881	0.5561602766840955	0.4933242571533205	0.2205380691488075	0.2087345506837415	0.041434572418431	0.1541632199165273	0.0904907425834688	-0.0166438124097114	0.4048957968404438	0.325394713490814	0.2984131382980066	0.5296928299128167	0.2224154354132959	0.3219655740362075	0.4274532881501777	0.5743572247481284	0.2297518212905002	0.1390841314749639	0.0293101081271099	0.2422628396099737	0.1682102036387952	-0.0040126741878159	0.4430994517873826	0.4615467560302156	0.4460101536299198	0.5503144224669357	0.6447787040475913	0.3478830367431473	0.405206759919896	0.7115358844467672	-0.0380168181404679	0.3641162343087868	0.3396566145760104	0.3474240104412938	0.4447114631073836	0.5128084235410909	0.3113443383529526	0.1307327024592748	0.3749462220010632	0.5937714443918202	0.2962612960394737	0.45491544781247	0.2775827367501354	0.2139686582895658	0.2832111322134842	0.1760842437429499	0.2274617200201701	0.241472135106485	0.0252570030929195	0.0557119997463505	0.2437794078351616	0.3382035279677668	0.4449422819748361	0.2203918977111211	0.2904318248011028	0.3474471806246323	0.2885930219652424	0.3075107319212	0.3905741416741232	0.2097462183281379	0.2357082582676341	0.5404951974817034	0.3806880276255209	-0.0181515448525332	0.1668726033841749	0.2373575125104091	0.2327099608584659	0.1416048491651637	0.4860668106205036	0.5599739007670024	0.4229450847310883	0.5058754170478277	-0.0267972614854014	0.6606044186673037	0.5663971814703228	0.5935428436107035	0.7233961210147135	0.5164963593518522	0.3465352238720699	0.2363440301857972	0.416133939586493	-0.0017075906644474	0.1636592502952292	-0.0565073101378481	0.0105457375695635	-0.2935211384054674	-0.2913385577661634	0.2690017385676818	-0.2342721217245864	0.6191465307224077	0.7565432619150437	0.7674662411764827	0.2090037336239621	0.1933556927047683	0.1654319449876546	0.2140878873085082	0.6352475731905171	0.7060895407947065	0.2297534162028367	0.2108826157636781	0.2897192566176639	0.2311933638014541	0.7530383442368069	0.1469142783808892	0.2904485081248423	0.2290877410734339	0.2184522956680004	0.1942189190875463	0.1169630742583249	0.1151209576173573	0.1474506949582314	0.6695240745249197	0.3340738802769101	0.8227154983075815	0.6748642396080495	0.6475934739008329	0.353101710310424
sub-019	0.607204167806221	0.3454162945896668	0.1304237254947918	0.0181116799959141	0.3146433623311621	0.2627063390183509	0.1482710801692223	0.2179323828207444	0.4267878586948448	0.1835547567352932	0.0706142851318128	0.2171413247471701	0.2547942526436417	0.1048849837231187	0.2551895571398591	0.324730312719344	0.2191461944069138	0.2787579521200812	0.2329290451701395	0.001907278318687	0.054641528112748	0.4779118773697084	0.4805077591499167	0.848532344361463	0.353074882658947	0.0826786224360263	0.7598640385533745	0.7804906372852712	0.2110984421644013	0.6962450492079115	0.6748309276069507	0.5975449249298529	0.7896014870034647	0.8483007578495275	0.7117070833552863	0.6216701280162331	0.6876799303514779	0.4693770634095204	0.0655871791256064	0.257509994218126	-0.1417528373164466	0.0878975089322038	0.3831522590252812	0.1090293154028951	-0.2465325981366391	0.3244771420008651	-0.194756615663488	-0.295755575489863	0.0079554106282244	-0.1885578716091874	-0.2538928119452726	-0.1133295188346011	-0.195325930582422	0.0648368592371193	0.4010538148831344	0.2662600168359224	0.0671607129699786	0.3704450374969546	0.3040687258372311	0.150938263199533	-0.0966007617352511	0.3970940125136326	-0.0014988214925322	-0.0977607534774356	0.1247284960039835	-0.0815307598463809	-0.0045658586272942	0.1072210480995711	0.1330930198062358	0.1628767085043728	0.487887964628989	0.4825125896885091	0.1255599156485471	-0.054956471737844	0.5620467111911782	0.366384283943731	0.2279268567015269	0.3847914311730357	0.3911021563898871	0.4365859909393035	0.3946040951284782	0.4913122011110229	0.493513731906981	0.4357898776161414	0.5152384803704922	0.4504037447350114	0.1381257668065439	0.2337323061227607	0.6090892284318188	0.328017467466098	0.2819596211076103	0.3092124307405691	0.3760648342972509	0.4639077306860452	0.399409374339277	0.4972410301859088	0.4848869051176792	0.4789453109698828	0.4855741082663361	0.4705566641690718	0.0732086071478232	0.6958639416495813	0.8853280433352766	0.2406309497342731	0.6409768112931611	0.6569086886974883	0.7150930778147876	0.788600412658388	0.8579764945626348	0.8284600407901469	0.5442492584114876	0.7362455430297026	0.1145563439447444	0.2716561566563142	0.4206327323132235	0.4710534055436206	0.3114839065692308	0.2519657891131492	0.2928775959692051	0.3660573725508108	0.3059986931392732	0.2925093687652413	0.338760590565538	0.2726011681912103	-0.0123111656885151	-0.0589533254315225	0.1057147314214621	-0.1161990767079503	0.0248420543269889	0.0898127828762115	-0.0179454498713416	-0.0009950209657999	0.1249932456858341	-0.0106624694620483	-0.0015557334547792	0.5332721671064	0.3592810492826928	0.5172634078600996	0.5050196255335684	0.6440812997571818	0.5943681092862195	0.6488235217040264	0.5560839958305678	0.5313325812241494	0.6374431439429784	0.1470389503489384	0.6787723294818494	0.6521179344889075	0.5623821956087409	0.8811547470383044	0.8308768424047388	0.7371103245648372	0.50767841294627	0.6880271288657566	0.1746521831081893	0.1035076838776327	0.4803464236401859	0.2123481042162727	0.0525997244009171	0.0882337088672208	0.1381896899070835	0.2684970643122299	0.55477787697865	0.4467188801397376	0.7475732432217194	0.6937180966699202	0.537026756233914	0.5858065683752652	0.5026575344954287	0.5047206991161872	0.7034465639348308	0.6726731606668899	0.5646901960968296	0.5146464137474758	0.4713669504791942	0.5880212595581943	0.5360589970987293	0.5279073168095423	0.3818957595849067	0.6036380836011701	0.7920826469026327	0.6582155969464305	0.5859286472611435	0.6341931800930828	0.8703930320768584	0.729538481915236	0.7061061915352244	0.6122436652604906	0.6189036696551324	0.4200388075575206
sub-020	0.737123588429697	0.3312174810872521	0.1487101451110702	0.630088336902501	-0.0767781695458263	0.4520522940633458	0.2592185256891016	0.2197889671417412	0.5802644032931626	0.1507126422185342	0.5575784588036243	-0.0631727697105246	0.1491933039951484	-0.0323623360678864	0.150586904252917	-0.0495858500743212	-0.0947283763674641	-0.4226569358068046	0.4064979951300912	0.2904410447836298	0.1092248735526215	0.5549654965752286	0.0061383345603974	0.542787325555513	0.2831923110029142	0.1696479892398796	0.704522753360066	0.3603854117710743	0.3223431676930788	-0.0742343865136788	0.4557847922497148	-0.0142785012958309	0.1451950878449401	-0.1699360662917756	-0.0346197851444948	-0.3426976739831873	0.140074532521341	0.7189478165213596	0.6039199936477326	0.1431690612203387	0.2352264159012513	0.5161290063112287	0.6954709590426533	0.2427060056013686	0.1420466411635131	0.5654400295120872	0.1894597225134763	0.295741206191316	0.3201000642042025	0.3496447014998036	0.2091555446994024	0.17504224456518	-0.0572915110181399	0.4366040218115018	0.4582531558750308	0.167299919963552	0.3169632058954358	0.6255584150478903	0.6082161698703829	0.2399415907890458	0.0989284645495741	0.4858129671177996	0.3654095825380027	0.2627347633307	0.376895129113243	0.4822033155997245	0.4358376076815362	0.3743112355240429	0.1329455341225694	0.450734249099839	0.0633951979437251	0.0964386005315492	0.2451614062526337	0.3312292961868568	0.5303841993493104	-0.1571975212832122	0.5676719528079597	-0.1234136240971933	0.087919987571459	0.1210329436100179	0.0545187622551869	-0.0549112590203562	-0.1556993055805118	-0.4916122347807714	0.3568070559176819	0.0709765750411266	0.0368364449635682	0.1343226166555352	0.1252534073811805	0.0901825116212072	0.1197518369663416	0.2421098857472845	0.1325560124016033	0.1878214867761937	0.1086222229201039	0.2156286790179351	0.2720102566460775	0.2018603526283439	0.0773803760523749	0.6221236472083869	0.3513036604334366	0.509549070545949	0.704815922794464	0.2574223137598767	0.489895018716104	0.5124766409086761	0.2425301474250163	0.6807910511765976	0.4076382368718685	0.5275473967119908	0.2417210457314272	0.3985612796507456	0.6560398034402862	0.2534522740541174	0.4627677074133035	0.4493767489483098	0.5698084030239293	0.5586271793839531	0.4266222459826265	0.8067388481802616	0.5429113818820628	0.6236286029638785	0.3132969158868167	0.5658449325542674	0.1306932579964621	0.2572578188617229	0.4724721202765611	0.4158121921500517	0.4228418559715621	0.4095005919177973	0.560249927507114	0.5396203536142867	0.4621707206802523	0.1969552115649023	0.6383420038746537	0.2106778120689689	0.3218769857904424	-0.0578756714188467	0.3161907853421951	-0.0008564202534702	0.1312877288879279	0.0504488724993313	0.0030684026533584	-0.3088964021384959	0.1475591226529121	0.1280809486388808	0.3738355005969286	0.6734992260462492	0.2774567305828904	0.6051735753377344	0.2347546906385129	0.5315815341266086	0.370390849973189	0.1425286577842341	0.1914539226385173	0.2585269752372521	0.3820222269016122	0.3477567804083791	0.2921201496332469	0.1678756681093447	-0.1602679168790175	0.5915894168461088	0.3214780729512405	0.5671408584323357	0.7476776676055	0.5549830187353598	0.6697804838643892	0.469812710695498	0.3817074949560092	0.367006329944865	0.5700349196203628	0.3253259580090967	0.5796056502201508	0.3365956582673687	0.2796271351243065	0.542777143445274	0.5257970568646673	0.5593720877708948	0.3872221539684376	0.4215088382006448	0.6372840398525196	0.7705592005573643	0.4421150528539613	0.5705679247544686	0.7592077981760773	0.5145377029440158	0.6998288753011069	0.7089161711126446	0.5028145114204552	0.1052456180159295
sub-021	0.7609965289099386	-0.1228889502664076	0.2548834506494366	0.4140899010243724	0.5110312137301916	0.2756537964227363	0.3731057343934729	0.5813890418641939	0.4877244047573489	0.2757041416820819	0.2396057626525457	0.3465084405825303	0.2010365705396266	0.4309931338190932	0.4422567857597345	0.0694439633039124	0.6545782999621446	0.2106060460452578	0.6032180930681703	-0.0552078589902844	0.3009439278478299	0.4147479275584099	0.6244014481074613	0.5243661487942688	0.6250101606975615	0.3965590627306675	0.3646455775403714	0.4839751625826443	0.3174325832752876	0.5394625271942456	0.4013639252335363	0.4843559413498324	0.5056311308474377	0.42034729150284	0.7801357280833413	0.3519153477572498	0.6991395085857963	0.2188309263189266	-0.0141230435717437	-0.1081818754270687	-0.2374905029708457	-0.1477572462347642	0.5438258881474467	-0.0888649676143228	0.0571983636396994	0.3560364926217185	-0.0953023297381621	0.2641504140466514	0.2237716957633736	0.0341858704710046	0.1174475095800421	-0.1644513771437483	0.4558747578865388	-0.4552194081628545	0.577522812976678	0.4351387078539626	0.1965199528673344	0.5473362056724878	0.204514336169302	0.346857496766635	0.0265256749243867	0.6788533703626449	0.2691465710475216	0.032046013249714	-0.068059087808694	0.0167091106181037	0.2440251345158711	0.222643353300698	0.1651515111557032	0.2216576432534225	0.6445658432834855	0.1998149178418151	0.4541929276487026	0.0965217518015136	0.255410667214811	0.0961538760021413	0.4355159263168955	0.3783278332499101	-0.0679807247350559	0.0685274372757315	0.1872413813506517	0.2463624243102077	0.4174315055971676	0.2056819238052169	0.5262324858273424	0.657428839743518	0.6793643513793862	0.0679779753958974	0.3062709050302595	0.3811965529183938	0.4004025212619463	0.5884947219234745	0.1894577029565423	0.2760719536340558	0.4664923463307942	0.5479130127917609	0.7137402759470663	0.5240264744273655	0.7125795894218468	0.6833807058907738	-0.0641690056147678	0.2352570788834239	0.4711717667436632	0.2271190045249514	0.4439180951700073	0.3597573908676976	0.2822309640791025	0.4098560907548958	0.5072919893437086	0.5962522016370734	0.3519433080474657	0.5093231866700036	0.0138334237727133	0.2499087491489245	0.259689548214994	0.533493707181339	0.5048268229222562	0.2841759459444572	0.0640465387313526	0.223728500031445	0.478330812711945	0.6314266313154798	0.3192856774939229	0.615231452558669	0.353225246200863	0.2196104234706508	0.3365203756234923	0.0271049295529335	0.3778463132101841	0.4896913528200598	0.3074939463171108	-0.0226245859186463	0.1831500185735297	0.4031226922301622	-0.0743788134096187	0.2092267933590342	0.3176897407435047	0.217340079096949	-0.1142956704015413	-0.1047186710682845	0.0539326860544191	-0.0217185787097494	0.1278404315701216	0.016820701045439	0.2031532094340805	0.1203093125838633	0.3455836936863063	0.4492610901178466	0.4253960412840328	0.7032995459963785	0.4889164445825066	0.3360693991542703	0.3594049745458883	0.2179193206838129	0.2369396773822757	0.1376355557057826	0.0553628608946325	0.043775454196406	0.2723221351644164	0.186865563154236	0.2969695047458155	0.1052024839394798	0.3517697269328288	0.2594684609662633	0.5233171698750989	0.4453754605502396	0.4667311610347338	0.2663206527933059	0.535015107570653	0.5144525399781297	0.5493442232710204	0.441311067376965	0.3532936407817642	0.4545820579147457	0.0918876144640414	0.7403729887771885	0.2449318785956386	0.4468264421827015	0.4108621867347478	0.1621715998103609	0.3653246313134221	0.4673020544504723	0.3914803406966139	0.3396600847780831	0.4256493394895194	0.5603931836481801	0.2871848923950182	0.4924674225663163	0.7267683077270582	0.129879181077387
sub-022	0.3503796373765182	0.1803994487295507	-0.0657648068212322	0.2428879650076826	-0.0656311635034576	0.2034444612941108	0.0274787119637156	0.4424950886022416	0.3260273203948681	0.2127880242020646	0.2723640662452215	0.0620059478024433	-0.1181636978673663	-0.0138852590692877	0.1487525755778773	0.2280378158311501	0.3320861646873166	0.1408358410659129	0.1500028123127469	0.2041111683181335	0.032735357352882	0.1523195959610765	-0.419366723270257	0.4352219904110745	0.2753954213206195	0.3921937143176449	-0.2696083044527062	0.2300531529246992	0.2145841019172422	0.2106009255823608	0.686548612911767	0.2005704512799205	0.2648989893093066	0.3193448420203196	0.4442146875558525	0.4455481236337271	0.2635099523798826	0.6271421836823767	0.6352758926543614	0.1640979627169875	0.1510255405959434	0.5219660316081032	0.4576500385777586	0.0637529313193329	0.1018922871048753	0.5853805927662219	0.0860095362567355	0.1907974711683261	0.2194794490871284	0.0954203355554559	0.1411891643939768	0.2885434455525991	0.0986137662425563	0.0931393203803435	0.6460602218784561	0.2281503256667381	0.2606738147582836	0.5021097656862269	0.3478976250833633	0.0525365089736216	0.2501803552975641	0.3744471059475228	0.2704120027829097	0.2174942488869932	0.4540561193357508	0.2503362047504687	0.2940168963367776	0.3668343343342082	0.2079058188739981	0.3032039595586803	0.3236595468768326	0.4321648891276197	0.3655886919557756	0.5463007272733703	-0.0745097058369061	0.3688603163629509	0.4393306868807011	0.3060632133055257	0.1807720700911304	0.6453958374306238	0.3990821185032047	0.4536960775340419	0.5200523781934143	0.3112670383112594	0.3750570326303613	-0.0069871667251275	0.1610067957333751	0.0809771518058652	0.3295237285026647	0.1494451966768966	0.3352473316950285	0.0574729512438505	-0.2101550665966274	0.1742893100602389	0.258586463401497	0.0412771869079342	-0.0853413270391826	-0.0211832569883834	-0.027573460406289	0.6333630607921312	0.0715693852547381	-0.1976723691851298	0.8267428364537419	0.3128662596457292	0.6071504623354373	0.4805892647188056	0.563248865691646	0.7773652863101396	0.7642871553878688	0.7911344186508755	0.7895993478931338	0.7515750016575591	0.0263357589885925	0.0975249471634983	0.5565107502867018	0.5793492368593208	0.393572216109417	0.37635060071647	0.2954599934980743	0.5064722980810973	0.4539639991512678	0.5404424613616599	0.5496865529037128	0.4543137264914736	-0.1724709477055559	-0.0618508389817607	0.202737156386462	0.0582218151873562	0.2422590221162033	0.3198268310709804	0.051497913163188	0.2512374653132788	0.2685294212171571	-0.0135273145337283	0.1377419095892643	0.0542223551312194	0.2663500739449188	0.0141423589072276	-0.419811611651907	-0.2584054038134949	0.006702275338299	-0.2264096505474964	-0.1357512155696568	-0.1602538688376161	-0.1923329057063828	0.3042262149160195	0.6667255663494074	0.3506436446019094	0.4922429283568024	0.873434098172105	0.5860058835508128	0.6179816808989677	0.7119550611133196	0.6243711827726806	0.248029551928155	0.1032508925618028	0.3118742209185932	0.3238106829117553	0.2729386110194569	0.4009056946367744	0.3183466502293545	0.189520542133537	0.3242000661440842	0.5519560197872014	0.7092445484980183	0.5266861446883682	0.5320270136401686	0.532140329354883	0.574638234273932	0.3474245165406168	0.4494199717843127	0.3190993952813279	0.3839936477237392	0.4696586138886439	0.384898961147227	0.5954422600317476	0.6000550802520496	0.5899388527528129	0.5627259752849397	0.5942715994632819	0.6137017120389717	0.6074882203422295	0.7188633064564616	0.6400269840159964	0.8832404114356384	0.6905691649449106	0.7261106148749882	0.7584062310412795	0.7104321428706449	0.6706385269044692
sub-023	0.4727708411274473	0.4629230345501764	-0.0264623355433795	0.4357278543243021	0.3064705721916119	-0.1143768143415466	0.1445557388959777	0.7206916774297446	0.0381468603919473	-0.112953284249666	0.2287818749802637	0.2866881780917028	0.0989542732756425	0.3057838888954733	-0.1098129407873457	0.3773605166749413	0.1961986059451467	0.3300725915727772	0.1304711738644661	0.4484401893150506	0.1341595389138332	0.0461496086587146	0.2035159745833214	0.1880009923364105	0.0432427971653384	0.1392989039511889	0.4961059029514145	0.2758530379651382	0.0662498508783733	0.6957496992557209	0.1618611922563902	0.465856625932902	0.4308449960406411	0.2849686383838758	-0.0217586278705207	0.2434639676306945	0.1090012793468919	0.3071433068148519	0.5109945313658247	0.2604228720428472	-0.2465671823265305	-0.1309484480034586	0.6044082503937347	0.1533723098356335	-0.0317782380573698	0.1248002871015439	0.4051654064838475	-0.1778131203946309	0.3120252640307134	0.3093166571236255	0.5382629931477356	0.3691636640986303	0.2382189130105638	0.1335194287780532	0.3237582548175768	0.0141391946029966	0.4450537169340819	0.2010400704564511	0.0052106333965262	0.1884523316936206	-0.0849695070622049	0.1793441036792158	0.098205767089038	-0.0916527852869016	0.1279403754742378	0.0528015112619166	0.5021349099439277	0.0584505200323041	0.1471675635794981	0.127327985936198	0.4784914988847362	-0.2121516537324536	0.049224390057314	0.7244024662525388	0.0993862679659227	-0.1396384799710175	0.4171605126048065	-0.0092074520655163	-0.2012857085939485	-0.0790185818975785	-0.0980573412525986	0.6917608674413027	0.5106311177245982	0.3961460910920061	0.064876253932	-0.1302892063939108	0.2024676592196204	0.4215153159558643	0.2021993831152555	0.0152601583724299	0.2542618556091612	-0.028997992686109	-0.0333852501809039	0.1432694362423049	-0.0311429124736234	0.4398533711696004	0.2053288255684685	0.5973313667934739	0.3136969167842224	0.5420775936618621	-0.3733692928110154	0.1956481973700685	0.1843353721130579	0.2317794644679941	0.0415388166311602	0.5403981672721585	0.0596108112568689	-0.044621890892779	0.0135997572942901	-0.342834132264091	-0.1630785582216065	0.3556876315020486	0.0756055919378113	0.1461670158575529	0.1519654630177027	0.5121742418046362	0.0472182037830392	0.4322742960561162	-0.0660503607801151	-0.143884328220653	0.1129962100064371	0.0231613722268195	0.110178985672319	0.3756846842799476	-0.015029700162064	-0.140594608651495	0.2980284606279904	0.0640655004977781	-0.0722682467531502	0.0984640898237897	-0.0884108913631052	0.5083311301904598	0.4404941882816344	0.3654421256812436	0.2633555369309104	0.2353732101659119	0.0279245383487821	0.3515827218724384	0.0602604172769547	0.1235791866887555	0.223007298822737	0.2176427050967584	-0.0046778380615318	0.1144182509002706	0.1464692328656852	0.033875028685468	0.3002626412104874	0.4231121596144974	0.1788842601288331	0.5638483919764191	-0.0292237198357816	0.173360341651866	0.0544906232246011	-0.0352370986329178	0.0940161912040358	0.3249997539279405	-0.1769547586995981	-0.1683214491530165	0.1965664121100244	0.1583622303118341	0.2087421285871789	0.0884026062144981	0.0347921949971273	0.2597797900250959	0.574009849779979	0.1629391990159318	0.077384392574646	0.1688644652739804	-0.1595345117947617	-0.0139573795610385	0.0118056020688455	-0.1314722285442345	-0.2424177424204416	-0.0499144872755094	0.337333885814536	0.2644588807818617	0.2607253914144799	0.1527202801472748	0.2309761574194675	0.0796966769263226	0.1203424590495315	0.2373354110524708	0.1509633694145762	-0.1058865162204494	0.4299624544554324	0.4612304885899378	0.216871896322912	0.3303715012264672	-0.0724715457238857	0.1492816508344665
sub-024	0.2686310062517753	0.3520846745739837	-0.1152245945878727	0.3525137099341478	0.6712735733476743	0.3877555185538809	-0.0760231293334031	0.6777193881799195	-0.1117758561250404	0.4365209177993208	-0.0612040844735819	0.2701169002695563	0.3870126779487274	0.574538774547642	0.4960354419473091	0.5523290306987977	0.5859142913614697	0.4997238353649538	0.5266456188297183	0.2297764614289403	-0.024464529722539	0.4459990796971816	0.0230642226724649	0.8039831731194785	0.0211309074141578	-0.3000081623839727	0.4499216353963371	0.7118951220929327	0.1364092405649443	0.1750609496550144	0.5934721769240878	0.3521251808194458	0.4784257101202984	0.4254222525503089	0.3651561095679899	0.2315271087138894	0.4719011014928658	0.3958464548184876	0.4279347220873403	0.3743416504774173	0.4002719840449109	0.150565561307376	0.3670220582541621	-0.033078904377971	0.2919710110736158	0.2768692027458849	0.1873249288279429	0.1918249944437622	0.440151114599638	0.3759984707459908	0.4704225974075632	0.4272708566926667	0.3934586817143347	0.3195133331829902	0.2158056073605873	-0.0702699056827483	-0.0061936205344966	0.6537173383687164	-0.0189211032947673	0.0850981351518741	-0.1201311510288605	0.7833602549069882	-0.0974215311167364	-0.1188779168924845	-0.1345526564624169	-0.0086262505051848	-0.064980822992289	-0.1860556050449786	-0.0278382069540659	-0.0175152218574108	0.3865189636264924	0.5589932830793567	-0.201869439517923	0.0207241343674294	0.2178618071936862	0.3378447114899847	0.0766401585680611	0.2751419886733386	0.0134988911007545	0.2816048392145767	0.2992049179852334	0.4178066694571232	0.3088725423999832	0.1389078486550345	0.3561898720879214	0.2960034348494261	-0.2670942227972742	0.4965996724951931	-0.4136226363378217	0.2125020097489044	-0.1167834733238775	0.2056677720171009	0.0202916570981195	0.485553945198023	0.2813929836314869	0.5287913343993756	0.5581436354211358	0.3834629274184019	0.3894204863123867	-0.0703467186242219	-0.0252317438788716	0.2788700225644213	0.7687897834894467	0.0397242487676015	0.3165647728756993	0.4885010528439431	0.5149759339464878	0.6253083122302816	0.671388002078579	0.6147299563826373	0.390178820770057	0.5789028068590267	0.0562419587596064	0.2043440898122023	-0.0406709915034323	0.7188527628112894	-0.0952787953832453	0.1825303253006157	-0.1253623469423744	0.0544150015131608	-0.0629361889574165	-0.1263313929130426	0.0759507062251865	-0.0012055526404107	-0.2179989666332912	0.0730304518519193	-0.1296980208726216	0.220636182270194	0.1506823061470547	0.3967888642961001	0.336713464047941	0.4098407909269964	0.4033445907249754	0.4453511352631943	0.2799487402507487	0.2355225820077517	0.0562817385312533	0.0034047896363547	0.2664455542716475	0.0214095827498907	0.1609937627711815	0.0821730800933344	0.0195987043744668	0.1039782255087043	0.1099899207943124	-0.0394087583109509	0.2770727389353875	0.6666155665946334	0.5908373683267766	0.6968369828876498	0.6059480827135303	0.556400074750453	0.3962994754076455	0.5925492966195067	-0.0726603591369307	-0.0097193307568543	-0.0998291875744345	-0.0195335309867607	-0.0700329705590313	-0.1446970800143371	0.0443255234696613	-0.0114580400519715	0.1412186313130222	0.3031002630512872	0.375226178735483	0.3830164812232908	0.3144058965899942	0.2168790650832767	0.3023166960029133	0.3854684131817266	0.6273352897062263	0.4105608175576789	0.3930949324919417	0.3059242854258996	0.4357599187385704	0.6521259918762028	0.6743678474745456	0.6876151014705945	0.597727929609779	0.5228634905432792	0.6218182892859782	0.5481318510496537	0.4409050919041343	0.5688323388356943	0.784274468638902	0.6851973611491988	0.5682555939472611	0.7648793441425079	0.4879771467645672	0.3924890365907564
sub-026	0.7340396319923144	0.2965004490484562	-0.0307870608900797	0.5820756434576884	0.1107443491067939	0.247358417662934	-0.0114787940671627	0.7007326510799925	0.5672313087705637	0.230459426804145	-0.0080021302964881	0.283760656335059	0.2049656666100462	0.0282196195576778	0.2233387899440178	0.0682149891583816	-0.0329193397160221	0.0210931251165027	0.1541877417894049	0.1771363482655323	-0.0269085200709142	0.1381037687699804	-0.3039197873744094	0.0541637188338709	0.1259432723390682	0.3814658690016999	0.1505987951283654	0.0625255223058895	0.1225186817794945	0.2546079452123136	0.3722834431169711	-0.0886294372654629	0.207239984070716	-0.0378752627836016	-0.0211294239150143	-0.0604029420667915	0.1412682001255606	0.441198937545377	0.4523592544407395	0.4437978356886032	0.436623953918099	0.4532774893814086	0.5737975218427749	0.4213873672190712	0.3315637486568843	0.6016424464317287	0.1122277833256985	0.1809402958376429	0.3943581544934075	0.11616323967148	0.352545712224186	0.2991186226078581	0.2534768637423024	0.2613313398151644	0.2395869428519441	0.3165225696139433	0.3852827333347333	0.4934297659339629	0.2329919028250637	0.2010095270104355	0.2142128168772928	0.4939194984204213	0.1854802889771102	0.267796452423562	0.2976432185845041	0.1698077548358695	0.4762338569910227	0.4394920279379777	0.3084964084408988	0.2672102571556322	0.6667820965868773	0.5764915861071919	0.1419009403468946	0.774923504235993	0.7875000411635545	0.5096835675487154	0.0664602333607887	0.3114694057453231	0.1036939204573646	0.4274653501475839	0.3040244420894264	0.3514072898948114	0.2117880760374354	0.2966196460826502	0.2363585789664142	0.6276854664024065	0.3218527511086717	0.6171047325650527	0.609750654715363	0.6927510277071252	0.1020699902961212	0.2646445861573794	0.0175252268141989	0.727716427536034	0.3001322024818857	0.4886634725049755	0.4665494944794306	0.481268868015584	0.3684493847490888	0.4881498836313254	0.6206247907352072	0.6139865298203071	0.7527033334920435	0.2080821371707576	0.5392330848096323	0.4850634792595386	0.6094844215493218	0.653682387601241	0.6559479777069677	0.637757930941718	0.6771639105164909	0.4962767850198668	0.3892905145842196	0.1139808118427229	0.47083225836858	0.469609040748787	0.3401606729237111	0.4263511580715317	0.5092214532307164	0.3960344960719996	0.5574487712333909	0.6811413158811928	0.5632120242646221	0.4966676368264723	0.676104520504332	0.6384405987867541	0.1153694393734105	0.4667979761761103	0.3178714934874059	0.5390786919414973	0.4854840887645646	0.5086845488829117	0.4407460665540583	0.4257172546064314	0.4917620079391012	0.4458674501701551	0.0812947033882139	0.2375509021999487	0.1271484248237051	0.3071758940672588	0.2307079775127851	0.3553361984924045	0.1814155272102461	0.2235262826609274	0.1784639555029444	0.0986931974252252	0.6220761197014125	0.3926495092201816	0.8341957990376265	0.7227804132792062	0.5429901787335318	0.6372300178947488	0.6857362463430768	0.6032219523017534	-0.0533992190611516	0.2229724850838037	0.1733230360136723	-0.0198321903970193	0.1811494759185797	0.2104455698092568	0.1255530408938954	0.0779449385639039	0.5263393777138836	0.4573489249515545	0.8112612852815319	0.499074850306434	0.5482005333271917	0.6268017369126615	0.5351828053815691	0.1274857461597356	0.5295267006061336	0.5370937621596444	0.54864354783549	0.4822598072264555	0.4129780526235346	0.571807843375156	0.4767088315518766	0.6025247550822869	0.6543424315912034	0.5361766875577122	0.5740746959558135	0.6219357311542092	0.7401499495561674	0.5839644679950138	0.7911363427272794	0.7038371132665453	0.6160528978561046	0.8224017557518603	0.6869355897052429	0.6048222517002064
sub-027	0.7793448194226547	0.0164398791104388	-0.1081771326392724	0.4927612443447903	0.0981662172843984	0.4626556253784801	0.2503661923927006	0.6738911868284011	0.4753173218189957	0.3450231244660195	0.5150622908849508	0.6714905755716921	0.2477200639287017	0.2354120117981608	0.2308820743725996	0.7052432231109855	0.739062052220993	0.5466312429541286	0.6313302135019835	-0.1085285770969098	-0.0452713064283866	0.6349313987397475	0.1099936744855953	0.7742291448493955	0.6047591162228937	0.5052397797032473	0.7012942798574212	0.553395519004134	0.630982591887564	0.6827776660809659	0.4753331473475299	0.4632418673491648	0.466214783772011	0.8580005729420509	0.7848946640704056	0.6962230871671076	0.6806906557367848	0.4861325777234767	-0.0148054486598916	0.1645285304772965	-0.1443705893985646	0.0819365512796197	0.3484545746016776	0.0223127909203528	0.0755491745436638	0.1160397541623393	0.0108493885361041	0.0306814459639209	-0.2213974013790596	0.0703665722711753	-0.215616874567209	-0.1584706918008942	-0.2063596742953774	-0.1859104656104512	0.0484058339972047	0.0791137432055264	0.1232922826216636	0.3595536006023653	0.3353106132387014	0.0109413506583766	0.108581828271788	-0.0253255178750477	-0.0844674008710606	0.1805635537842874	-0.2176322319685846	0.1385070584228706	-0.1842200500470288	-0.1535216363824719	-0.0248389871772621	-0.1571581199009368	0.2877565620065647	0.4207175182533616	0.5074869980958783	0.3655066518201099	0.5833084566069466	0.2643073338857487	0.6023122259261446	0.5639473288221439	0.1579333734472228	0.3970486777999757	0.122935212602258	0.6824911991996697	0.6293019140801249	0.6488312674172252	0.5997307967245404	0.1291856449150001	0.1292019287392876	-0.0125391684583452	0.2625159495542672	0.0448272623359537	0.069091450304133	0.2923258349496609	-0.0420307601787381	0.2274923078753919	0.1161639713502587	0.3306127109105229	0.2063156944739542	0.1871043927087339	0.4897990649167737	0.7727144938681149	0.3073241435203292	0.5413044648372849	0.6450593475368249	0.31999938300791	0.5095123347213475	0.7375962648499927	0.5021042449571901	0.7518426792037517	0.6468656572618601	0.576125527674084	0.5461297273398428	0.4482594774824187	0.2555317370016188	0.5018494612340552	0.5367581194911443	0.3354655690498658	0.3998597277408196	0.571574948640982	0.3445756717392803	0.5602094436690508	0.4993267351822749	0.3541293042433396	0.4434692950178348	0.3332887704411656	0.2297572892427402	0.3296553302898569	0.2817701821155355	0.3818511057008247	0.2270648181609023	0.0184326244061821	0.1606802455057315	0.3274862645758626	0.4506882853128583	0.3868057448930612	0.2606247642409935	0.3336998160812253	0.5530491970120053	0.5301842063423672	0.3171907711701991	0.3341532300078502	0.2571940450791789	0.7145719552618632	0.5938489019760599	0.5796251721846357	0.6333183102135481	0.1634623712861717	0.4759939888247149	0.6383827516041596	0.60516958185739	0.704658616530987	0.3893703410552084	0.401841541362859	0.3480586995346603	0.2346519472802844	0.4897084786037807	0.092091595766278	0.1168753776032702	0.0443915561260994	0.6003823997551272	0.470692209886166	0.416702413103946	0.4697748933433512	0.2917511493875295	0.4147424044930691	0.3186953866284605	0.7180650138989586	0.7132570676745622	0.5911832862607482	0.6474690155886603	0.3546916946709614	0.7558618846742327	0.2891467815740572	0.3358882707347869	0.2798043496480815	0.0918290143759711	0.5375889988234891	0.4458081788424944	0.4417316769578721	0.4199622923236348	0.3584124612657325	0.2827937191887927	0.2961879040352537	0.2277904023705273	0.1281786789747896	0.7857527371193828	0.7123402752970679	0.8470528572169892	0.8109271541025337	0.7032030961885141	0.6390007191003305
sub-029	0.8186128949545635	0.1626778870229017	0.1121937953299043	0.1468639407001128	0.4305290048014192	0.4174513770149941	0.054134926818317	0.3683538134943528	0.2468106529995816	0.4339203301499331	0.1877662600886969	0.6094364916236497	0.465773811684779	0.42917860836605	0.4552034792864947	0.258357669797246	0.3627561715348172	0.3478269036509708	0.3336102153373495	0.0926114048972447	-0.002581832846411	0.0308943599614629	0.393973898959822	0.6661619217730551	0.2378407502948418	0.5180512522949802	0.1607446321355966	0.7241886700202084	0.1135880571519931	0.7285740577145714	0.6227832027620368	0.5146396002981983	0.685334194164763	0.4825886714330637	0.5716417257543851	0.3328295992150752	0.5378944138504775	0.2932518947780134	0.4515520953868995	0.2565002882892547	-0.1217083992728291	0.0883261914302687	0.2517939926292472	0.1770329373182389	-0.1142573092838531	0.4701279799812922	-0.0031101432894335	-0.0551203591828556	0.0981246169958184	-0.1427220191021034	-0.0382113921065418	-0.1207974596362133	0.0881981360819304	-0.0617870985840672	0.7755108719960673	0.3859497953763368	-0.068298470262815	0.4063641915210209	0.189563631980895	0.399871243164184	-0.0920116660891011	0.5961338387447742	0.0597388995977658	-0.1040602470068886	0.299153238455875	-0.1842377004469029	-0.11208683214238	-0.1120776850487763	0.1446282217077771	-0.1879274645962294	0.4424138474642661	-0.1045181580009885	0.3221808466647557	0.1081397673641512	0.4805207641218949	-0.1458619539684752	0.7160101232187882	0.0445570119697661	-0.1618509439252856	0.3126183640936928	-0.2112683435427697	-0.1128750790991281	-0.0644729073073256	0.239624198168934	-0.2343889387596756	0.3362613689175838	0.1276819909973852	0.280293028003801	0.4595286198613269	0.2084718605424415	0.3351634856339434	0.3478075157175296	0.1941312178278216	0.5414525197321641	0.201132506473241	0.2269697450595544	0.2033908396978064	0.3871234772292211	0.0974828004010442	0.2873404046256022	0.491456126298449	0.3084660311848968	0.8215346930699983	-0.1000688606282385	0.6358275582580726	0.6368016375674923	0.4416455759686042	0.751647187203369	0.7351336337757951	0.6729158296054657	0.3662902560487004	0.6026028845506528	0.1468063979156657	0.1588825512208263	0.3016747152002973	0.4333354307960178	0.1507627280309367	0.1620926846615891	0.216236882375412	0.1020358870922298	0.2721100883666754	0.264246977418226	0.1650365289531793	0.1630109079024724	0.0359685301507651	0.5410044474761567	0.0071565120118685	0.4647616361997316	0.5879094437105619	0.444301394364664	0.5975128815439595	0.3557245421568954	0.3505410880772785	0.154836183272793	0.3685496026044129	0.0661235914623152	0.4074899765788942	0.1961505213396433	-0.0007661710395476	0.3303477562731507	-0.0246996032453149	0.1683665029956294	0.267653414663398	0.5326041535955715	-0.0929085350940086	-0.1825346698570473	0.6370256819354289	0.6467707406747745	0.3650715544042285	0.8052397816133603	0.5860499788916904	0.5846169623106384	0.2012922993119986	0.6697835323974789	0.1039975826426553	-0.1790205944068903	0.2990166009126753	-0.2705161197786579	-0.094498238945498	-0.0206897022122662	0.2709247474199617	-0.2752753940542824	0.6062550170885447	0.6421413871338627	0.6491198364046409	0.3742401144062184	0.4341077038555785	0.2681216351721184	0.4375520512223985	0.3407758170737906	0.7239930731938151	0.4849118818177756	0.4535199741244533	0.1239248930210545	0.5348522279931938	0.3720127992587827	0.2097227948636624	0.3079147362500497	0.3293510093035598	0.1797604327687474	0.6050766989214855	0.6083950027444176	0.2125400789818552	0.6938838045221302	0.7502819904038361	0.4919843011208494	0.6504598327708032	0.6909929087605168	0.434189967738229	0.1013790312436015
sub-030	0.6845467882272314	-0.142250316518269	0.19661567771695	0.6236458777531088	0.5775693617054123	0.1730590429292836	0.2191548485056063	0.7107526369585935	-0.2348986975014366	0.2657913254308639	0.2809882950844717	0.1232671873249505	0.2351835220773994	0.18740285810441	0.1305507477302533	-0.0921670477210408	-0.1225122506649231	0.1291061413266576	0.0645166914796576	-0.2093934277674603	-0.0076196674870856	0.6877245331654229	0.5467064205052933	0.6719837247147123	0.5715727775528565	0.6060287225693324	0.1416143001579985	0.7344273962700898	0.2387164534045334	0.6042250722039748	0.595821707049452	0.4800522732912182	0.4308535301277637	0.4628110044461986	0.3542419710460887	0.3459736165551039	0.5516586487195462	0.2551458354314913	-0.042512111830142	0.0640231252987057	-0.2465526360653107	-0.0648820419632708	-0.0818351024445678	0.0510494508948387	-0.1020420420882939	0.1954985922399665	-0.2336557080854255	0.0406825829032242	-0.0279848515857832	0.0923606800836378	-0.0686796067902101	-0.0657630313786855	-0.2418900062083791	-0.2388776158345491	0.3571832938207923	0.033325278811847	-0.1713104799930556	0.3982767107619585	0.2445676817752046	-0.1056736810387614	-0.0935154739443201	0.7200300999286882	-0.0771457864064825	-0.1812316542798253	-0.055427700003051	0.0153108946966193	-0.3533473131287865	-0.2604097267024571	-0.2409865248663233	-0.3179491746767195	0.5262845070282659	0.2474635338292141	0.4584732738263425	0.601780448833277	0.2264332413136059	0.4318001106330354	0.6068358004664818	0.3754608911104493	0.350033435221396	0.2099755608692494	0.2272639521770263	0.1076250052509537	0.1355682271992684	0.2137414135231432	0.2364227902131734	0.1945829630976062	0.1862876281249874	0.5261536155536388	0.093162976974787	0.3355267820564341	0.0649566721976612	0.1910877397126973	0.2883768625032643	0.3197672936359801	0.2717829037864207	0.1602536894961788	-0.0779675531135633	0.1492869371199539	0.0987576797166049	0.6964600201784562	0.1886324684461537	0.2967012920965913	0.8134793490661738	0.0397058300475117	0.7168129527349265	0.609341480447671	0.5250998127388267	0.5882428455572171	0.7508801050041519	0.5227749420196959	0.3389237498584534	0.7008413327908654	0.2913324386336994	0.2357573130076298	0.6515813644265599	0.4565417009420774	0.6665483125272789	0.4349458944726961	0.3558213527512077	0.4591817120876576	0.4534697368549323	0.3006881702667885	0.1308061979185108	0.4919679404288558	-0.1536409520853434	0.2425462684326181	0.2619957178515313	0.1464155556607878	0.1819053022891095	0.0075539242804809	0.0796106672115509	-0.0575716531098139	-0.3299421263866396	-0.1520495729175874	0.0344030849267219	0.410135315064535	0.1113551734382568	0.4301623287514055	0.4076609644907039	0.357995512591824	0.3369928494883659	0.4862056679743746	0.6043660847941967	0.3925858746644958	0.4391725332643412	0.1398314874789651	0.7201427814803376	0.6621173633873171	0.5371261518062098	0.6473489784059687	0.6971870433845679	0.5186677664374861	0.3295536305486832	0.7057034856987433	0.1285537085628564	0.0915414105976742	0.1647832714352744	0.1302205441259163	-0.2183801023260635	0.0245056761923749	0.0586023234046575	-0.1421645645046078	0.5944869062489223	0.4420036177878672	0.5347968761481152	0.6806869333184706	0.4889576491255121	0.2698562550074534	0.763896983462028	0.4417891426659124	0.5620867259908553	0.5886480020334954	0.4712994081530113	0.2788402755321312	0.5803710095499139	0.6224990841326352	0.4998004817507518	0.4944019484987486	0.4985245125940026	0.389432807189962	0.5624561105069057	0.4052813743359857	0.2289831061481208	0.4731490146480056	0.6342413407295844	0.296401188717088	0.7915795472604914	0.6999147459124824	0.5829554524569593	0.3112675897260429
sub-032	0.8755392697823343	0.0950418771998497	0.0827344116686019	0.0251985123159706	-0.0267207723825917	0.76113843512932	0.6340371925371325	0.4331990645081882	-0.0647737940697354	0.791658639187877	0.1962519080666189	0.5576491413699681	0.5776833041721129	0.4525772272097557	0.4940043980690183	0.7793732375940674	0.5185012503861616	0.261053345188853	0.6033460690180641	0.130675065697273	0.180862382470857	-0.0074247949659842	-0.084848789260655	0.8387222528214141	0.6968092213717864	0.3291003444695348	-0.0299559546386693	0.8742391581397417	0.2960608014592486	0.6854015090816808	0.6113012514304393	0.5572998664555755	0.6193508246095397	0.656356286167297	0.5414844856598962	0.2857072523188622	0.6639640579675599	0.6480050233194616	0.2139876288639263	0.0527410736694766	-0.0085368189807109	0.3886759918178886	0.191376914978622	0.0415312471853155	0.0807970029919158	0.6093931639651945	0.2447920723957266	-0.0377327285758324	0.3159235395266319	0.1657567354607106	-0.0806613384308544	-0.0563928682095771	0.0237630593115973	-0.0125234865342919	0.3215048705639804	0.1998391864236611	0.0987984151151436	0.5062980053258463	0.0688787949941125	0.1917053018692799	0.1904772212927792	0.8187194905266472	0.3590433658711509	0.0532724650577467	0.2577680057975209	0.2854010203880363	0.0218001815568148	0.1478661766300259	0.1721112438924117	0.1603302930679501	0.6233790673890623	0.1209127994558083	0.163657705124425	0.6133277561334507	-0.1767005473052323	-0.008028482209242	0.4067626664305471	0.0302485972240902	-0.2658879700681984	-0.0405048551848333	-0.0613677105239167	-0.0385401736493742	-0.1272358530998628	0.0592121148917973	0.0809502597985909	0.0549360914439385	0.0750352432570599	0.1837987996292911	0.3454808445172331	-0.0185492543499759	0.3346520926960787	0.1164332032885115	-0.0485215068057888	-0.0211170062764061	0.0057994407476152	0.0839368808289285	0.2294830794415516	0.581222723063941	0.1803380318705684	0.6698918920816207	0.2817571019967091	0.0040469080321049	0.8725478716464201	0.3018749510775746	0.6223653381079899	0.5474983734476055	0.488640648480682	0.5248265533822499	0.6936893909238622	0.6446986980980446	0.355364599368739	0.6110167744434205	0.2559191222940977	0.1446959115088847	0.6824470212692447	0.6250417703825859	0.6438130698748651	0.4385181217057598	0.6512107922419068	0.6156259268476159	0.5622461387166364	0.523240998399078	0.2786442488607674	0.5358503752265107	-0.6321992406325612	0.1977823178298927	0.0669867930101208	0.0722802734427404	-0.1286431577745316	-0.004295914180037	0.0518838671907293	0.3318475402596491	-0.2271739191957265	-0.2133475953145334	0.1993264246333131	0.1006355478410902	0.2856715227556758	0.2679876581403572	0.3298099870761067	0.2570938848619936	0.2197129108033142	0.0169717562785832	0.5652074563730455	0.6347294226294363	0.1422354257044535	0.3007320000061094	0.714463492034703	0.6436013330898819	0.5422875923920564	0.6755170989185404	0.6843527931574723	0.6422363402041297	0.3631873159627323	0.6679329106800872	0.4783197754981562	0.1743762055141244	0.4456810062963452	0.3136958497489541	0.1091574001276987	0.3419124983602259	0.3696530180725788	0.2669608793416118	0.6801431749992545	0.6400540941638917	0.6850224040935501	0.4566093545731532	0.5550167047221773	0.4210923210336149	0.532673699026539	0.5277270755821657	0.5053151935132252	0.5436630747971731	0.6593709224416193	0.4434039502903162	0.4060876761323848	0.5534281063741967	0.3600473922359842	0.4628723598935629	0.3046789154030557	0.3321003620180692	0.4319828581035362	0.4900921673128465	0.3016905052771884	0.5542161152117014	0.6338902008299842	0.3544117740849329	0.6326775999863324	0.7721821107312956	0.59089422336712	0.3887236594337568
sub-033	0.7641877240870687	0.118276284588641	0.6463479634378335	0.5895688271012292	0.3190170938837	0.6856776284752969	0.7049118599694274	0.5378075301628686	0.6284141876793997	0.6372091677955304	0.3288655110135821	0.5653829058262044	0.6451991316918703	0.2615434132044523	0.4565750221693382	0.5404762462038135	0.2887695877103213	-0.2684336898825086	0.3121375712514214	0.1039361918888774	0.6896589677919527	0.7101765996166592	0.4864252518348326	0.8095093648946747	0.8279221127974715	0.678732839670807	0.6490290490220495	0.833005974130761	0.5040456604135527	0.7472506839336551	0.7909801298247605	0.5156676067832605	0.6709529319643179	0.6643383117429447	0.4928891952885758	-0.2274908375576719	0.5121023148334393	0.2275327737514308	0.3749292435142131	0.0137607891871964	-0.1752885063412609	0.1449649877065433	0.5765697921600652	-0.0944976215415629	-0.082889905637578	0.5761958370209138	-0.0769697384364913	0.046727826698452	0.2747934341120379	-0.0433775956167027	-0.0924165585218376	-0.0465213213518784	0.4602661760178048	-0.201718081210258	0.5812055106869316	0.3113678461964453	0.7302640381529474	0.8133473961619135	0.6016463935943741	0.7343005547316325	0.6340180571471271	0.4355250598753304	0.5391655034777068	0.6769016197660415	0.2103661089169436	0.4109344991506894	0.5054162721102874	0.3185747100565018	-0.2482146744319028	0.4261780221227067	0.4509118579180083	0.4913794426508142	0.6894911354307118	0.6822240808970415	0.4969255104531152	0.4561394161449992	0.6410696102005354	0.4820072757577501	0.5617422916536347	0.2532442540583808	0.3329163732068513	0.4996377555484977	0.3564555196989334	0.0519313437794611	0.2717398374588304	0.3965512807434654	0.3162638650336811	0.4145376912008597	0.4058221212287596	0.3664676084533016	0.2230440773076804	0.3459908624204268	0.2077715037706853	0.2706222421739058	0.2960904918851662	0.6020477934237188	0.6195108438309096	-0.1565408548217871	0.2138226396634734	0.7897681715142588	0.4004089490877819	0.7677030419390917	0.8943970249515374	0.197456267659088	0.7637292224242508	0.7600757318748921	0.3357071996484834	0.6932538257881451	0.7074023046243064	0.5046189342020523	-0.3854308544031741	0.5772323162135234	0.5863117497288006	0.635264265873358	0.759441062419037	0.5374761753768266	0.6768267451321808	0.7046751468880302	0.2358127664604081	0.5368849832742347	0.574430774406644	0.398026538904137	-0.1989908490218601	0.4623772966728495	0.3797622144627505	0.4425094099248054	0.7159116963681786	0.4807936838580147	0.5166916104303239	0.5258062021191142	0.3896441666861392	0.4371893956031573	0.3577541101868753	0.0670847517640096	0.2484413307737246	0.6035963594927585	0.2343680570566362	0.5727709397683026	0.6256601634918674	0.1740618623486372	0.4598038975090326	0.5607670899236993	0.3571510088933742	-0.4013032443372445	0.5622268495817933	0.2632432280148791	0.7952021988151968	0.7752286870195892	0.4567703953111404	0.7857915825701384	0.6675174602857435	0.5157360637655196	-0.3047936755079601	0.5322850421139572	0.3581571990213174	0.3556989477000534	0.4338394229719337	0.2975019871933552	0.2857157862479315	0.2534464483661384	0.2526206650611862	0.2270189461447838	0.6691678045399243	0.455736142270839	0.7387491292979959	0.6409641631630885	0.5214787561800817	-0.1981087387312479	0.5312602528880913	0.3818672546084295	0.6682610137668428	0.5640741683707731	0.3597598122990275	-0.2042964724606219	0.5520899534935743	0.6666829991520629	0.3909188768766488	0.3498741221265208	0.0277108465924586	0.3014752438084589	0.6870432792855888	0.5658033292041393	-0.1518048607941111	0.5880276643827377	0.8408821354092897	-0.0812340781778668	0.5692356684976229	0.1115635109014625	0.4171727563092847	-0.1404080086280893
sub-034	0.4754490619575698	0.0833291858981808	0.2058127711341111	0.7054513284773396	0.1798848364342318	0.1363168655035158	-0.0560756675084323	0.7696119934540904	0.3748234785324302	0.2025998036541834	-0.009991337513802	0.0100708414814315	0.1625888068705665	0.2379361904336173	0.0430351626577959	0.0846962070425969	-0.0886599734634958	-0.1199696468821917	0.0396031164165687	-0.0515418946285125	0.0996670079874716	0.081466567737636	-0.2642718374480545	0.711532981883196	0.498558866048414	0.3186316029353684	-0.1189014755196931	0.6952989551604691	0.2068083290495453	0.2682415680424237	0.615932388816978	0.5156895913796946	0.2739811744773054	0.335566769767709	0.3957565721447899	-0.1851756499655638	0.1283089839597883	0.6901206782561626	0.2694410355578968	0.3614850841149218	-0.142105348284405	0.368563234935811	0.0931332209618605	0.391880329660999	-0.3168304799421166	0.6868233037285539	-0.1340700908061569	-0.0247400922854309	0.0605757872479527	-0.0389978626092357	-0.0845780107200211	-0.0290372698851738	0.2781548602308679	-0.0444021048097119	0.3103319781715379	0.0391983637212298	-0.1125546994723427	0.3789217750168523	0.2346544670999603	0.4060936457536056	-0.2383084562747898	0.4727087041951138	-0.154675675138142	-0.058017121917345	-0.1067877544904564	0.0084266394037467	-0.1845774545290904	-0.1259376246233347	-0.0226612821977722	-0.1187415382504717	0.5724573575431685	-0.0245503230420524	-0.1641131588755912	0.7459675376981676	0.487164251555975	-0.0266557155135261	0.0904348096905965	0.0203926079511984	-0.015223790875549	0.212950898401098	-0.0184935822219132	0.0564220147801533	-0.0032582579897144	0.1756016581067103	0.0879100950396901	0.0097765640350333	-0.0316402493912784	0.0840359330522082	0.2305155854727772	-0.0243594074465368	0.2179804977207143	0.1653453194719044	0.0872635796425577	0.3920288688781741	0.1571303485400887	0.1785217353829678	0.2942973961519201	0.7598225757921488	0.0612506113515906	0.5742670519664965	0.0772496027877963	-0.3945823659909538	0.84174620090901	0.1979123649419312	0.5284383110101798	0.7409958997832498	0.7733349373875003	0.2654124159303652	0.5953470450153232	0.7564410646528136	0.1880923469517012	0.3105022154473572	-0.1499712650981549	-0.2040699007600405	0.4300177421040702	0.6180112572710754	0.3684276853066847	0.4773882046190304	0.4467201652394856	0.2747318196516952	0.3025094131077414	0.514338726703152	0.1761173223465922	0.0692748556972461	0.3319235707348185	0.1020727737083524	-0.0844671565245509	-0.0830413935528634	0.0159193398662132	0.1116257064179393	-0.1106065487791948	0.0915888860132487	-0.0939209368275891	-0.1605465493656681	0.1693562904667812	-0.3604981847191628	0.16165363299563	-0.1806731029456771	-0.2248141057221133	-0.2767701240023138	-0.0825074586787093	-0.3965341745573217	-0.4235767472575872	-0.0292550403554616	-0.3024922095735728	-0.0304867549214049	0.5658322160034859	0.7853349597136283	0.7023906312003741	0.5698154213465196	0.5044283171432913	0.6807459712909857	0.155552628240553	0.1698674539655001	0.1399610861997206	0.2115920623370939	0.2374659232178628	-0.0404073446716594	-0.0244950025503896	0.186447446053557	0.2574440112991449	-0.0795695764560865	0.5805328775886878	0.4903867343242197	0.2564195275871354	0.1838294744858735	0.4302488646074279	0.3072022209289297	-0.1008856059961805	0.6411866817453645	0.4107351828337285	0.3408560178267287	0.5664162386471658	0.2556890094975527	0.0562947516539969	0.3348630534408628	0.5548799403241282	0.6963827065683471	0.4237291700967863	0.2291051268911087	0.1660974339729585	0.4175584822888074	0.3104052091806331	-0.0775895876287069	0.762476775368093	0.287697189428607	0.7566974110381377	0.5127531466021231	0.4460288388288611	0.1193101299704147
sub-035	0.8539885368780417	0.446000530687308	0.1699254195177892	0.4248014855372823	0.2606573954997803	0.4165805898242776	0.3006950584906437	0.7207014080074486	0.3295425612556246	0.4421985368799739	0.2993392765473665	0.429750332503462	0.4472184622747299	0.3920821306376361	0.2995075430014918	0.8360071201709228	0.6281114433374871	0.2492120225756489	0.7342255582704225	0.4402435668906547	0.3006941288871837	0.4050036759707598	0.2737324400695932	0.5882154179504013	0.5350717966138542	0.7691130039610822	0.271888044402492	0.6903307890785365	0.3725820456793332	0.651955797680422	0.6992882289033486	0.5919881015663717	0.5719343476725665	0.740398665930793	0.5440206491501725	0.2099699507114105	0.6517291071560545	0.5391816117221929	0.6699225693300533	0.2390408653727658	0.1814216242159829	0.3827984522782213	0.6613407173953901	0.2538520562330656	0.2063560392974909	0.5764417818977763	0.2892226445930155	0.2173070147666696	0.2035026942586184	0.0986967314023136	0.43639991107379	0.4286664956625025	0.2042808892717902	0.5831087716272225	0.6192529403185582	0.2198403089659455	0.2904983946097449	0.6631377736838752	0.4032407760288395	0.2353404368006235	0.2575341547539624	0.7291747303027201	0.3191439227862446	0.3054123699555212	0.2494704776355414	0.2476540617829711	0.1536932248808817	0.1208486325250492	-0.0126493222591033	0.3739867797358792	0.4269214461082113	0.2808525814462257	0.4595749878903387	0.4861655864512482	0.5133768430150633	0.1318963703104132	0.6942403909002675	0.1555992464285421	0.0030014850987167	0.1748117968180092	0.038851268555088	0.5317113085231483	0.491706600658409	0.313533445216858	0.6420471367027633	0.059637031265775	0.2739149746876305	0.1716143715830598	0.261936250772937	0.0247313150680955	0.3954702527353188	0.0522513611328479	0.1122479163827041	0.009485895359852	-0.0690570641265698	0.402936177209473	0.2689062771073855	0.570255565629266	0.3083581948823358	0.5133779756512638	0.4424334522694554	0.3199048375382524	0.655732267349748	0.3009566364482108	0.513091806688116	0.456894803192713	0.6152759615477336	0.6003119559946003	0.3511456339435858	0.3762039683230872	0.0579460917460005	0.4160968781398036	0.375215662803213	0.3355134670220888	0.3859131410205994	0.6020641981221098	0.5016929141300419	0.5346839491393673	0.2954347901877273	0.4244757537620117	0.2951924870705215	0.1702970075278098	-0.0897549748232186	0.3878234500287215	0.209493821572798	0.5469566943440496	0.4252032362070458	0.5037781005010388	0.5014705656241014	0.5349058427811582	0.4009774975566619	0.5708841780417367	0.5316402656945888	0.2156183746553956	0.70302904068216	-0.0857631979267874	0.304167469770646	-0.0887143045413626	-0.1699314974821342	-0.072454610994962	-0.1446675553218039	0.4867775051556253	0.5390610850554144	0.2240873171095485	0.3946939299504651	0.2248779422427801	0.7670540749792933	0.752992328027966	0.8626274122064701	0.8881294290365094	0.269531628479341	0.2172170745137818	0.0292722101331792	0.3460912720972081	0.3075141395854777	0.2925938663122622	0.1766185569320552	0.1497897713666831	0.299080625226051	0.2324801100451624	0.1442755445180626	0.3776921754734544	0.7774841400481652	0.5511861492734715	0.6853961242868161	0.3094586787147865	0.2149593614718945	-0.028784882370451	0.3612957943490154	0.5360423402017194	0.711549649582832	0.249578693440807	0.053277389777687	-0.0514652340242466	0.2135559290855615	0.7918104754033837	0.2192692149952951	0.2657171393033235	0.1013258920068961	0.3817388572152548	0.1193540519269247	0.0659330453610389	-0.1382380832904566	0.2176314316749258	0.7609621277380564	0.3676802969708526	0.7532777302126452	0.549378844101148	0.6840022197463064	0.2669184137086062
sub-037	0.6955527076073573	0.4808598501769265	0.348194481164703	0.4770381073560572	0.1675499777485961	0.6502321565474181	0.6627338793913444	0.7203246851050693	0.5528853415883483	0.5853934757108864	0.524356954619604	0.3231318395602872	0.6878970878923312	0.6596020306010917	0.6829466252336712	0.6016401738556311	0.623270749979816	0.5664317088895882	0.5768958811014859	0.4360014191318704	0.2322230983422744	0.6715977829884112	0.0849656426044498	0.5287896285357128	0.6179701785039036	0.5789159343329269	0.6402221377014086	0.4367345722516551	0.322502046456797	0.2717299646676785	0.7399587729345164	0.4207622953203852	0.430622247759735	0.5026005841895674	0.5194394855221357	0.5006769894642419	0.4412130984215202	0.5981824632268333	0.5822834831647944	0.2304380782125869	0.1714514942383234	0.4573536369533921	0.4462127858859638	0.496141495329666	0.1780845920063713	0.4851938618676912	0.072251576705973	0.4751081014430716	0.4888915496545935	0.2442021381529095	0.2905203308673505	0.3996673098543499	0.3650423058729741	0.1805513283847191	0.4060097284596353	0.2753803923367761	0.2156000159476729	0.5836928627523352	0.2981583923646196	0.3236110797463629	0.2905961795238125	0.6583571617773805	0.1572320919675743	0.266823067625867	0.4534755240774116	0.3243991404881163	0.2751529084094257	0.3472336293375473	0.4106717881204024	0.214147540490953	0.2422998565251822	0.4230334557577679	0.4238583966655704	0.4626730628456899	0.6958761476387093	0.2486838724925192	0.3400637714504043	0.082088801868673	0.5812862118250793	0.4236999122545842	0.3094819560326796	0.5225095038070579	0.5597377681615109	0.4686417784370353	0.3690166269964071	-0.0004051759018529	0.2480018804620516	0.161365865119565	0.2566095439101964	0.3660385881903438	0.6492454375855102	0.5187471807954256	-0.1471711007931355	0.5684469648089033	0.1860642167274431	0.2365731104885072	0.246243406759973	0.4563538151933088	0.1470994468345014	0.6771873209730086	0.6100745748122051	0.4969003650482635	0.7336739200329719	0.4504008520681615	0.4042630118667637	0.6860026002748902	0.6324391728304065	0.8558892369144353	0.6744558549286483	0.5490753859008753	0.6139199634927295	0.6113477760801891	0.6173782436759927	0.5236436684152403	0.6959409994288541	0.725113672622673	0.5209839926093327	0.5683073688471755	0.7073330873771675	0.6862729261660594	0.5732238574855423	0.5856901648962988	0.7501530679847862	0.5845752421422243	0.4501641814387635	0.5156963498862162	0.3793313146953616	0.2715692420144852	0.6230847497942755	0.6053682577688092	0.5922099435401904	0.616804543271619	0.5868001759109747	0.4994226644810028	0.6062437431823552	0.3158012385118674	0.370135267556946	0.1325509579598128	0.6102066659665419	0.5174700147654427	0.3690908642042951	0.6310533931858417	0.6831541327924009	0.6166558247112136	0.3828877355952386	0.7067933255446736	0.7269763072368182	0.3636220552150346	0.7619709192603503	0.8780293769723668	0.6538272615981848	0.5402977572800634	0.7095194820050447	0.656435779736621	0.6704754965372054	0.2227051349272556	0.7934217499421881	0.626208308982036	0.4254193468611249	0.4150742067465728	0.68528144788892	0.3755821130567414	0.0668118301037188	0.614030083529089	0.5377066243632643	0.3119013104187177	0.2164855311549531	0.5402982804704114	0.3482031730128646	0.4253270544660074	0.5570276192675675	0.4418158629816985	0.4345616558973806	0.3554941877505695	0.3713078501060867	0.7537786233196769	0.59332181578891	0.573586732678237	0.7225759259553952	0.5092781931110693	0.6769701249120955	0.561808530749161	0.6248176482274167	0.6385876432045658	0.8661089602537051	0.7750586514390867	0.8036655828438944	0.7724753118415958	0.7832065646007144	0.71124051915879
sub-039	0.7837846387004429	0.0159551120740212	-0.0397496435658587	0.6572168549015236	0.5173790647018952	0.5481913953978805	0.1476543092703626	0.6076922107383464	0.5786353250768479	0.2867788092821792	0.5043325741256098	0.2645201469397953	0.1332295346643087	0.3867113299390138	0.2828654626436403	0.6745347414441031	0.5083078694177755	0.5977077403928686	0.671159118194515	0.0693965897153394	0.1633073285307391	0.5458065836466417	0.487006596653552	0.7327615940201109	0.5210419321913734	0.6374065855373487	0.6443523831961506	0.5134254961731446	0.5549098463650265	0.3927038457484617	0.5133238293938758	0.4718362277119329	0.4729050960402709	0.7216895548341574	0.3854598565578034	0.4522106078727517	0.5965919287223791	0.621179826146247	0.1573954139823301	0.32111189593633	-0.0286027188469722	0.1793185666655241	0.2789301165489268	-0.0817026481616079	0.1198415354435747	0.3559612928952029	-0.0521309203716078	0.0901939771458425	0.5567408534961984	0.0595176540594925	-0.0089059179599087	-0.2379926314466146	0.1319407702845943	-0.1977725803263058	0.1378413278816181	0.3149119152991598	0.0568150462187222	0.5095272219628961	0.166902520304099	0.0484750832344648	0.2415434502943934	0.3641721864413726	0.0367014999627438	0.3260574194259986	0.2318978674170214	0.1138130419564077	0.0749298565845646	-0.0800055559414856	-0.0106515462438378	-0.1177568304002736	0.5487205170881758	0.3087355024583719	0.0734800884185292	0.4353022157205264	0.6285531211066865	0.0315659363534017	0.6837769933522492	0.2021558230930984	-0.0027985459548534	0.237079976334021	0.17534556662134	0.5250614669156741	0.507194404244444	0.642218649856084	0.6364988110914953	0.4392246520487574	0.1426057995138277	0.2807761605573827	0.6485268995181004	0.0936095970309522	0.6681093913505138	-0.0831770691463362	-0.0318966270288567	0.3427799117120216	0.0179692161816605	0.6179759053337628	0.3742868923641216	0.7375646058439531	0.5152588804750655	0.4009890190436602	0.4607301402759746	0.7020771763452519	0.5723516967588891	0.3089709837862176	0.318308724358769	0.4124531945775517	0.4379736750867113	0.4709065291158454	0.5794083237026242	0.3201468550598851	0.4762691685069463	0.4683507003876855	0.4204146740052682	0.2373577380082026	0.6776830922666878	0.3131533705528512	0.4464648871173196	0.8366413588059992	0.163688683161065	0.585867862587065	0.1593455965274959	0.0401284353777877	-0.1288863605346999	-0.0350664671934197	0.363009888169969	0.5123972387513629	0.4200464781313159	0.435210324316401	0.3837357022637307	0.4114969210433227	0.5112143462144111	0.3886518589656669	0.2945436103957652	0.2569216539657756	0.3147419993845124	0.2691276007478203	0.6147089378905713	0.2168073560898219	0.1325904138633566	0.2461976069200965	0.282305003206282	0.5888450075109235	0.4859449372683573	0.6827350473747814	0.642950037161008	0.1217084005972617	0.6299667292295148	0.6726621278830638	0.4073854629080965	0.8438009652132166	0.1156512098165182	0.054859962291745	-0.1096364544628859	-0.0707501174699759	0.1154384531982581	0.1195497883255124	0.2485357406970972	0.1535658261074387	0.5262875225180651	0.3795343103399526	0.5654821168548088	0.4594665847315257	0.5293084935797085	0.1366335730035533	0.7884441796147447	0.0936332598006881	0.309622017365265	-0.0684429332126773	0.116922071477503	0.1986227375165443	0.6162554680948166	0.1130700400762931	-0.0358376390478564	-0.2266230901371447	-0.0430622788169716	0.3241026004917031	0.3266720647119901	-0.0599875486666469	0.3558810479617811	0.1410106106982954	0.0781650585362167	0.1260304608004329	-0.048416708779696	0.0476879960010617	0.563035564803575	0.6707956723103659	0.7319137078229238	0.5499695152901786	0.6068450658945229	0.7106891907799897
sub-040	0.6145107099870354	0.3616356353691442	0.5617444164143182	0.3570140154943551	0.6059097596877674	0.5345834012309462	0.6106185595341832	0.2728850507409092	0.5772267081741083	0.5743342809680325	0.5791604742620928		0.4316008955600467	0.5443954486747388	0.5716260055955201	0.3863121999313949	0.213438470537755	0.3737795810234722	0.15934161368223	0.7267618224290205	0.8003512994067468	0.6797575130481232	0.7334809386884628	0.7728293505160316	0.8648363827201542	0.604422294738796	0.7908308085795714	0.8480771380504198	0.7908100401598424		0.76362005527282	0.8487133708696849	0.7767927585105149	0.3434214298442793	0.4033783332701844	0.5554383201113322	0.3245926374736636	0.6872276597649987	0.5817572661613831	0.5416499564418805	0.6945542772233793	0.6757142647880435	0.6788278751909245	0.4878919827732432	0.6930067611785595	0.4963304486494116		0.5949776673192925	0.5417849619205675	0.7070022220976536	0.1870910463508642	0.2698997729827798	0.3772863458673346	0.3330188893062056	0.7636445826372272	0.7169918757766902	0.7280640077143617	0.8137690266871512	0.4968935449201154	0.7323276929619476	0.7073694944303138	0.7815584666886355		0.5361765076358934	0.725792877650511	0.6766884274215464	0.235616892109233	0.0837599541726638	0.4637354906646717	0.2288908601966562	0.6725884688410473	0.599052454053897	0.6323312482281549	0.462675196915682	0.6928722975049948	0.6098468411478093	0.705711441177736		0.4304774233368507	0.6414105647375619	0.4925066061213742	0.1628745152427944	0.1771651799346975	0.4039158480900484	0.2384388482810593	0.6083827650279748	0.7033410706933124	0.4393828322452097	0.7742413744917773	0.6426512930031906	0.7220932187796609		0.564809184356183	0.7787266623016093	0.6129589491440286	0.3192056160981816	0.3654499309242573	0.628592816248714	0.022491938976984	0.8489123173866502	0.7180019051078267	0.5287027601492399	0.8434868176462749	0.5674104110016192		0.7306455604664084	0.6691628069067735	0.8111057940406681	0.2048552169752223	0.233917656097979	0.3317530251643999	0.3945655291249553	0.6488504621828974	0.7114712481053672	0.8547552557801934	0.7753231985013389		0.7371221379103496	0.7997331124947894	0.8268431006133997	0.3360254450019218	0.2608106946475029	0.5080415383094051	0.2454352639080355	0.3615267428822974	0.7197225781973763	0.3829744685578354		0.6849133953688349	0.5361508567029138	0.7169224023759265	0.2190114117742614	0.3736007611979139	0.286192885057679	0.2701969990387076	0.6250647633959746	0.8330997032058528		0.5706691536533443	0.8193318857216259	0.5523638539465859	0.4117916933975788	0.3368217413227138	0.6423024626479791	-0.0253775043661958	0.6245373725300766		0.7692939563502406	0.7710872973267847	0.8238413286498998	0.3598363800299824	0.396605244123372	0.522899840345711	0.2512760148356724		0.5423288718391283	0.7698862260683702	0.5397099798922104	0.2872709967142485	0.2395988680845406	0.6067142506006435	0.0927654948288037								0.7311563762087329	0.7796594256898658	0.4076879307038242	0.4889721193287327	0.5197501645489423	0.2315154752944308	0.7232668286774976	0.4894707304184709	0.4798022459995303	0.6504146270114265	0.1240894917828496	0.4492128287641573	0.4424520443848318	0.4536447450010419	0.3187042609566212	0.5061459339733199	0.4939650369938803	-0.2023800083820174	0.5274202233962779	-0.0198528371068057	-0.1584192705102615
sub-042	0.7662931274657377	0.476595803079555	0.3834402128144635	0.3703118576155328	0.2811902405624902	0.5019060873802965	0.4548948671821168	0.3984732541323674	0.3603429553510154	0.5010087866801163	0.4381335694620061		0.5408756600637967	0.3617474719423282	0.503299173016299	0.3153951109958736	0.4048148628547972	0.2798662798169147	0.4077609444094462	0.3667984383569478	0.2011859915581382	0.22421565738758	0.3858919410497373	0.5719210718681651	0.6154357797594631	0.4011798381731086	0.6221597490413229	0.5969458889637982	0.4067895289345817		0.7298386294103241	0.242920685951459	0.5645043679787978	0.2055713738857056	0.2315576181099109	0.2402388516090978	0.4333617564734643	0.4976604668246183	0.651062543389283	0.4989739597434108	0.4681424520386831	0.5038122191419223	0.5815474786868886	0.309541302390266	0.5582048962036805	0.6039378116050796		0.3706474173443951	0.5314727618789452	0.5619527555828233	0.3576151737490268	0.4068495306186913	0.4677407233660119	0.312417251052019	0.4664722466046155	0.2550765349512945	0.3698611392071653	0.5438164319752964	0.1968064990280109	0.0833133713129302	0.3707866289662789	0.4736290895955792		0.2102025516082902	0.4984953622841739	0.2710658102580836	0.3873226451379404	0.503537846646729	0.3467515989609089	0.2085221287114591	0.5307277055615987	0.2726774878082417	0.3029218399739141	0.3198963196524098	0.3903320135154506	0.2972915368731324	0.5920544491032691		0.0822538491021376	0.4917460358631036	0.3085774827563552	0.2740081154514429	0.3734028957318547	0.3573516707909113	0.1422974137279171	0.3906872470837466	0.4484190496706832	0.4252738486669606	0.4650702389792827	0.4620068968668707	0.453469634960369		0.3152952164863444	0.3328007413998164	0.4543952090760512	0.2506480308060658	0.3514843012276729	0.5841062350113535	0.3804780887465758	0.627126128092611	0.2670736204777558	0.5368610691672453	0.7897302856636085	0.2947834223632078		0.5139962094941322	0.3259128076437501	0.684641935456159	0.3722138081076848	0.3541706693333526	0.5290520650472278	0.3476611881479809	0.3784336239470694	0.570505572804793	0.5868388743596855	0.5278729686809478		0.5508644858589997	0.3189438063732305	0.564243399393157	0.2813989632832052	0.3043768016804078	0.4461389109532913	0.3303790049040556	0.1727446273622166	0.3640849713487759	0.4742136651160129		0.4136860690675324	0.0448866570595624	0.4189610503267837	0.2664109937016206	0.4928579455327596	0.5499261548962018	0.6061867639235973	0.4158423539657016	0.2369007544199525		0.3092063343787539	0.1064660369395702	0.454144390250958	0.0907224820167524	-0.0041488977596009	0.2158632419353862	0.1543999610217648	0.4353527654548579		0.643456490527291	0.5084899534592863	0.7419539662688905	0.3838894952896196	0.4120205152140537	0.5269903631292485	0.3864219814955949		0.4764871556751085	0.4369376484279341	0.4241706114707894	0.2358892590967688	0.3917255548555152	0.4009332047347879	0.3533239606886375								0.3302670224050348	0.5689263590830114	0.2227985251884994	0.2754322717123227	0.2912885466068117	0.4231958357671088	0.4556383436638263	0.3178452418805991	0.2928027091255631	0.1763438605321502	0.0941888514933231	0.3374138217717722	0.3512951762099163	0.5131596308598926	0.4162038147581854	0.7598973329059995	0.4923812586873132	0.4016144810984718	0.6599942148733371	0.4551141811317979	0.5046339437853515
sub-043	0.7058278748547583	0.0865248423853022	0.0813567541215728	0.513321464723347	-0.0077110310938301	0.2524320768148806	0.1581643799907449	0.6047895322987661	0.0064141790972336	0.3888482766948783	0.1094785326902327	0.5014439227691265	-0.1132258018717813	0.4031622652271755	0.2784310383210949	0.6195944616562975	0.2501030371134758	-0.16139619927745	0.5932210946989402	-0.0069078628536304	-0.1015920627370015	0.320805085705909	0.3973339380089798	0.4265451442283553	0.3115533557735754	0.3671357979278783	0.4843025773725624	0.3789345837772072	0.3393689382976729	0.7179045390050404	0.2720272911583904	0.3689457597697015	0.2830032594451784	0.8832336994038618	0.4353637884345218	0.0948170143980858	0.7561803281476519	0.6584548060230658	0.4051452540841	0.1067521702631838	-0.079516649638007	0.3305497768644873	0.5327442776259261	0.100141659410945	0.2492188195563702	0.4329731713816502	-0.1858375617479079	0.4414417767872973	0.3145876232248292	0.1516761654677436	-0.2422260857569817	-0.233011576229212	0.0094354972059649	-0.1720435319495613	0.4094247681093231	0.0525582018639162	-0.0775833505577967	0.4359659927019254	0.4469899309390283	0.0321726132641612	0.130509414146632	0.3648191776171329	-0.2672108259362897	0.1133012140066475	0.1317029569070706	0.0028163271219521	-0.2509702794029214	-0.2642977104375659	0.004460024764753	-0.1350223078109104	-0.1385525671055596	-0.2254663460163485	0.0817217011391909	0.3630549701026305	0.035832001605158	0.2233756352808559	0.3233281554117998	0.0897888453374734	0.2290811198094368	0.1640244164886916	0.0120561415987968	0.1772775101115415	-0.2046754437117498	-0.2519028203661317	0.2078389954374461	0.281815631565285	0.2325559452511801	0.2883443789157633	0.7581224909614208	0.1400183253639291	0.3549505499123334	0.2093341598822856	0.3839195975914828	0.1683169421933327	0.1502666709377711	0.3626378354892878	0.4560470156311171	0.6568788268188959	0.3708159737548506	0.3943623367884858	0.139810363347363	0.1061388849728406	0.5814274491768504	-0.0428156091845878	0.4935028850133693	0.0389151405435422	0.4639979869669166	0.5905300129703775	0.3481817822214265	0.3316998562951779	0.1162891251942605	0.1964887126551295	0.2670364494758913	0.1030207249735638	0.2726445672276976	0.4443750183631192	0.1198146369017185	0.3598736675792978	0.1720548701790266	0.1464377578531996	0.1262744893270919	-0.0532002468611174	-0.0828356920096446	0.1365545967914945	0.1967296682115666	0.4294533499742085	0.2466740052091425	0.1252940014288811	-0.020729998075122	0.56716863942738	0.37941907337739	0.2748344278138221	0.3074416134936467	0.31794545857737	0.4732441545890899	0.0803951961363145	0.3922024948980578	0.1944347533457729	0.4271435742951232	0.1528853797105414	0.0841464928800866	0.4892422434104064	0.4259012123221788	0.644679150868748	0.4544200152714116	0.0732393243801519	0.2996390561839084	0.2380873774656257	0.712658117397753	0.8058917802955365	0.2441025320189202	0.1199887814809717	0.0236823380844202	0.2031192562446241	0.1700019749302343	0.4687114020806144	0.0458792206057463	-0.0199032627267694	0.2189647145854887	0.0697116984590016	0.1439120186375417	0.2270467961488322	0.0405340284592828	0.2791358423810019	0.3096688363425677	0.692679141796387	0.4639220482461104	0.0179233402752599	0.5259629098188634	-0.0025661311240154	0.0410608331624886	0.031054321362259	-0.2299164368340965	-0.052667943573855	-0.0741959225605502	0.7616016800709475	0.237774433655301	0.3235352528379143	0.2711188031832635	0.2753610359294833	0.1983279062243081	0.2984889283203991	0.1857663514355125	0.2048282461877423	0.614488209062079	0.240838380811852	0.8586105329385773	0.6853359364503027	0.608375645034989	0.3359712876434607
sub-044	0.7054757718166293	0.4035354300089713	-0.049688627823916	0.3870932954618876	0.3734901598469733	0.3654318229177453	0.0950998404638324	0.7575886612768118	0.1113750252713684	0.5314003485731409	0.2171203196827502	0.4849138633464298	0.2752845987610435	0.5539746087519569	0.5550722608954729	0.108984792416276	0.3646709675224551	0.4851943660540834	0.3670291365020944	0.3850558772235238	0.1066999358047214	0.4985654541661974	0.5319811468208849	0.7222091728392286	0.4833895483871326	0.6516205546454108	0.3844308034321728	0.527677234240496	0.3131894945159426	0.6334331617393	0.3085253749742591	0.5836164658668093	0.5673090968417291	0.1114528785677541	0.5985065386283769	0.5071715209917634	0.6549095031836148	0.3239060786764714	0.7274498166001523	0.445821960516154	0.1553313050047262	0.1450186766036725	0.500204883236869	0.2197065184850886	0.4106435925960641	0.4785206783941531	0.3480841064904538	0.1041472005676686	0.4492144176108299	0.3206542866315325	-0.0601168689638564	0.2345786350353255	0.4167823494434171	0.3361914115740601	0.4057255995951024	0.2798501247377222	0.2882683426260946	0.5909753186333538	0.0019483223229424	0.3709216673892894	0.0671191247351609	0.4224860937255227	-0.0521329831124773	0.1703269890923636	-0.0081920492094306	0.1423158804635119	-0.0402079711879647	0.1315145172730029	0.1165709137899333	0.1706938787844802	0.7974776277467708	0.4131052827998419	0.3985741062551347	0.449625200228353	0.5791529014918343	0.3430867673981633	0.5620641256370664	0.4460344998610838	0.0444333558975723	0.3448699069501302	0.2700734713720902	-0.0484624319518209	0.5708436059466551	0.6241501196802419	0.5407725933780283	0.5614652194313606	0.4643807048265503	0.3949037744424524	0.7187326804341063	0.2563873947889496	0.2758825666229191	0.4707915839415	-0.0182967603270686	0.2729267416133165	0.2666373054158649	0.1464017793907539	0.737292726082319	0.7274058176699824	0.6309712933362627	0.6734491955012661	0.2801532557268694	0.5959734428384134	0.3732584538745592	0.1308258906376435	0.4302886742704452	0.2738729124374788	0.2574556104471613	0.5062460022542586	0.1774124320875603	0.6855564386115371	0.4334011943097333	0.6716751868698028	-0.0151967608091242	0.623606739176795	0.2286727970389841	0.2751050734833389	0.2176728219947007	0.0913265306320355	0.0606754185150472	0.2256769747554849	0.0617596508149401	0.5541622641785922	0.2193658702815818	0.4798982404009196	0.1103695622493653	0.4506149316686656	0.382789855743427	0.5041981875797823	0.240582590803953	0.61119364918312	0.4394543764344745	0.1949463092794782	0.2829604851561375	0.5173379518342903	0.3655351596522425	0.1190845152190886	0.1634873890429449	0.2432061856673433	-0.2426470534358334	-0.048710842335022	0.1045313826994066	0.2720825008317116	0.7211742421663135	0.4326171711551655	0.4769642482098215	0.2138823098417803	0.5017012338189224	0.2405162969532635	0.5927616125174173	0.7053564904123071	-0.055584954408132	0.2268373672069036	0.3171728128823664	0.2618806823876183	0.2518628712872072	0.2088254828237576	0.2856302289357563	0.154846984456287	0.0697922251165197	0.0881106711503132	0.2544702448381057	0.2255069478024467	0.044726796670668	0.6791781305612403	0.4974773708669756	0.1266438731362131	0.4581778206489048	0.5487337955179291	0.5639821936577022	0.33963068357205	0.4350881519075126	-0.1967705485892027	-0.0956423917273775	0.0997206267722368	0.2014569315766337	0.6336208468712389	-0.0250737060660515	0.1577378007094104	0.4799087501784379	0.3296526860976949	0.0464929762386388	0.2633861526962587	0.3835014258149543	0.3316507315015908	0.1936135662038867	0.0979501665884833	0.0981250849259615	0.720689398836726	0.6565968653996005	0.5304438773274982
sub-048	0.1649876516301686	0.42597393831489	0.2900699940864925	0.3329907429447221	0.2348637443448226	-0.0477570196429154	0.0345677509523645	0.8651244977484476	0.4288395332127841	0.2372151521414096	0.2209176217585224	0.3604304255108908	0.1606746152286327	0.1229938390634265	0.2256570895230923	0.0761303633879755	0.0406356682635782	-0.1351507125486793	-0.0025379082236629	0.3344953536050931	0.5084119067562145	0.2833923133753717	0.2523526196927462	0.1946091942188751	0.6308340559989633	0.1178985302293685	0.578010133113172	0.5157755478498921	0.7720605219716339	0.1380169307213305	0.6186089968060695	0.215106272396334	0.3746107909606683	0.2416544814329981	0.2130131511563683	0.7007945110148157	0.2600688527252504	0.5712281637303313	0.6522005692035562	0.7577407513321325	-0.2741618827339021	0.2478999883449162	0.5998086849924911	0.4610584553659709	0.0511233219425834	0.415826521803577	0.0297966793470713	0.5622780925293133	0.2377640750659458	0.0674798997254883	0.1630107688983003	-0.1818460658827581	0.1855563106495625	0.0905103992866214	0.6973387965448927	0.2411173102741756	0.2437336270488849	0.6349274610904638	0.3281320074937212	0.3633631192382018	0.3479670303337837	0.645937324567847	0.2723334306385855	0.4063455405676687	0.384262469332976	0.2683184453813511	0.5489275862251143	0.2737787187124089	0.3371424667769129	0.4579113595474005	0.4483625939906565	0.0275993631834546	0.2336218832885581	0.3896077197450299	0.3653201321842055	0.1620327598042413	0.4660853291303062	0.1836301942678271	0.4137944039616741	0.5146927737924628	0.1337796150829172	0.3381509004737911	0.0879838626172467	0.1628952959055878	0.2437561222776574	-0.4938234593591779	0.07717294481018	0.43145985946308	0.506426778000938	-0.1129035536069457	0.408125614474458	-0.1320974797636055	0.4853429363599281	0.1625141021912538	-0.1276082738639025	-0.0168275999009458	-0.2994732512426226	0.3055103152179317	-0.1255830387950458	0.3819057072227172	-0.1278563509793521	-0.0820553934106394	0.4571930356315508	0.0702078935314051	0.4575659981189122	-0.0263101939799055	0.3495608986360025	0.4112294965045587	0.4198681688813492	0.5684113026904128	0.119686178495138	0.3883281500171218	0.0708884870463451	0.2591348043113608	0.4103963241938184	0.6171922459500203	0.1084334667797504	0.29397150999645	0.2580550504886548	0.3927738522930537	0.4314927608414106	0.3015477196828043	0.4525067691694217	0.5281525681492959	0.4201279856254133	0.1186069696084197	0.2442828219067243	0.3323299990169083	0.1818948252825599	0.1431778571215558	0.1390826318282199	0.0496806754248798	-0.0805498637000948	-0.1332111368656805	-0.0434063068076444	0.132428561534228	0.600215738631248	0.1423051426980812	0.4726951698110083	0.1592850967484687	0.0810235956853449	0.1417963499240571	0.0923230180608944	0.4671055081702631	-0.0942338474715023	0.2445655225864287	0.3876030585927666	0.4037182405160792	0.214224834082874	0.730618606597971	0.5590628769612703	0.6123266558806613	0.3434471154267833	0.489109063812404	0.1232125516714973	0.4359955974451427	0.289293996223732	0.1080375191167071	0.1712132218215325	0.0858212302554169	0.5892635246913539	0.1316474948086154	0.177942072604175	0.3865461490760048	0.4288196338075929	0.3582926862949689	0.3673688998035959	0.0449227916409608	0.143257862084022	0.2188491029936572	0.3257906214263691	0.295699395625269	0.1335733482124362	0.5477139750322264	0.2324759944996704	0.255719126255269	0.3156900735702966	0.215439134298857	0.1408220602986122	0.2180038692070141	0.4437680113023328	0.5120803940015481	0.225695148671176	0.4126013519258074	0.7051867012591314	0.2856308819689025	0.6747856954185799	0.2836888455117039	0.4492730856032759	0.15438777713092
sub-049	0.570829654785706	0.4430382861433712	0.1432007830273551	0.3261354417260846	0.1910600259161542	0.0889788334824121	0.1941114717698591	0.4847833506764726	0.1191414564329529	0.2763258514743192	0.274131715599069	0.1626155167352528	0.4948634973231766	0.0519226034539088	0.1382535566349936	0.1514025874773353	0.2985967964859253	0.342832758791393	-0.0458739642965334	0.5725155446436272	0.3811253214986699	0.5118773847295456	0.3871481935806828	0.6610634999970203	0.7752089818158446	0.5238945641833264	0.2820836709875712	0.7869235826574321	0.7620008647955636	0.7064963955475912	0.7136394263634772	0.3936022177326634	0.6588328752099435	0.438059815617372	0.4422534305552725	0.5641943121649444	0.3978471211872884	0.3234056541311845	0.4102023153568884	0.3170443560761865	0.2690329061497577	0.4381454212142606	0.6972250012924195	0.1733604022844571	0.2693399974767835	0.4657411744332396	0.2440520664532973	0.2166738320620334	0.3329824764923447	0.3464383855689705	0.2909085768396226	0.2599729339635258	0.4754868696563488	0.2605276181742	0.494159635021085	0.2347864534060288	0.4867630939345854	0.421545440177395	0.2949807860930863	0.4972074195508403	0.3528769366878208	0.4333218432139969	0.4220074772334296	0.2447746194908893	0.5698420052736489	0.273534154596873	0.2628984289545641	0.2669851942533495	0.3439330466405805	0.2439196495629485	0.5038398330779928	0.3600839108316355	0.375523304470892	0.4611764071136585	0.6057363826512926	0.2613517342257425	0.6093573667953676	0.4444500928778379	0.4134277823760814	0.768279278944723	0.2371706009955184	0.1267616327757801	0.2720917840584144	0.486504474920593	0.161488515942227	0.326460733982802	0.3339765220200846	0.268951032113677	0.3412955999841728	0.2013206979119443	0.439252019445606	0.2786300288187782	0.2768533850822959	0.4883589280896424	0.1733510005981066	0.1871767066833253	0.2041979789484878	0.4494593350928796	0.1627548840140301	0.8743819696012162	0.2338177181872172	0.539656658621748	0.8054875278818974	0.672672617906678	0.7357063673740013	0.4717977756290663	0.4658236548120805	0.7689034028292271	0.6512841560536625	0.5342642515851412	0.5258432737337628	0.5495128291094135	0.3724712595031645	0.3846024946131376	0.814575615884716	0.7457204989170315	0.7303670688083426	0.4853490639477344	0.4262289880610528	0.790350747431285	0.6358689853442083	0.412020735443337	0.5298075337826569	0.5679858481378071	0.2374279363371954	0.2289599040881517	0.4233250478491001	0.2460252464660397	0.2992721389545437	0.3764827433585062	0.1903877268830009	0.3252019200787829	0.3664044361597167	0.439720463772505	0.1435906623675917	0.2992238746597268	0.3788823590668818	0.3205459402525314	0.2024686653139161	0.6424193796134052	0.2477832459281582	0.3498862375897121	0.3997718836708567	0.4348902446785657	0.1158860649097778	0.6699052959517314	0.7567785844329449	0.6527175144598788	0.2995066033952071	0.7665167534322956	0.5114205021599773	0.3726029158054599	0.4304525327904316	0.3959089066024114	0.6933876926306878	0.6126462514355843	0.6185692042714269	0.5519015387695387	0.3591243260843846	0.3892616054081128	0.4670636955856004	0.3707906978919885	0.6534512975400427	0.4959146189565622	0.6556659770645232	0.3896291164408313	0.4104557712731152	0.4212050823865258	0.3623949400347128	0.317834349958021	0.3738384271311309	0.2359292190508766	0.4534465929106591	0.3483326149851015	0.1408815505239718	0.2262715956900858	0.1636723949733581	0.2640585634374786	0.3165324361609061	0.1855366635228925	0.5837664617983167	0.3304003721380099	0.5092767920526532	0.4940091331291799	0.5722307929279762	0.5224213151008312	0.4665344730379088	0.5557894934975922	0.2294799879498461	0.3662434968824119
sub-050	0.4515425491334447	0.3392608953269813	0.1649176817670782	0.2659937594076821	0.3408184629742967	0.0748911175326133	-0.0370379842348164	0.6915866767747055	0.0100626273213037	-0.0100644733619986	-0.1250766839645982	0.0325531233914948	0.2887718400470682	-0.0191326207830955	0.0441508742918098	0.055330096659123	-0.2053884206916719	-0.0540183454737347	-0.0254166565850067	0.3239449483258981	0.2114650946700049	0.189520807739475	0.3168299753347395	0.4783553442017683	0.4326361182169268	0.6491362047838606	0.1285601909866571	0.5828908540294132	0.1857010293056133	0.3957223620819719	0.6125219771985565	0.6519467889182242	0.4974284747427178	0.4317580730505069	0.1359718566743003	0.4105461179988167	0.3672861194988033	0.6634037518371961	0.64921980893038	0.4462285415795081	0.2885039820544931	0.3118875004972785	0.5242625476104327	0.3284406798690677	0.0769254412691791	0.3885770620542917	0.1510498319048826	0.0048667392959908	0.1076115635061818	0.2495844734712688	0.2520981710018902	0.219388569670229	0.2627014904305667	-0.0354057114237875	0.6994366368852408	0.3116877829300246	0.3893921724118023	0.5130907155849661	0.3352230908887347	0.140013531997144	0.1658314078509309	0.2089531638450705	0.1791998119572795	0.0459610661959387	0.0930183270964077	0.1843711987117633	0.3266604355978165	0.246662821934214	0.2082830319039262	0.1995164292725279	0.460379684901045	0.2879385246834034	0.2635334343414015	0.3264530242139408	0.3046868595670267	0.0663409747314409	0.1985006139798733	0.1180020164107835	-0.0890316942986403	-0.02554591654935	0.1328715268974468	0.2231064828992371	0.2923809343998536	0.1155588084893293	0.1535164892151142	0.4086555105002013	0.2465947048178434	0.6051013965091213	0.2093408319703188	0.257701991548778	-0.0348892955383724	0.2330139918983305	-0.1942891188288712	0.0944164758395887	0.3784443739522572	0.4714188239607891	0.6645824161416576	0.4617445565488752	0.3365284928582011	0.7494033953419742	0.5181011781872017	-0.0181798436742695	0.7427417881774554	-0.1510285795441399	0.5590140834600257	0.4823707105752916	0.6954010283965295	0.6688399536391185	0.8685170564951415	0.4228977260159323	0.1116858345344605	0.7536341268670081	0.383006227291096	-0.0656165264304224	0.7003016133356664	0.1459595393375153	0.4634284327441808	0.4842200262695383	0.6125894024380841	0.5199000336900234	0.7161393778002906	0.3473504487772648	0.2208283161672588	0.6115516070778534	0.0397287464723251	0.4185102516316469	-0.0212249175830526	0.3621100244536871	0.3654185786144452	0.3354443293698497	0.4964363236465372	0.5248614949391576	0.1635737613150919	0.2699109598303119	0.3338139880347941	-0.0233069450159163	0.4237064601120391	-0.0176042525716058	-0.2435886481485486	-0.0440064232417699	0.230477810212604	-0.001757968227771	0.3021717927668315	0.1473845348949959	-0.2316587699126266	-0.0245107424519609	0.6068903008919844	0.5438195111701	0.7599471494911864	0.7870011819219562	0.7460915918401871	0.3666586895729183	0.1664576311819864	0.7684823178796959	0.0254581706160919	-0.1088317023033381	0.0812384876765727	0.1266195105121798	-0.0928099200322552	0.1047517025978468	0.3270386609843593	-0.2459323797003637	0.3371412507219185	0.5898101323092932	0.6266648133255572	0.5598301714760485	0.2790186276758049	0.1063664991577431	0.4850375766321068	0.7075373896304202	0.2913996993058693	0.342451921340308	-0.3102869131453395	-0.061713437965789	0.3288618072465623	0.616419427099317	0.5918437955489978	0.1680117392311823	0.207363235141235	0.5265936914840242	0.6889082834275696	0.4293427719977388	0.1682890268664615	0.5408863579849891	0.5779083643375736	0.1948117850294431	0.8012648245534952	0.5332738836116165	0.5019927478585486	0.0747108608440642
sub-061	0.3261350861364743	0.3085719651137626	0.1905643970901274	0.4921253846675246	0.393881406988589	0.0933576081601348	0.0914397245031688	0.3763860329430825	-0.3082914752119741	0.0844492468654927	0.1801810410773363	0.3208577258292989	-0.0238688043204496	0.0420402932050206	0.2108353679542274	-0.2435474094505427	-0.0514498822376852	-0.1096818765600148	0.1437330353610573	0.5213577944526241	0.3519897707632556	0.3041066660273586	0.0708888617408547	0.5817506954251065	0.4403330094941896	0.4136309781482307	-0.1481543016566774	0.5791637877705321	0.2720423871668379	0.442694552652192	0.5367618500850518	0.337823482848873	0.3820841901695882	0.4292829657265856	0.5404717951334901	0.4256261679229686	0.3316187409182269	0.7211191978091362	0.669913301001746	0.2688384028868045	0.4384326142143797	0.5496377237505043	0.5862708743421846	0.0295998246120537	0.329086069825832	0.7004458515093536	0.3109850597130271	0.3508998273832638	0.4087624191817691	0.3022918476326357	0.3370202375150744	0.4854697548189154	0.2508193702480202	0.4493446987802028	0.4261464011096819	0.0919734281793673	0.1419763457225831	0.5819521456966167	0.193803622939201	0.0924682163870758	0.0888104928734319	0.8242029928492997	0.0968970333060256	0.2018121852517175	0.1319236633407823	0.0387208388349021	0.0768444452694884	0.189844493139801	0.0019676467969159	0.2062983795808893	0.5572386532665755	0.4298649371923472	0.3208276465199358	0.6196917481602213	0.2411707436775989	0.3544940604745509	0.4343692828347841	0.5128070554095916	0.2960381132114291	0.5072678639830177	0.4213429200534148	0.2420929280455918	0.3112802034848022	0.0838405724832324	0.4974904021797042	0.2690775005178198	0.1522575254068939	0.548495470945457	0.5126667890376083	0.3459283453402468	0.1203676098491298	0.4534663153375797	0.2104816087068653	0.1426389978016378	0.4509807264989123	-0.0227642633048787	0.0606734158193923	0.0110647403992666	0.3981903892148537	0.3751565833446334	0.6324493288883632	0.1852546106712897	0.8792723344342004	0.1352762485335645	0.6654448686312033	0.6613307986206903	0.6951618088102037	0.6967202055988618	0.7391641474967497	0.742845256301241	0.5852556704603544	0.7249412142125216	0.4198289739508151	0.2042200679764804	0.3390178764212926	0.5614879843516073	0.1646379029650604	0.4073398823913411	0.1360808912833899	0.3013457117273692	0.3960991032725955	0.4096080627465394	0.2818057994558074	0.4564263632850987	0.1186962482658994	0.5614221725300224	0.2858754212570265	0.5226608767130949	0.5219348482958114	0.576785791766868	0.6323853852898675	0.5474689353564108	0.6470106548937274	0.5887664531154457	0.6988499558289037	0.2367378919326442	0.1194177454432943	0.198150159794188	0.2276249529119846	0.0997101963740738	0.2243851759268572	0.1461996266064033	-0.0108797562341044	-0.0828791782565537	0.2059786352249937	0.0699913055028206	0.7409442071779708	0.6931693866177913	0.6047324985615613	0.7768124883332184	0.595124551471277	0.5827878056254648	0.4879698729792744	0.660193532660754	0.1310362067500673	0.176421012400997	0.1110280002415328	0.0525098141159094	0.1578045798905994	0.2298227506393853	0.0387839190621977	0.3063451876802393	0.5570829570480069	0.5777766641635698	0.7775735011627827	0.3788675882112681	0.3704549246735221	0.2802732348505137	0.5463870794585087	0.548054726945669	0.7001249254552395	0.5988390671359751	0.5541497598342059	0.5131862940537781	0.5098618903300194	0.6750032646694669	0.6231546997754278	0.5560853771628828	0.449858067876643	0.5322635143551289	0.4494278949027936	0.4186389886636563	0.3783867119699125	0.620343302727424	0.8902438125470011	0.7908282487863447	0.6520943891298492	0.8567930237552108	0.6528186812470927	0.4744003532860862
sub-064	0.7268718000222166	0.5370926038234386	0.4802740497238477	0.51923484284475	0.2840277637774333	0.4932437380713688	0.3026503700146387	0.515784062755797	0.7449234454089971	0.6454528437609146	0.3300930262603868	0.3445317286586569	0.3122419491841713	0.4682099722850246	0.132949260764455	0.4056646778219557	0.5080351851175001	0.5659611305109196	0.5393488802207335	0.6806870436243082	0.6468918378084842	0.4990201471272675	0.211860928347434	0.6517873236961117	0.4826803214336	0.6454922271598282	0.6803439617283777	0.7406393994779128	0.4880629634931803	0.6987214391135971	0.5857988031663087	0.4521247755102587	0.2289515731551175	0.5193932167272591	0.6256710053050962	0.6271173185117568	0.5290350054308779	0.8580056451597922	0.846621120208602	0.3414397561997884	0.5945589869453313	0.7201964028444375	0.8147314856888783	0.6444198210416927	0.5734421705576691	0.8542243789191913	0.2582117183707186	0.3954637004377675	0.2890661154051922	0.3068585826049015	0.5175255259941113	0.662139829249941	0.7271571137036522	0.625340744382202	0.7470777791909253	0.5004280851978293	0.6526033425148574	0.7881094272044791	0.7667440277563176	0.5782190343279502	0.6082895146719797	0.8577888776898817	0.3253457613903943	0.5373582458464412	0.3772993712795246	0.4341937725311274	0.601849880082038	0.6596353453407183	0.7048191098206843	0.5682822634244236	0.3908131458875868	0.4659267790109877	0.5581691952566562	0.7087711574588893	0.6149998196650989	0.5680262995581397	0.7355531767641754	0.0574275414132597	0.2655900409275656	0.4190899006537791	0.2307966230964622	0.4292598001581495	0.5725534584143239	0.6242911045523375	0.6124349990641803	0.6257148935547994	0.6972033504600604	0.3544619902557	0.2175049621728538	0.3596355231245949	0.5317000434176393	0.2561927907387631	0.6279927067525756	0.2238350586557146	0.6443057586289592	0.691981910102029	0.5767154683641189	0.6601589225859793	0.5698456590611971	0.7652441483723301	0.6008363933006211	0.5640571360614924	0.7115272329973219	0.6233872877328834	0.6390256892352828	0.8650289467212696	0.320727399195556	0.6987053403202806	0.81597956293517	0.7862844787036561	0.7996682606733603	0.7112808466655867	0.7456050348068477	0.3946073934247894	0.4059506233743881	0.8933483611331103	0.3799698005164939	0.7157356581589879	0.0975857748355841	0.6713672481193499	0.6786636836306439	0.6756808299254928	0.7335189937896404	0.5676711319007347	0.6392168555502751	0.5124738387411235	0.7912793160380113	0.2808363361279175	0.4230329464363908	0.2484631360628774	0.4068381232433797	0.5573795206159677	0.6801348414030739	0.6578549765559085	0.6465426686460133	0.6593617221738478	0.4230560602051255	0.3159820850037793	0.2620008344866493	0.4210692498405489	0.0662781136500032	0.4144620679442449	0.5857049660629743	0.599667585585703	0.4903125008120531	0.4094477992214889	0.6640365222257243	0.5224296229034374	0.8029400083951242	0.314193482718599	0.543146510072	0.5719831319360154	0.625819565727889	0.678949881557046	0.2268897607801506	0.5375398919870122	0.1606352140464077	0.509600052691687	0.5817272271995393	0.6403745953970249	0.6894859130891972	0.5632536543243408	0.7048127165076273	0.4210950067831059	0.4039237811176877	0.4535209467796569	0.3998905306590756	0.4070007215503018	0.3675992480794824	0.1840957419572161	0.7915703919677776	0.7159007449890157	0.6456978771011687	0.6699183912004018	0.4700583915974567	0.0693628901775111	0.3009657607848625	0.2799294276695461	0.3347376624245549	0.5595992087093675	0.5676109602011189	0.4749508646412574	0.5130606297392418	0.467152070139825	0.9332629835118827	0.8745283039121162	0.7939515357034438	0.9358543494846372	0.767800889928613	0.7537190819527321
sub-065	0.3979712424760379	0.3629455290016404	-0.1338758071069075	0.2625809692296834	0.4718870075593602	0.1086532979689766	-0.0301619234627918	0.3074052803750318	0.3651992667412909	0.1207044506379787	0.2982082279776932	0.0967021710329828	0.2720963603011977	0.1673653820326839	0.0373838124479377	0.0594098156657336	0.0555145496215715	0.1052026296900899	0.0409476071945608	0.3484670701402885	0.0467288865231003	0.3103034413790214	0.524281029756407	0.6535333783968694	0.5402840752555913	0.4991711054038137	0.0406999986109603	0.3843523099631595	0.5013798087120334	0.1330370485688972	0.6724201662738021	0.5186844765330314	0.6113325023159051	0.1656136789755432	0.3518782670350462	0.5479651542397421	0.2653904562578135	0.0943402799869343	0.4450367707931378	0.2815210353826562	0.0832677148638983	-0.0297304232361535	0.3365461747602894	0.1604484420295717	-0.0734244326308026	0.492072319580475	-0.1285251356207984	0.1619436756074179	0.1765348096028977	0.0339065982971994	-0.016092124656165	-0.021939200345412	0.0557698066840753	0.1722387672442066	0.534134620327841	-0.0887009148443509	0.0951861335882784	0.3137689280249519	-0.0067952915415728	0.0844415131701901	0.0503699310616192	0.2969869808166692	0.1049622671046948	-0.0801570309345289	-0.0103704774356688	0.0839447444855601	0.1500634868078156	0.0919138439583747	0.0844527999561104	0.1081778324598317	0.1825779119319759	0.0055850450148116	0.1960921441546943	0.2582156298811591	0.0693971922636162	-0.1019916130264347	0.642428185509934	-0.1192600670748434	0.0734642548187899	0.0014887001539201	-0.0913050669764689	-0.10570941409159	-0.0892552697451976	0.0848199744593424	0.0306702605706029	0.4283899392721825	0.1914285300658343	0.4080970640783684	0.3997070166081946	0.4261076014497162	0.3670120979629701	0.2518466921273798	0.335643565116805	0.3833887577870365	0.3345762663108992	0.254863196381872	0.3591316291393793	0.5147965648359082	0.2700692271452278	0.6604116834577849	0.4626385967799163	0.2480243871933621	0.7652405769856045	0.0815324315048595	0.5315627560567977	0.5124612380718491	0.8033300673270624	0.7840732572353614	0.5969847387603753	0.7334110695859024	0.7677711082815459	0.5384456997435207	0.4121612852888126	0.0911969228128634	0.4815001756233948	0.1176875990290693	0.3089587158471876	0.3555233840500273	0.4612943755379449	0.6074690009313092	0.5453849401020107	0.6357032376498352	0.6221338416583674	0.4851942866183575	0.1729509454197428	0.3048678017086503	0.234508832536794	0.1495720606029313	0.2791557635596363	0.4757439098471907	0.3540251417815068	0.3982434815181325	0.4464374950877782	0.4472186433704972	0.5423365980008802	0.4801439831679468	0.0602853308859702	0.4263199011519324	0.0375657333378556	0.1723310237379566	0.1174011334149098	0.5668401317685445	0.4223055277874419	0.26449898015593	0.3231349312422616	-0.0090858630489766	0.8009394365590042	0.3446053543979138	0.6377428292285612	0.753972338735519	0.5812108815453346	0.6342407327877723	0.6975306382976697	0.4079362629274385	-0.0622879350170199	0.1628412494410057	0.1275892379154065	0.1232491577962167	-0.2032281976716213	-0.1985519129431533	0.143426329503652	-0.0518907623634532	0.1976376285139279	0.4450994220322255	0.5813064830399561	0.4703351435654933	0.453683415563871	0.5207117147362683	0.2757129993489293	0.4194916249019707	0.4771508077396518	0.1542472735165607	0.3120784717844221	0.3974569655774151	0.0850397528860834	0.6671184899591167	0.439816763326242	0.5651842184650012	0.6486832105216866	0.3947114119659369	0.4584545121885039	0.5758742898388893	0.7213968576724727	0.4095294245320722	0.8676761061924626	0.5807062018848732	0.7124576087155167	0.7245480962061173	0.6852732087789681	0.5012954851296337
sub-066	0.5646448280065851	-0.0263824548537041	0.3289499420878758	0.1926187982960306	-0.3328422709474557	0.2031991770565309	0.2293184719158393	0.6364767956205073	0.212844025479289	0.3144067053148149	0.3684776152784206	0.2178443673585374	0.345812942491956	0.3546086762465526	0.1978351362212963	0.3199971062627064	0.2137877227700263	-0.0762084971407133	0.3753456950811178	0.3743571394114338	0.3055170704339576	0.3293574502979686	0.1880729317886979	0.747022442873723	0.5792413546176326	0.6986894967055836	0.3927627425347529	0.8331369527338653	0.5029428899054681	0.6766938995671637	0.7805852640606421	0.6870497915102421	0.6957686148849624	0.3823255296818333	0.5395651671211701	0.3937996378260304	0.5256862295650326	0.2255387868591595	0.4865603019001145	0.5394835377015499	0.3439781923933414	0.3757084356010348	0.5721015452220908	0.2308826980193103	0.4232227173955838	0.2677253864767144	0.3914031807905707	0.2880970376035232	0.3273708264319694	0.3138505556969178	0.1093040241336852	0.2444683697833924	0.299031713946677	0.3223489679202629	0.6253021742792573	0.1648450846976489	0.3684651726935367	0.6785743387743676	0.3615476008287799	0.4703861998812209	0.2467296227958242	0.4952761791612685	0.3312061590704923	0.2200654560974507	0.4415267151737165	0.1609071088650912	0.1575057245744871	0.1508637437925626	0.2282709004976077	0.2359771475091962	0.5653412198641277	0.2084079899134009	0.4201131587660683	0.4667897602685932	0.3495661451294969	0.2460973223966759	0.3461179109894912	0.5132091194782005	0.113533700904074	0.2768866094371277	0.1684230958946837	0.3965592541486214	0.1654820424327747	0.2705518870426929	0.4449016594323106	0.2858412937195621	0.2947196981960838	0.0862407133276595	0.3411362353935295	0.1566452446223099	0.2186063723211183	0.4377760052813889	-0.0320645384869831	0.121524193260538	0.0622535831343228	0.3743358943566012	0.2426599570039289	0.4754985163354092	0.3955034302438032	0.6812094050239013	0.3953196871841959	0.4102023861896217	0.830360620201098	0.3998899044935863	0.587928545647823	0.7043381019203735	0.7304913099199685	0.6268945667832945	0.3407527249285739	0.5273776907239807	0.5205199863394852	0.3325352262113966	0.3346237773940864	0.5642690591455649	0.5440899390267059	0.5609526270327655	0.4110794370205043	0.5137069171726275	0.5424531602044745	0.3957559300952002	0.2755603106938536	0.3962567140837584	0.4518365874222112	0.3254240049033933	0.2955769236039197	0.5396071649278215	0.2868291756566782	0.5664103337535803	0.4476977455234612	0.519868985262933	0.3914784444858822	0.366261226048961	0.3698845653872754	0.1923151684374017	0.5450530539604008	0.218787951175279	0.4932909496584612	0.2277544352062706	0.1262800015863355	0.3426642391231372	0.1460113157483923	0.2183642887982066	0.4267750466760669	0.4638811026816267	0.3741138005001856	0.3116682929984863	0.6515272500920134	0.8745488607706314	0.7675555809011217	0.8207610097470798	0.2469336548048234	0.3889518739653283	0.298158717813457	0.3158629107877684	0.1852009145402799	0.3158727738381296	0.2501511660559359	0.1443677252652277	0.1557634452187591	0.3944208917703447	0.3415875306025987	0.3279803038167166	0.5092747330669332	0.5487121551002102	0.5740121102864801	0.5508691310077617	0.3469448969595087	0.3147202629547916	0.5292894999619867	0.6667414832627158	0.8240886753125449	0.1142306656166142	0.40957600293273	0.2679297508631365	0.1542215155429421	0.754465043667784	0.2100939540058995	0.3719641204030697	0.306098732313799	0.2811948811404938	0.0911643212048229	0.3480253335146487	0.2442542939709988	0.123253024982145	0.3936111164265398	0.2205172572241845	0.6385391797483901	0.8006888834046408	0.3184746310981625	0.2458645907885968
sub-067	0.7968688943504687	0.3725609447997694	-0.0307804046545111	0.2307185056011337	0.3318285677944401	0.5836925537593536	0.3619328129055609	0.7673857023441555	0.0139989729182132	0.5502743970352001	0.1785569129862844	0.4459011052888056	0.6412702188683096	0.5882752973487234	0.4254721769334252	0.4657670190957004	0.3466796449030379	0.3889221806624223	0.3062977162941981	0.2936301502469661	-0.0068940396943723	0.2458301294554503	0.2613328379449257	0.7235011152193287	0.5647120081448261	0.603155876650511	0.2846086934759378	0.767143823945279	0.2156723009106671	0.5469357357970706	0.7539488827023004	0.4489942494215053	0.6289421080881213	0.5718286911364567	0.424904668655741	0.6058506313933851	0.4621207932933187	0.4035749951030697	0.5038177238561923	0.3423925318647443	0.1682321878727311	0.3648259166766858	0.6215406535842655	0.04494636333823	0.0874920964240089	0.5570302573640615	0.0663395536660579	0.1669754436751712	0.3850346506047747	0.0733584118951241	0.1537779973010475	0.0240286870497378	0.0514384693544495	0.0202378671840119	0.5360814061465654	-0.0519641942751801	-0.0229835672999738	0.4848310433421844	0.166504219278008	0.2839568178455457	-0.0968765703062108	0.4269268159748926	-0.0792721873001784	-0.0077990289736233	-0.0515130325388515	-0.0814859546561138	0.0213214282428946	-0.1509106458301939	-0.0901192089363172	-0.2320046577969976	0.3687936346847563	0.4199764026172656	0.4540018964483449	0.354622080143417	0.1374101244925858	0.1915602869884522	0.3904457072739297	0.1450772210696764	0.1667915450330554	0.3530496084295093	0.1404394811669428	0.2970294961236305	0.3079866488531936	0.149436854226136	0.1379264262306337	0.2873376961989985	-0.0094170981843704	0.4819782732994495	-0.223689846673577	0.1854536013796467	0.0157196645862643	0.1150100855193552	0.3008570309639992	0.450030225877259	0.0299151964117733	0.3897532432863314	0.3068137112936436	0.2657372725335094	0.1095778349618801	0.6120284406793866	0.4828538852232608	0.1733969490692625	0.8633659464499466	-0.022706649209197	0.6207779078113362	0.6532384397729468	0.5567227135772845	0.794861277608428	0.754583910983309	0.7227556135599236	0.6126096402010753	0.6547013590796235	0.3743916726620523	0.5745844225298135	0.5203694904373714	0.2512167072463775	0.3987404479644311	0.4904098618001286	0.204272956792844	0.5592353442436785	0.4601323268591377	0.2484648608570082	0.3958455919843979	0.2974877656439547	-0.1244178675670598	0.4498084818569948	0.2165203789125951	0.3634742753652463	0.6092372795291463	0.6392164030203449	0.3045993437388121	0.4375570260275487	0.2877638688393976	0.2272999754972492	0.2284993647908563	0.1193849138548125	0.2687368569605156	0.0358798986831825	0.1004965620721964	-0.3559157846584891	0.2445490997318675	0.0693189498477856	-0.1731339225618353	0.2792034128864694	-0.0400130513722343	-0.0688071781982958	0.6247326655516898	0.7358958458117194	0.4845247038547571	0.8342279799762261	0.6706284021639197	0.6589266613469608	0.5976359737957779	0.6801871251022514	-0.100430725426853	-0.0689062850796181	-0.0013563484040117	-0.0484446209725641	-0.0469241158346521	-0.1349995358058324	0.0324392231668838	-0.0965845044568281	0.4686958051091444	0.3931236635181453	0.634058938140867	0.5413424742944827	0.5366441550284357	0.506174631578244	0.4788736590428328	0.501281955604536	0.5280365916181023	0.5046767640144121	0.3624900122470855	0.4105714802703014	0.377171365606798	0.3161516092760899	0.4367164079077565	0.4898699706081481	0.2294073287222576	0.2571203605637874	0.6766378663154549	0.6249142275081053	0.6093571555673726	0.6407665976539529	0.7994952775893733	0.6964826574626511	0.5290899961422437	0.6200032429464287	0.6021015027478839	0.391037310933906
sub-070	0.4785209985854031	0.2406521378602525	0.2340114557652135	0.0014019311586192	0.0851498816488153	0.696392581064783	0.3207347538644271	0.8971038525360733	0.3328566407758824	0.4635132956856877	0.1929958194887233	0.1806333151030079	0.6475946933416316	0.2128214888705533	0.5764565281943927	0.6350252563341214	0.4441326356810852	0.1852791543923686	0.6420014126112946	0.0917599842243204	0.1094542842780914	0.0319517227380754	0.2123090479839777	0.542792668002684	0.4885542781492384	0.3789003474405786	0.4494615285304432	0.393590704223768	0.3350505365823707	0.6142705366315812	0.5659291429810808	0.1037719465292802	0.4389709248688139	0.3203551656528941	0.3558501448186972	0.2839157362397434	0.2269217929629295	0.3236209717602737	-0.0207978334942347	0.0862136511968511	0.3014959655406494	0.3052937415017275	0.2828375309545172	0.1905299236415487	0.1688486235950403	0.082269825999885	0.0052645028055424	0.1656822753337391	0.0877964937278691	0.2471781865817207	0.2246125952964298	0.0595355185455976	0.1701923615503837	0.2992431898377125	0.3751205422215353	0.3016906149844943	0.4137748381877199	0.6790267319154668	0.284987550351591	0.2926648750308974	0.3710061165562465	0.3981666088303575	-0.2005306728017959	0.2939943044648665	0.2793688688759581	0.2736203882774279	0.3534669248097568	0.2507345326488721	0.2993022956697546	0.3784400195084827	0.5638537524722949	0.2530549100462365	0.3093611556060556	-0.0132519590427573	0.3888292499680835	0.4043133573205529	0.4406063885989071	-0.2326992174365785	0.1387061198127769	0.5895608297228991	0.1320873835158293	0.2858079362661423	0.3784883854405724	0.3616766696992062	0.1062794300268092	0.3772480955546033	0.3781474084599199	0.1177095576797719	0.1902147129929104	0.5323669480167762	0.3442910213938693	0.1493242726427864	0.257658609651159	0.5730474821487744	0.457843507441005	0.548714078038343	0.5099245820189973	0.7186097829981652	0.2141364077965065	0.5486865419366568	0.6745788813777529	0.5287382700585609	0.7398995655941102	0.2884697450780186	0.1532078253983327	0.774306085053338	0.4275033254020887	0.7357708616758629	0.7582850986511297	0.5577424658375036	0.463894050981129	0.6300362211438195	0.3553159156470817	0.3814316109360695	0.4352637169399603	0.4710979874328652	0.1309575326651557	0.5150800335140633	0.2358517081999886	0.4173310324769176	0.3930474088797261	0.3971435485166237	0.4224170866511189	0.2816436759550216	0.3068485808540362	0.4820242000548811	0.1667266341866374	0.1740418567257119	0.6064563046822554	0.1988892357779375	0.5664670520860579	0.7061879320744524	0.5234287523476042	0.2474793972329972	0.7023105997462247	0.4336063070890324	0.348008360414319	0.1905732158219961	0.3147818687986977	0.3816460962095823	0.2174202528639215	0.3775453764943428	0.3048988918654854	0.1966663921884183	0.3454398080804548	0.3760991349486886	0.18123296400831	0.6554957748584912	0.6250077558889231	0.7699796670409458	0.7775530300333551	0.6652821267220713	0.5969118597416033	0.5977965135245017	0.1190471564601843	0.4032143224950258	0.4876386574620969	0.337107726847031	0.2184417548186354	0.4142224351194926	0.4227225547879323	0.0756189631912002	0.2086009711171315	0.0365077820429839	0.3155154081138705	0.1060285181503219	0.268338455371191	0.328720389035955	-0.0431410480654824	0.3105011587192283	0.7838093669416136	0.540040405523186	0.5257602471717983	0.4950840505705004	0.4882143917820162	0.5314719863836999	0.5312095292058703	0.4330508547771845	0.5361192442068409	0.2877141113698815	0.6954475259246267	0.5726960556109372	0.6745025309134787	0.5103215424068299	0.7331083196243938	0.5374913823791784	0.7366535681096449	0.7037343474983938	0.4257529993232541	0.2759277729102635
sub-074	0.5329645977022528	0.3837416303711706	0.4751482559117922	0.3698105854412827	0.3585735723761368	0.4397057091472138	0.4724017987244862	0.5179581579269698	0.2625939183436657	0.341795130015488	0.3767991570049383	0.1528786618191878	0.4249080984244792	0.4675332700969231	0.4805918884422974	0.108415814421299	0.288613360123453	0.3280811851107794	0.2077950229173048	0.3187185380322422	0.4401945709802941	0.1731517824842134	0.1300111314823606	0.575382814002317	0.4735775450825174	0.5884904110626871	-0.1263097494931008	0.4594267242850366	0.278541058667141	0.1524242018021054	0.4440580494256793	0.2403179214434629	0.3954324614863347	0.2577631634210094	0.2029168090715088	0.2990944876932344	0.2741052077272432	0.5610378649249098	0.2474701920001912	0.1146292404915164	0.2166351075812235	0.44353991309613	0.3132663728155411	0.3561554185882925	0.2717500626142317	0.5812282014557205	0.158777317272653	0.1125537695803713	0.4738219602584943	0.4519290172762432	0.217187744620485	0.5034205600438009	0.4860862154378461	0.3309038171468874	0.0853013638609255	0.1033497508998977	0.4369972246426802	0.6885921446292894	0.4531607577537432	0.0821873032255076	0.6114549622644632	0.7612980734020387	0.3200359120717536	0.1751420702329698	0.4822852222882701	0.6214981684108377	0.3101953252583828	0.615348358612595	0.6362782516210763	0.3410032462248624	0.6558783837111034	-0.0352847051237443	0.0395452005957516	0.2220257221165313	0.6090766390117275	-0.055170668167686	0.0909050060643514	-0.1159593666018177	0.3298262101374977	0.571655954558125	0.1328962299356469	0.1231030962909815	0.0713719917015298	0.0003867773232612	0.060660240879669	0.1311031048243222	0.161579434912812	0.3459076579620542	0.5540948145421049	0.0222805528329408	0.0449386090150999	-0.0508231146074004	0.3815941033069098	0.5027246370556918	0.3043467176015137	0.2968484672778385	0.1935334798529641	0.0748090217128737	0.1626481589373245	0.664749286972845	0.4818726873491006	-0.0617085001078992	0.5356387438552762	0.3861986314108202	0.2550674701407195	0.3803631726646098	0.240231471957679	0.5551140305512057	0.4171416205528961	0.4164104803000599	0.4445227037991989	0.3614440653235514	0.436553002912121	0.1145630740171689	0.7589977536283486	0.7876515202130879	0.3452264287400831	0.3152857970958069	0.5544945781722297	0.7918277274338865	0.4355734570237261	0.7681905092468477	0.7484324354777321	0.3671193467871824	0.0653672770382751	0.4478844940946606	0.3048396409709543	0.2641751801975869	0.3991996161756894	0.3223765897271165	0.4556212886780503	0.2854037731717914	0.3116923570820805	0.3183732368144112	0.2842305309264796	-0.1865399743655828	0.1324731021070118	-0.0448902004823032	-0.0072567977138577	0.4986925720930599	0.1319543942938253	0.1813648792661022	0.3049514644434108	0.1428854015496611	0.180371699582787	0.6839787945198589	0.277986038963986	0.3291850820889348	0.4213335070793215	0.7336335107343551	0.245088164156717	0.5475023835544397	0.6078919255540755	0.1713506357756985	0.3182587965500373	0.1497315779847279	0.6101906403339272	0.7394516060475136	0.2985676156870411	0.7436017781713653	0.7428411475078476	0.2774680596746572	0.0172578655196854	0.1695054462810349	0.2592559979002045	0.195974995597126	0.3548899107545558	0.3860938966279698	0.1428992008509465	0.1834451024873439	0.4493267940453521	0.3405566761886185	0.148310781731553	0.1008630535352062	0.1469277072153964	0.6099203213165397	0.2208105078606048	0.5635830343270707	0.5020039566344868	0.2383864741106666	0.3759832254702534	0.6831973548351239	0.6518426653678775	0.3188556248413926	0.5681696040545331	0.4017584903714524	0.5645210379756598	0.8047344903246325	0.4439471405416536	0.3173140464916121
sub-078	0.6851749092840654	0.0749383877124522	0.0706657110450366	0.1512819417402404	0.1286412800535893	0.3383313954052046	0.2648016934809778	0.6933337353254493	-0.0701528754014906	0.3719740277181533	0.1556534669264527	0.4084218100270921	0.4875775824789062	0.2436054860739556	0.3343913877570156	0.2568904549572148	0.3819102167172832	0.3122154072536666	0.3586606362428749	-0.1175222621605941	0.1057610385625862	0.2983445558551383	0.3094187238556239	0.7054443080166702	0.6156818427479945	0.552807243530565	0.3205674519370938	0.6729807554110965	0.251948985974258	0.5968595364780195	0.718722379266704	0.5435884494722046	0.604963914287443	0.407658038791012	0.5834517937798734	0.2900235137862336	0.5972676071146868	0.3099676121045327	0.1601645481910422	-0.1431661945486948	-0.1684371814189571	0.1374546457205165	0.3234566261877992	-0.0138385701712624	-0.0974684669471944	0.470801434751418	-0.0230660160934271	-0.0696177174834278	0.030701000558563	-0.0308682850594424	-0.0090641290312574	-0.1124029608546184	0.2418006137500928	-0.208386482816318	0.6723612741736997	0.3963891294453263	0.0438625162265462	0.4174290509466766	0.1238579385776203	0.2229930413742419	-0.0902943187676784	0.8087556885787102	0.0088268515532047	-0.0476445312953904	0.1429260517349558	-0.1004962292376632	0.2606539330857161	0.2385845350113258	0.307277293650734	0.0784812235526932	0.4619233681353277	0.1560010386278201	0.4560170179836776	0.1581756768450185	0.3727866189534135	0.0078945415220794	0.6525654722381091	0.0919470172972061	0.087700459719156	0.1115783176368828	-0.0527671662641719	0.1420789407341329	0.1856823247997062	0.2000019013628187	0.1514111315975127	0.3067327647988064	0.2009179361183045	-0.0230342979658035	0.5236691533974936	-0.0198245614088547	0.3118221515161459	0.2607401328602776	-0.0382762380740213	0.2804760862952852	0.0393477331606475	0.4093697576496605	0.5033046079914945	0.2849822738368025	0.1439827450190286	0.6957960484684028	0.2733504970018343	0.5421581307715966	0.7815485390028981	0.1617016525231225	0.5215666636512756	0.6156800382788633	0.5768537791535088	0.7269485194244677	0.506663595245378	0.5171534977343365	0.2297824554380662	0.5860360439827044	0.3323011017023257	0.4664832394592892	0.6560373725845118	0.5860766696178575	0.3806326718546355	0.5660878742094416	0.4385328493172027	0.553752417433181	0.3685754067811438	0.3879543265612837	0.2061886269033125	0.5699776736705074	-0.0755635961763834	0.4523533209219154	0.2675560842043107	0.3891544983650041	0.4917280252374451	0.390300319058339	0.3981392917593609	0.1265750093890743	0.3632270369685023	0.5014495052932908	0.3448450397044018	0.2794477643209748	0.3290298398668833	0.2117627623639937	0.0955046601849593	0.3425456797449602	0.3013280055480523	0.2714370399070474	0.2443483477091229	0.0441877185485936	0.1784468468266869	0.1051843576209141	0.5690123870686463	0.7317179672368532	0.5976105435619794	0.8192547938993081	0.3768965133285312	0.4832560613175298	0.2609506099235592	0.6755250541335515	0.2036932599899701	0.1519242712488011	0.2663032929430201	0.1032019568883477	0.3385577122498187	0.2807557971070384	0.3053766662555928	0.1827841712006448	0.6463411910886437	0.6008525181868724	0.6790752287766219	0.6206076489492782	0.5092685157356044	0.3906547491506005	0.5348176565322321	0.3921184548302086	0.675895839397931	0.3886700005489388	0.4495284899026373	0.2448741558172498	0.6474966818397612	0.7138448860069498	0.3752882310157254	0.4615410924292434	0.3205468342042082	0.3912629918184461	0.4066120796526544	0.4273976499493592	0.2390325091451331	0.5787956706551204	0.6308818416637109	0.5181245750981469	0.5247625522687099	0.5786129370421662	0.5856089212497605	0.3313384101589486
sub-083	0.7721344206021128	0.2629044030411336	0.2727761366589615	0.3808060028075438	0.379920310608261	0.5887021177036292	0.5766122736662893	0.645958848447006	0.3806529169339986	0.5430857319747849	0.5589860012571636	0.4516157913775669	0.6922330319246106	0.553261876941955	0.4744660264787118	0.3841122244568876	0.5951749508060252	0.5934169207202853	0.4121579864146011	0.2109080023000089	0.3805294529261352	0.133005228144747	0.4265580822537227	0.8059810374296855	0.7609791651850532	0.5957202831031518	0.3310443255003494	0.7094884024755885	0.6515427241663836	0.6957563644087118	0.7726014057820466	0.7617982007975108	0.6676066682587471	0.5090483391850457	0.8063778253583083	0.534291290547944	0.6316449394377577	0.3894042810346882	0.4488268020953497	0.3108400523716445	0.1069927903648894	0.3886520641070494	0.5257188257736622	0.1751341146228231	0.1862134278811854	0.5365895110080436	0.1097495690013841	0.4028987573676291	0.2118446214570826	0.2672435906480097	0.2468581702968571	0.1075611681547725	0.3216966984887464	0.1913107178074323	0.0963369821752263	0.5203771081047442	0.3666100576009704	0.6212466062569686	0.4748143859196582	0.203847397902117	0.2555533024787548	0.5866917457278703	0.3157016362221304	0.4171035951298958	0.2984348516349513	0.3269237839776813	0.3423710204590405	0.3894416560378537	0.3352562159752598	0.3528908778402801	0.2669496050190069	0.1527897154440101	0.2076011918291829	0.4021209550880252	0.4999159254388726	0.1106558563595468	0.3517510578584067	0.060472019985082	0.2477689695012718	-0.0665722386347205	0.0867152003097703	0.1517364398071201	0.0401018552699348	0.4113246633981225	0.0314957964720233	0.2953753977286466	0.4138923218813212	0.4461433574855337	0.3050892940723884	0.1527245398112742	0.4334273057479806	0.2347917398725773	0.3619350811242341	0.2481577965211188	0.2393239792816227	0.3374481615077053	0.4645518949376651	0.5628310346677422	0.3274369160187138	0.8127214473983064	0.526237933621371	0.3769814315554666	0.7777404201151042	0.5771566151840849	0.787800553560094	0.6493952122402475	0.6827650325454815	0.7266311825832201	0.530798538343147	0.7788386465630606	0.4227912927555766	0.7201796717958511	0.6030917123276011	0.314825342951937	0.6657266075594612	0.7718979238918813	0.6514825070287998	0.7056992736268809	0.5890651103819229	0.6565524051671332	0.4942833559188044	0.6823038999940971	0.4863352824982929	0.6028944679228853	0.3287245807562058	0.505054963050387	0.5046662653334217	0.46315827129785	0.6868071505332244	0.4777778846339364	0.554071629923786	0.496006045026872	0.490198665750939	0.541309029470726	0.4703532728729478	0.1915618886624609	0.3958099586620508	0.29376536191893	0.3144243970196334	0.1072239465391484	0.2278073086966343	0.2883965562148066	0.299306300076929	0.3857911054845584	0.2692182663986386	0.4073107476849428	0.7355454049685923	0.7621662552131769	0.7981900436081918	0.8270941929317451	0.4840555332473699	0.5955056975864409	0.3693839419466093	0.5525638680519516	0.439081263320537	0.5738214004724737	0.4276817278573415	0.4555032306475733	0.2974487340775594	0.5364515830219486	0.4725839179893372	0.3946103518125496	0.6199593789948836	0.6907000125943578	0.745595483178342	0.4903419674696721	0.5952402371477918	0.3419123556811205	0.6396084029544791	0.6969130682802301	0.7202689332870427	0.523095080190794	0.6006444891895972	0.533222177051764	0.5310044920879398	0.7477195144977554	0.4877455980319567	0.6712351016495599	0.3501571599727257	0.5916929745115234	0.5638008887351244	0.6071590255049764	0.4347777401533109	0.6220358667710514	0.5321724652165833	0.3316645514671438	0.5927557017046622	0.5937465916574968	0.6410472945148371	0.3404527037582791
sub-084	0.5150850528603693	0.361195405196571	0.4219507099038529	0.471288142595394	0.4253357596720119	0.2032637850731267	0.3534722473015393	0.532707974984971	0.241165613238277	0.5452023975427122	0.1383662545587135	0.4854615439156909	0.6678617099013499	0.4070730296431061	0.4913502320870873	0.4792855184494051	0.1943278260686997	0.0663270603421616	0.384718491522744	-0.3734653796744269	0.4466959684533736	-0.2655510239055887	-0.1727419853091401	0.8700300332997141	0.8879523038519052	-0.1855185514911286	0.5578449764208049	0.5854216658101788	0.3214325050427496	0.5850998933447472	0.6075232919998601	-0.0248671368517894	0.380041832153805	-0.1644301257895969	-0.396781076769636	0.1854702584669894	-0.235401359456528	-0.0007952316581258	0.8322854271832195	0.6356393580701948	-0.5610430622992572	-0.3354089291758524	0.8303777058762214	-0.0738698200091372	0.1747142343405371	0.0272984083488993	0.1144788422662451	0.2080540387509066	0.5766399568472708	0.3403825915881714	0.6106721370428546	0.7190227064966461	-0.08746788828796	0.6040041348798627	0.0495307768527138	0.0051907455272845	0.3832736177788262	0.4871835302734449	0.1027411206546976	0.1730584997079381	0.3765161280726053	0.2293765478634006	0.3527832708675917	0.3762245270532973	0.0184143770071824	0.1492647172813071	-0.061668789580475	-0.0878379759982925	0.0754913568598348	-0.0634249210360659	0.7951834858181472	-0.4867726598060475	-0.3897461599428563	0.8109069296867282	-0.1306911140703315	0.0291579692444556	-0.1904015727973476	-0.0762641984404092	0.1497371521722957	0.3928717735437266	0.1291612677649861	0.7975463119429185	0.6950080030083198	0.1825248287509755	0.7929490223313229	-0.3521586751399038	-0.3289220718903922	0.6554410810777478	-0.2261441372715846	0.0640539709283321	-0.1264677824887451	-0.0652392454141957	0.1615628631008907	0.4117687748270813	0.1729818382444801	0.8147101134599102	0.5383349952320325	0.2090994552473229	0.7079008647727626	0.8690540697055726	-0.4183621515777916	0.5727413235851406	0.4351250102072579	0.2188636661134377	0.4771968256650064	0.3400968994764276	-0.2973759128884173	0.1597940355781494	-0.3348588670603608	-0.4857810333204669	0.2629281951792265	-0.3844855223436891	-0.1999001194328645	0.661195806956528	0.6347469182487901	0.5205272548983308	0.6556697875634167	0.5737874325255636	-0.0282895699497919	0.3887904886069238	-0.3704955099666054	-0.3769979450891467	0.1504400867015606	-0.4352273760661079	-0.0751568486771101	0.2901138084633962	0.1173925652331388	0.1285142716941141	0.3405752840364182	0.5001253221319871	0.2897402198696499	0.5847506870747908	0.6378827418403505	0.0395892951785107	0.6276022524227547	0.4430082373269963	0.3183068314108514	0.5274928698112044	0.3146785778900275	0.0333210368839566	0.298904766185281	-0.2598863560587959	-0.0922188970830806	0.2102357924711241	-0.2446433313162523	0.5463888615017428	0.8326761422495712	0.690456516808911	0.5635831903095685	0.7812217449582279	-0.0217679215548062	0.0292921134159492	-0.0408582589573681	-0.1079782226616674	0.5267103356764877	0.4575393105466177	0.3927523258576041	0.4682028739515145	-0.3136577279242225	0.0175595396203734	-0.010731347043837	-0.3638940353775249	0.6781305666964432	0.4970937818314727	0.7690417017912881	-0.1153315278108814	-0.0440532275867039	-0.1747255206061551	-0.1804347230368603	0.3729932572136278	0.5898052270619965	0.113655433392834	0.0820793373945553	-0.0064168272979459	0.0125558007800352	0.8177430057964216	0.3596538310544707	0.3697646062990241	-0.2482102931672263	0.212376320924939	0.1674494380988689	0.1407964968251261	-0.2158694427933894	-0.000864999848101	0.5487535601147784	0.2298396425575998	0.7753271428681131	0.1566865244719194	0.4424137016336072	0.1372168610595662
sub-085	0.64252862276678	0.1851659249920975	0.2290923047768124	0.5101422032998851	0.3932587469443432	0.5403661005189561	0.5655021771484147	0.4775730554313028	0.3459800620503114	0.5412460923803157	0.4729929261138985	0.2727946871055342	0.3505184003196451	0.5547868877042691	0.4563798738349785	0.3222358328399833	0.5145278301011341	0.4959955013567694	0.3808312897123571	0.195373052902337	0.1067163170335371	0.7281441933142068	0.6954617171853349	0.4031054337419176	0.4442818260935834	0.5264286298450147	0.6553554482167615	0.3330289125330199	0.5866983805663077	0.4290295838067464	0.5586656949233848	0.5552792487417672	0.4789700687784005	-0.0089932404915184	0.250563698055951	0.4606764537746919	0.2050823974671757	0.2884196741574781	0.3399084803087929	0.1019854498405214	0.1562961710786753	0.3072331364628142	0.3695004134905482	0.136949273596714	0.0228012998045436	0.4248934129296924	-0.0178977582356765	0.1154017542090747	0.2586802742898018	0.0689997210588414	0.0773233447995228	0.0726374751142055	0.1739490919287301	0.1199210388754118	0.3674771074020174	0.1067148145965495	0.3324623221235086	0.5429060947911664	0.3169274309775738	0.1027766512807635	0.2729134748632721	0.3082624263309074	0.1437563872125622	0.0818960498414367	0.2755660709375024	0.2178760288077777	0.3664685570314124	0.3848643273031964	0.2182094299858744	0.2733506413722101	0.5396317866190531	0.2056355897210009	0.2937054102698765	0.4555686210435365	0.5731327104691636	0.1724329972743923	0.6527760350421455	0.2823344904166642	0.3715756297433765	0.4695432857315984	0.2862894763600258	-0.0375068592456232	0.1205451960775067	0.2551826130234901	0.0737960278298393	0.2942076254749683	0.3472010812563945	0.4651319143427618	0.614542300659866	0.2552654043082118	0.4010512602618784	0.4212476556007966	0.4283427072772868	0.4326032620983959	0.4683154510656747	0.0983634629198907	0.2928391987621985	0.5088518790146873	0.3078743151083224	0.6872824625710495	0.3622559148537125	0.2399718989039752	0.6619936742954353	0.3271248917216333	0.3872752673461861	0.3413699544968965	0.5484351285140421	0.6200420182528568	0.6101045121704006	0.5950922573154562	0.4338335928098039	0.5746044109427042	0.5316718846420864	0.2437802627271937	0.4613608083911684	0.3608347058699235	0.3243245691343105	0.4117908469540002	0.444652772021071	0.5500418022682372	0.5591051341806469	0.6348480691265188	0.5159407625021907	0.5426183274499393	0.3086258355225234	0.3389835835228316	0.4830365203983651	0.3604017374501387	0.4140478021575333	0.4880987833749056	0.4463683033602454	0.2541759159973082	0.4152286971336207	0.436128265802846	0.3564797510582932	0.1340829335719737	0.310408612562198	0.2750587530394185	0.3595140463373588	0.254593606958112	0.3045482366447425	0.0419880477020545	0.2100283107915171	0.3510516737938955	0.2254133142120992	0.3141538473876207	0.4609463833030967	0.2338743094006459	0.5059210895813568	0.630484298770773	0.4661507391860306	0.482523864655602	0.3238820536354257	0.4517617597448526	0.3470626120549452	0.4098693615225084	0.5035163669628102	0.4145262691647895	0.1013693833951568	0.188707124500289	0.2389902821900967	0.2204318752798408	0.6281186624444182	0.334110995198043	0.7130256239901154	0.2521938119017449	0.3534108776907398	0.2902648788195678	0.3288734984522632	0.2072425917792071	0.6391839221809664	0.177521848300998	0.2920279788264689	0.273375756867554	0.2978784441035165	0.4988491850293378	0.1989079261528301	0.3794525157254632	0.4288938706255094	0.2018320605584341	0.3982741824633355	0.4938801818939888	0.5104374994860794	0.4745808716719883	0.7798384495674506	0.300151387556122	0.789491034768832	0.5609693303402047	0.7209191977988032	0.4183743301843358
sub-086	0.8550056135830107	0.34124104315568	0.5152256784287114	0.510787140493105	-0.0205401901418783	0.735577822178738	0.4214234827981933	0.5650732772375984	0.5339676764269855	0.6641144344042649	0.4039245461674983	0.7241577227905974	0.6074436184619044	0.592047137276036	0.6459591770267881	0.516486859727453	0.4936646653381317	0.277174310260859	0.3334418334523699	0.2212005411528998	0.4740346304485054	0.5984009549961333	-0.1825169177072901	0.8958800208340139	0.5454444497486433	0.3870670688675076	0.6937514544442024	0.7845965123037725	0.411515547542337	0.8645483056290238	0.7276674331764365	0.7232913449297613	0.7511015941181938	0.4425194147610606	0.5178111015515207	0.3117374628114925	0.2102461599255707	0.4804439838572468	0.4773259133178539	0.1548574606122583	0.1798286447681118	0.3450137729653956	0.3204280106654807	0.0536287668692394	0.012666031563061	0.6395107819815781	0.048323375789396	0.1404425641613699	-0.0655919368358138	0.0269510750937454	0.2679182436094803	0.0541420545908445	0.0997418476532646	0.3046881673210321	0.5271103569505158	-0.0819646187894896	0.4830145670865577	0.4769161469301118	0.272463143836769	0.3280818100321541	0.2402078339717796	0.5491781356611778	0.2929962830115621	0.2642011967272324	0.2772780189922248	0.2486850368550004	0.3322696742979382	0.3845965904782211	0.2408235710949246	0.1878613072893611	0.1151146246597759	0.6689348295398034	0.4574182196022918	0.1935303866065246	0.4721509801961134	0.2670259970221463	0.4455851713172288	0.4107938718265198	0.2752857956382969	0.1817938514902479	0.2215291774307135	0.3297700913660211	0.1532652668410589	0.0108525269637504	0.3050097987891642	-0.2283887401893275	-0.3034055245091288	0.3899047068929153	-0.1390069660375112	-0.1413608278655054	-0.2241254317358835	-0.209182743874225	-0.1539895593640181	-0.4495844097629308	-0.2432392265820364	0.2811621029047447	-0.4107904006067966	-0.289839477644264	0.5471379462220473	0.571562437236136	0.2196515579156908	0.7367041997679251	0.7190194854619335	0.4555899850500559	0.7911768445928193	0.6059222248774964	0.6399329308976325	0.6470955461324847	0.4571566217883	0.5136155329028117	0.2840521853393967	0.2071777031191117	-0.065475878929927	0.4810025174718296	0.2700233715650258	0.655640579904308	0.4076507828256961	0.4631165108333896	0.2942318167138235	0.3028701599491017	0.0162230555589802	0.2217303447173546	0.3710048650767061	-0.0737736452605237	0.0728004078358181	0.3750890003819841	0.1137470169220948	0.2698094613952532	0.4097075482154815	0.1491329791315793	0.3041791747807586	0.3905745117285621	0.1039615404713866	-0.0546211362331263	0.3704777392650035	0.4842961336138577	0.3315167955028141	0.6310147920824379	0.3652543255025479	0.4386004352853173	0.4428886191005862	0.3627361207827574	0.4226417625572357	0.3305576908232376	0.1224431110059849	0.2085291726281349	0.822098496041131	0.706320775508863	0.782816622343635	0.8995831622506126	0.4335267665785521	0.4758718776727793	0.2401955395341208	0.2307417346911995	0.280033841558866	0.3537882362806741	0.1686206063708928	0.2011984876928065	0.0675994624697724	0.2380781426312123	0.3574174515235576	0.0103128509634349	0.6607310055829987	0.7691157020378492	0.7759779805202957	0.4226671292185268	0.5347149658614856	0.3508036020805779	0.1954282151526472	0.5021955730816994	0.7307628958872701	0.190317323513476	0.2640732342316393	0.2493652957899367	0.1322808245852802	0.8023371570415347	0.3028525726401634	0.62591250802345	0.4182554087390603	-0.0257660278933777	0.3670090937406264	0.4871984593281844	0.2858044531843625	0.1827579509098509	0.4967956503307136	0.2052929879016128	0.5999215954061936	0.5714737230216559	0.0885603695256382	-0.0310980134118382
sub-087	0.520611123566905	0.5562180726987035	0.3228623648738786	0.272034162941513	0.3051474724939491	0.5769698576928993	0.2996600929861028	0.4966355712099818	0.2982655411819284	0.5103737909354437	0.1943710893819443	0.0771089835168169	0.2487205178214258	0.3549060140957664	0.2437142845836592	-0.0625264232546351	-0.1841348760777897	-0.0859641909770238	0.197559427602495	0.2618473833214275	0.048195690332817	-0.0561250097059665	-0.1731415777975288	0.604731488446365	0.1131605283050757	0.3963070508186268	0.0816182686741211	0.8578738262128267	0.2210075928914874	0.2367488349863137	0.4025624307484393	0.398060498862139	0.4381967930360609	0.0486158334260825	0.2200078908014774	0.3608025807498519	0.1461282014333621	0.510062872267453	0.5386245736845285	0.3664469857449442	0.3944598097775371	0.4754319479522516	0.6496731029870593	0.3712055415935884	0.3008733207654278	0.4304181220111552	-0.171949257751222	0.1531234232257146	0.2118916958925548	0.194079435976136	0.1928807065391444	0.0989620538242766	0.0632488331924741	0.1813673703322025	0.4673159767783295	0.5061281195781501	0.4864467454731629	0.8131109543014645	0.342438484203551	0.5813078260077229	0.1901011801268253	0.5772109099959957	-0.34590906329285	0.0819316907357835	0.2171818619659618	0.0973711948664227	0.5553342471314656	0.2878206838350904	0.0193563345855625	0.0314337481316723	0.5498083027599121	0.2533384584952495	0.4900111311880937	0.2438359870394424	0.4251091666873123	0.0512601884426216	0.609275833406066	-0.0322530574599607	0.0200479206361469	0.0905736454492037	0.0036266739005771	0.2012731708780004	0.0084898495956128	0.0218742212722176	0.0144269078030572	0.3733374461470618	0.6718637068319946	0.2121723412904115	0.6763416091756617	0.0413024437458856	0.2836122179893547	-0.1834699861938249	0.2624792021116545	0.1962981286375991	0.1561041061771067	0.2592641362304081	-0.1450980669103122	-0.1273722686316616	0.1236932212937924	0.5776930067077816	0.2354075874396826	0.4887824110689053	0.6666685912221869	0.4007748940086779	-0.0542948171852874	0.2595093404626246	0.3967686097158939	0.3102557165653224	0.3076638870310284	0.0834295564729563	0.0106947238353062	0.0318369902536874	0.3253319025185222	0.7287481073830732	0.2927269605998594	0.6126814023529642	-0.3652919162972357	0.3041388896135915	0.2148635040603626	0.3149107515961839	0.570082802473031	0.2129930692704121	0.1285392760238028	-0.0411719160599074	0.2617856384587331	0.3677345664955754	0.2290492237950666	-0.1138654267635367	0.2946659380612028	0.1677881869623135	0.296417395429611	0.0807862141616884	0.1967419071506953	0.2213257191244862	0.3350445403133396	0.2733251024037044	0.3639209085674695	-0.2257398581313288	0.2825271474892522	0.1014347757213956	0.3652652118191772	0.3790200530397007	0.112657569143688	0.1402578066662169	0.0331977606024133	0.311792412277128	0.0991037478853449	0.5118360440517551	0.3790154390018077	0.5396529434122408	0.1670383437649119	0.2723397509728664	0.3388911873932181	0.1272808415328152	-0.152103655190666	0.2241520657952049	0.1274888152144472	0.2653752193066059	0.3762773374713911	0.2848082845734233	0.2498511107496846	-0.0952630993598511	-0.0498691879829554	0.1345439347844959	-0.0262795576473737	-0.2160740928207661	-0.0184783441107498	-0.0105413030720883	0.2117062187283055	0.4546077475180372	0.7637437639892426	0.2505121506228204	0.2275471824877244	0.4255470497859216	0.135125049770536	0.1495811556313775	0.1883021633720818	0.1865758576221194	0.0147701421217315	0.2021496430537905	0.2076661069296256	0.1553178326385531	0.557363269766929	0.0140580124426099	0.5760074020979047	0.2741388160405031	-0.0325003988703856	0.4354454923419947	0.1211208506201834	-0.0408636464825825
sub-088	0.7703962519551937	0.3332039027260451	0.4165070957390263	0.247033949447472	0.1797591954457867	0.5152146927528085	0.5311259031787816	0.5669674221887132	0.179910598099705	0.4236565355299707	0.3883685312121888	0.3676948141745745	0.3917502747183301	0.543936099266395	0.3553000830697193	0.271401939180207	0.2118483270338974	0.3314694826314403	0.2691065779078036	0.4270438896237377	0.5560225639148324	0.3231818203291143	0.3127117775450503	0.6944421387306132	0.6924184755110692	0.7132249515991496	0.2859153854982914	0.6251691332440505	0.4833315988954254	0.5280105845278703	0.5235590164014662	0.6730873654769041	0.4452411709879638	0.4381762233380229	0.3749848434560897	0.3233446497455252	0.3621206702785616	0.5653058591658332	0.5308505738695385	0.2275704291473355	0.3753262550942718	0.5577406323146401	0.4689607847781399	0.3352149673397024	0.3401770971024169	0.5878134927812748	0.3127995134038309	0.2110705622595301	0.4997045486021273	0.5167846862573111	0.131911522042097	0.2319702978960295	0.086183173485954	0.2335860937964928	0.3447979436452492	0.1612207635945098	0.4780828517292734	0.707023318576669	0.4990238769059189	0.3270843460558806	0.2407293604282139	0.7222060166803906	0.4296243835772345	0.2103897597100328	0.5074159421794725	0.4830378394420057	0.1809501573257361	0.2989262391253041	0.1662202087309943	0.2033124915121606	0.1918475534908955	0.3814177897658841	0.411784809437153	0.2901412951385209	0.6482732225805963	0.4060673519015647	0.3934531215515582	0.3422971610994506	0.2808865796846354	0.4010357662850707	0.3362680589293499	0.3685152936629963	0.2740590565282391	-0.1601256367016979	0.2249702580217557	0.3509507548401677	0.1798562115373569	0.4006409667961204	0.290760856338778	0.2602308651667667	0.2453332640447814	0.2149515830770314	0.2000672282257929	0.2930632818303951	0.12349813441725	0.0134557528821297	0.2618051881025601	0.45649941219002	0.2700168206256809	0.6547133831789547	0.6200427590805501	0.4150428754987319	0.7020673811917421	0.3100144422559399	0.6070909253741539	0.5793664817150588	0.5734014561134275	0.5024604611852537	0.529756448987108	0.3626863017722392	0.3151767122736459	0.495824350411394	0.6524426178659671	0.3601114939264895	0.473561207779142	0.6097238819530523	0.5269847264373453	0.5272343656476616	0.5032789719912202	0.5411604328640791	0.4882613277171166	0.2594657899385432	0.1141996807344594	0.3230204663345009	0.2686969724301749	0.5782631690336579	0.4892381896682076	0.4669897568166088	0.4626823222982287	0.517029414695676	0.3479017267038449	0.4083605363053643	0.3752488002978912	0.2183285432003098	0.3953848253689727	0.3455239721839833	0.2896581268945369	0.308318666101105	0.2145316069739642	0.2804323394602708	0.3320600326183119	0.2954540385584585	0.3969466575844362	-0.0910839067642437	0.2982576586186893	0.1622366676852546	0.5820216475813489	0.637104105455351	0.5211508589577799	0.4229144438956216	0.5256729379855952	0.3453287894900124	-0.0269875119522577	0.4889301074648309	0.254224400062026	0.134052420798392	0.4893255507893012	0.3375053891672924	0.0621216971242407	0.1719643620063797	0.1684140099818675	0.0432077014441659	0.4119202478269816	0.5495592221002712	0.455029282713117	0.4570548969642178	0.3596241571103101	0.0177674488618713	0.4021023471374203	0.3355987040796511	0.2351488854703421	0.4905737984844823	0.2189434871676767	0.1300326709992037	0.3454248991478789	0.4618260544716129	0.2889669593207912	0.2594329077122596	0.2211973615718953	0.2804208579200657	0.2402424423179257	0.2172490781869736	0.0153685614273527	0.2689771530709838	0.4335758155851639	-0.1366712963198524	0.5125067654531891	0.0386624621818415	0.5968122394420681	-0.0030355242640506
sub-092	0.503664757907823	0.2609768702693854	0.1303456910905862	0.3527812143443766	-0.4508219179770867	0.1805823648055578	0.2857562245713549	0.5734704914728319	0.0871142500548201	0.1824870240203626	0.168213013081635	-0.0439031939898892	0.2017263836245081	0.0316754801142016	-0.013453342384853	-0.0276320292378875	0.1451540167159386	-0.2539923861339927	0.0835854717673902	0.2381047794630403	0.2604115764724396	0.3173941422602137	-0.0124759062773257	0.5812507032077392	0.7624483641952554	0.1628101328595927	0.1066128075537897	0.6468284487772152	0.3929291954727421	0.5481759805213411	0.7224418526051627	0.4608732165117655	0.4801637155391465	0.1988731083652878	0.2434430465810171	0.4176060627625515	0.3963418375010895	0.3035082096006849	0.5760351972230526	0.1040530614717814	0.234915351529619	0.3958882350779107	0.495906018493024	-0.0125607143685868	0.1379184627782621	0.5734524467694374	0.0783117720851784	0.2747393945362751	0.1880984944954652	0.147182825971379	0.1909381440384723	0.1328502573365877	0.0974728609740759	0.2311455033973981	0.3719313677378706	0.2349725108488119	0.0939821851400039	0.3530797952822214	0.0916699959730118	0.3780683189600524	0.0685516658671905	0.4641806375351536	0.0590890754575332	0.037290702398639	0.2532008754529985	0.0800289300143064	0.1058421836882937	0.1169323670927229	0.1595719396459358	0.0864465112980786	0.1389050854220154	0.3772377926617588	0.4489214866603135	0.4472372240642739	0.0994617235284107	0.1849535827679324	0.6141964296558037	0.0548851136699957	0.2899863782119055	0.2323358401863654	0.0338738001144315	0.1836912108981686	0.27069097631129	0.0933962199914988	0.2634842204838813	0.1054987540954105	0.1328113253644468	0.0693886872264896	0.2969506410436558	0.1240073330952661	0.3016648604545462	0.2831507532999316	0.1527907675168044	0.2454125095119701	0.3176742647166541	0.1867229745438158	-0.0854253699750494	0.3766842580548605	0.1692543954303171	0.6931180542739589	0.1915652907337749	0.0596482912855335	0.8202951072988074	0.1868807251208855	0.6393605355330794	0.7601934798742154	0.5180776196424886	0.5307841427745053	0.709392060348002	0.6471379350384598	0.5772134497737434	0.6500644232707796	0.2218138372267394	0.1687972378547813	0.6767924973488189	0.4992987010418102	0.5350501537017047	0.6722122956647993	0.3911548484272525	0.464063260154792	0.3886249145197328	0.442145916039364	0.5060511022806797	0.5362001617674075	0.048186195870371	0.2291443901144111	0.1966467539552105	0.0473168191079273	0.1816584903973676	0.0372046185286494	0.2224954947768918	0.1210653494979623	0.1036412664825647	-0.2232143281777445	0.2087592468957663	0.1137043366341675	0.1371211455389627	0.0882152210129751	-0.077622452344089	0.0208481784103091	0.1142407422456122	0.0001677048385695	-0.0438690010188728	-0.0217323709755951	-0.1422669690555341	0.0244661732713345	0.7194965935646506	0.7795426332218512	0.427656526042526	0.7147931751555611	0.4714753491913749	0.4366289912973538	0.4924811453893165	0.6019655316458159	0.1032196113292924	0.2705037689035132	0.3046570078286813	0.0562136565896185	0.1694594081337644	0.1383720947838421	0.2105907740495179	0.2365597080842559	0.7089013634930318	0.6323940706346595	0.7866547832007603	0.3906411249825144	0.2717678646643943	0.5275570393458614	0.453101712709261	0.4902855077334025	0.6788893827537811	0.4432738528381985	0.3810058433336768	0.5471606602322393	0.5255470624733578	0.5759696082654955	0.3655204784637615	0.3002759283114548	0.4747940161864818	0.382599388480664	0.3230712386580295	0.2300858633915758	0.5159137204176107	0.386089951054599	0.7480061844735861	0.6211420406216749	0.6254140234714275	0.5863722168742095	0.5803967430815564	0.5104526288063089
sub-095	0.8318414892775597	0.5522239258110216	0.2899984094948405	0.3926961358730883	0.1203308727501464	0.1127430048554797	0.3103552161509637	0.7341428861741789	0.2354153476405737	0.138214231411075	0.2591462957542488	0.1850734955529445	0.4339401535659453	0.2712282652078083	0.2397933616840787	0.270767136709675	0.1935642902655886	-0.0348815778497975	0.3263804091633433	0.581900854290902	0.3681400030331077	0.4743842471994811	0.1018425243972452	0.2855592865460287	0.375885970202665	0.7485036120838187	0.3560450707005538	0.2354939660346236	0.4462140155698295	0.2502736626893724	0.5972271824886232	0.3095002001777385	0.339198703370655	0.3790903814217943	0.2529518736215121	0.1356024823212667	0.2966816481923911	0.6074122964112886	0.551458835385125	0.2949567111840909	0.1540100485627023	0.4607345851073277	0.6241812009790382	0.3997617983917982	0.0977721101589702	0.5663105630372423	0.1955550620855881	0.3886837243237306	0.2619591447670471	0.1663972101118405	0.3102591974826055	0.3443563901824517	0.2374101335202187	0.4011239215092272	0.5561275319249971	0.1560808019314112	0.4187824728820991	0.5011113316528066	0.4425213578987882	0.2960561572616621	0.3232721342500533	0.3393524317581511	0.3345647201798506	0.2918313931287029	0.3835661529594639	0.3433247404694258	0.4337189759588968	0.4576877522583674	0.3678647867333918	0.4434694501086804	0.1249074061833215	0.2967495413707235	0.3686253874383993	0.4233008320404855	0.3208255406406591	0.2073012739423208	0.2318106596677324	0.1948212414020002	0.2632521620106463	0.2578446224718421	0.2120694170484408	0.3433939538224191	0.4668020449828447	0.4343204520815454	0.3726895539273179	0.1282344324286609	0.1759089207636723	0.2292244896750271	0.4234463023995277	0.1822014772129398	0.2872252241043684	0.1179171397339035	0.0713437933955351	0.2523700186234962	0.1789755596093509	0.2888018978244792	0.1946850138683039	0.3368998561245388	0.2926532636439368	0.5214963858618432	0.2477590649232033	0.2648957555830388	0.8101112705717809	0.1584125045043376	0.6300090048359871	0.4237470182864261	0.710972631323883	0.7840505177027483	0.7622963803626801	0.6288356741042147	0.599757055413393	0.5349743476573089	0.4904751942093137	0.194171795122452	0.5089461654762245	0.3370411061439649	0.4244920724181115	0.343586139893494	0.4054300525019783	0.5363123825175287	0.6014300473581793	0.5231292226483605	0.4160889246852851	0.6474002737189232	0.4066999326402111	0.2497936394404265	0.3796139637367426	0.247789756305158	0.5814637419051927	0.2916474408109507	0.2974375817592579	0.4011833165021935	0.223101150855339	0.0880276578495906	0.4307776084120627	0.2854300639894508	0.5307925680267968	0.1548289491716473	0.3095418233240213	0.1942743657199825	0.0920564682844494	0.3443196114654801	0.3129321234796102	0.2484840831593291	0.3417454463439051	0.1076488823569953	0.6465731829865871	0.2862289884903623	0.6424828017770426	0.7978654719995216	0.7314161739817902	0.5152577988562413	0.4930320400439654	0.4206338890890746	0.2020556824189479	0.417220841659558	0.2343457867853791	0.1716572539201385	0.2975002203429464	0.2608208790503444	0.1672112757927139	0.2335538162521417	0.3533268466853437	0.6020730882666193	0.7011545305696737	0.5791993218053823	0.4733598999782126	0.3713517138797875	0.3395687043440254	0.3439218542944984	0.3858354995013259	0.3515994439223994	0.31258834150051	0.248221611856768	0.3339120872647875	0.7124594292991978	0.6828227566925781	0.5037829961982553	0.4239783811146453	0.4667484157700408	0.7149184415350747	0.4562325162629334	0.4809276407052248	0.4495111303719246	0.7503404696007385	0.5997975725494346	0.6963040797854967	0.7154168445485453	0.6281789446734554	0.4946365048690848
sub-097	0.6479204576123142	0.2472483831419826	0.1022225842092549	0.3877889509029166	0.6633782208521968	0.0914838633311893	0.0817678859510741	0.5668986141328192	0.5522562656117642	0.2646072964582561	0.2185061361611951	0.2420425430136964	0.1819699505113525	0.6650770007413769	0.3564647784456114	0.1985906994536264	0.3465241257000641	0.6556739847074156	0.1255813319185056	0.2503128557763407	0.1767204814747722	0.3568754667525542	0.5076139850473255	0.3621620089058109	0.1373047799428387	0.5731884835871421	0.6052910168303717	0.4613097496981815	0.0794345506945021	0.213551504376125	0.4845225809783324	0.6093696082330249	0.3553926812142957	0.4964734601179321	0.2879540990739926	0.7372643582433042	0.1936045187737748	0.3179846010976909	0.453058110922814	0.1100315977849058	0.0127241231417652	0.5642719967229989	0.3252046261427631	0.0646109124131274	0.0446712410237621	0.5974190586194675	0.0833252269575897	0.1329915674808812	0.0914038718272563	0.0025267622807587	-0.01670332108199	0.0594904002596728	0.0925431681301532	0.0137875643186869	0.4645784240228421	0.0169112051273057	0.0012142620193683	0.2624922652375021	0.2175355814230054	0.0794092187533768	-0.0294163530542261	0.1184756720302961	0.0473310285467209	0.2364478247850444	0.1172627670182071	0.0506529189019925	0.0575714847612056	0.0626850163694497	0.0689083703176169	-0.0188113368288594	0.3460567201890797	0.2511959682990073	0.0893681312189327	0.4090101437562282	0.2717959268297879	0.2857210772545995	0.1556118446169296	0.3499467741619731	0.266127014811866	0.4867766277062185	0.3364260969650688	0.1828429953974911	0.4986522995995326	0.3120077561026165	0.1939554006040145	0.4131196335647963	0.0779670813431048	0.4087061822743016	0.5053009841757241	0.4898600251125264	0.215826100457939	0.4720222641938262	0.1860100517399294	0.6421662847653328	0.5958182432912329	0.4902948402497227	0.5722449929248842	0.6807225622992212	0.3314154554084149	0.2538070594291204	0.3327863697627443	0.1181898703129037	0.803330831930138	-0.1088218268315372	0.5471695039626808	0.3596633170287907	0.3192379370469378	0.7206372330073041	0.7514954642057347	0.6292856870444525	0.3150196048774697	0.6813575844099112	0.3089371615554158	-0.0621067926734524	0.2553132168863163	0.5425280931812698	0.2483217338306297	0.2637409155340445	-0.02171855148601	0.2003291608837963	0.1807653576875917	0.1472741273068882	0.0075373437039057	0.2201101789340498	0.202448757460963	0.3659563192739495	0.0523871586230507	0.4389454462240344	0.4005509275533122	0.3663085730263364	0.4776036853910234	0.3542710521792619	0.3739624834092906	0.3480051669023901	0.3937757341065649	0.2152319195707747	0.1097695508025626	0.0528176730855436	0.0699663981986814	0.5763815916664697	0.1982421575558632	0.1991503755750814	0.284951939078475	0.7931379304098677	0.0042075161235793	-0.0495000488225828	0.5270916677533011	0.5019828794732533	0.4324823664624498	0.7256496127961146	0.6798223285999194	0.6282550145280947	0.4458965032229316	0.6461362219631679	0.0857606549424449	0.052138544773259	0.0772527282763378	-0.0553297021085231	-0.1103317216068589	-0.0471443496103712	0.0613301401318661	-0.1516264005134409	0.4708944356852363	0.4382548175453354	0.6044958098600209	0.4761181979148709	0.6660541968795595	0.2696584693564606	0.5487225756136058	0.3219867177474004	0.362237074046637	0.3977667702398932	0.3321745240005128	0.2199277778195006	0.3553396708125577	0.5053277324393609	0.3310422814869594	0.5626145453523121	0.7182669530519131	0.15455015358624	0.6005070063228481	0.6666995324277307	0.3832652838049806	0.5871651679733071	0.6620218357079058	0.5026556255201783	0.6711182536340536	0.5368572786264681	0.6314311151417622	0.2429984512348847
sub-100	0.8929285568340394	0.5287448651542546	0.3747111733847755	0.5279493761779427	0.3921715582052457	0.751522204413055	0.5067278984703081	0.9072294535786076	0.6088499619751411	0.7935363295397279	0.2555546238718047	0.7633785699793344	0.7279785525472271	0.6006410248781457	0.6293195131300166	0.813808508495577	0.65629667462972	0.708538438644639	0.7710092872577515	0.3162569493183144	0.2176206980112553	0.3938093054638976	0.3867466870984247	0.8764181654664458	0.4011743033487787	0.8177977025218515	0.65404157119778	0.8309736582371129	0.1074583022991986	0.7549795739338312	0.6645697410609781	0.49238298248906	0.5544567909697506	0.8827077998339022	0.7400581781630372	0.6791066179628656	0.817823970947795	0.834724893521919	0.7852105966235169	0.3386379288714128	0.2641763955004027	0.8224355652540956	0.6387338344022652	0.3301446902175671	0.3410383470622033	0.700150849273204	0.4079430753479356	0.5666906357080804	0.5545849294203103	0.4875317518094282	0.3089204133127986	0.2651284004920918	0.4572867678039193	0.4014622526280704	0.8669052193751164	0.2881302674600819	0.210761401572845	0.7654965236934906	0.515107708131157	0.2436716501943567	0.1919645851869418	0.7157985085133328	0.2491421561502776	0.3219692333560434	0.4074610296630532	0.3387429131813163	0.2219777292647369	0.1841998495159329	0.3547211795900458	0.3409777998869071	0.2948445634431245	0.3323147714706672	0.7527440199437504	0.5874133781511761	0.4145714394846874	0.3107908056308722	0.7461864139221953	0.3332568576956034	0.4134680168434932	0.3577447331212289	0.3094699694070714	0.3496673038733759	0.2591820748527272	0.4007482731067905	0.4250028173603905	0.580532309261496	0.3299055992489088	0.4633843310147503	0.4188025026667733	0.5029952654578801	0.0927447249898639	0.4552045454850823	0.4377166303263235	0.4590610347385763	0.4462278604366795	0.5857576889402056	0.6920534949068163	0.7313774660947437	0.494297424389101	0.360323686161437	0.7372315116349061	0.6890649829954675	0.7963750932272167	0.0043569021373517	0.728737329853752	0.6082984852923181	0.4973965968895232	0.5579575414754764	0.8877782555553207	0.8432966720107948	0.7504352708802488	0.7640348209472514	0.633919730132946	0.3478014321930508	0.4120423448655387	0.7951320420043841	0.4699560698580972	0.6524098082167095	0.5586296117618101	0.5026239141237	0.3900149541167235	0.3613798622024466	0.481735841131339	0.5215593921920776	0.5684293544553488	0.7594808699983182	0.3684836214733773	0.7774505690709298	0.76598819886366	0.721189448788459	0.724853412827231	0.7993113382418414	0.6953414820505157	0.7606002889426234	0.8081015182837459	0.6186419446085992	0.1679923080773539	0.5631666186131178	0.5290467048795747	0.359953834816866	0.375969935296011	0.6328398039306092	0.5674936078306906	0.5137333784367811	0.5565697098176364	0.1059636860413429	0.8477502922872775	0.7716123469246423	0.6607189881240219	0.7685368992009397	0.8453509391652891	0.7758922699392083	0.7461528311328792	0.787309776468062	0.1620735076954056	0.3716335990900342	0.3218037809924072	0.1932563608442365	0.0650442427933426	-0.0247202823051056	0.1447602429504663	0.2121414007238495	0.7543326138567877	0.7152404061182387	0.8378538488631365	0.7731977417350899	0.668288139325007	0.6869309302148292	0.7305729587059813	0.710194293479189	0.7398467336873282	0.6759883737038697	0.6437834981820346	0.6619254057395496	0.7207797322228329	0.8322184579567982	0.5706827839295707	0.571708564575066	0.6642311278533785	0.6035025340856732	0.6429241674457579	0.6311164340479313	0.6913717894875359	0.6339674868494282	0.8863712077457745	0.8426836190773778	0.8475306335370789	0.8952811275174809	0.7789528158929189	0.7553229969239944
sub-14006	0.7963078333497117	0.2569508405467687	0.492726376023309	0.5018134571374719	0.4699581789813031	0.5210623602991815	0.4656618739330234	0.8129241575338687	0.4043687937121687	0.6093833075662495	0.4921093610541043	0.2387300906835879	0.615257484801273	0.5143160512948316	0.4151316995714965	0.3128449829831046	0.4226002362589169	0.3309280983754884	0.4733655144738868	0.2246035905556324	0.3170824694178887	0.319327716001388	0.4301654273752061	0.7594527157162203	0.4397464382683799	0.8473261964447467	0.2797257628040294	0.8453408387548114	0.3155970239480058	0.3749613923500089	0.7806171408172909	0.6349298165944721	0.6919257986218404	0.2991367630887162	0.4638059664413081	0.3427665112769835	0.4730499599755657	0.5033143076429617	0.2347817598952185	0.2944328309369006	0.1825540016966597	0.4823114571724111	0.3173760096066357	0.2096459206188264	0.1115915488890612	0.4214767804211285	0.0513563656739759	0.1777801925779048	0.216041169235939	0.0698387688759548	0.1473314204745303	0.2040382879927219	0.2587854137481855	-0.1653492720481696	0.5327123560794187	0.5025007909657566	0.1305729182229251	0.4920677646513533	0.4695349942058487	0.4197531404986052	0.2225869965983374	0.6351685354182928	0.118102140708863	0.1605925795758525	0.3374181581246794	0.1377422819496758	0.2554600127390481	0.3155615154128621	0.4031309330595926	0.275489030121331	0.3844799010022399	0.0632259710678487	0.4299772571464624	0.5574158735433278	0.6207980115414811	0.1960465905399112	0.4324280462359904	-0.0173937273519117	0.1233113958973775	0.4632704472826127	0.0319715546198154	0.3503771848681835	0.4721900669712746	0.4252801486894574	0.3611501400017846	0.3474730723888942	0.3947753696292063	0.4587631809860912	0.4364717203699079	0.2861348948385634	0.3478675012451125	0.3252969065791128	0.2903795847211962	0.1934488664383741	0.1602125294177063	0.2042989980645975	0.5636920699855144	0.6586936680797171	0.2810925550524086	0.451884326205986	0.5429519857211208	0.1462210939793108	0.7225320476805843	0.1374443030272393	0.4482713411501466	0.7517727948902225	0.4168605137020226	0.6757249870774804	0.3051059561497776	0.3466310669905676	0.3496800066385307	0.2764026296682766	0.4948318454859051	0.5682631896319628	0.3500329778004923	0.5456498233846738	0.1337716478385997	0.310181612931458	0.3936005217271324	0.2434163526335427	0.5754439308786697	0.4844877027026469	0.4397184682653791	0.2438779812594114	0.4407303799608896	0.6599794201720328	0.4397564830676728	0.2375876952985707	0.5711059718892726	0.6010506299073143	0.4763227296133541	0.327165836838524	0.575344237896934	0.4653779062011494	0.5461277915647624	0.1746159015299841	0.3559651766261252	-0.0162913005410022	0.042685378523825	0.3641388347207627	0.0572885131789585	0.4490872196481433	0.5054608496043479	0.4401501459451348	0.3328653368933419	0.2591196380584454	0.4277298517727917	0.7081584357543768	0.72901978144438	0.8680617997744305	0.2684256740186801	0.3296288858759222	0.2231783281142861	0.3312931234328461	0.0884290764856684	0.1889108251880256	0.2740719927889073	0.1041962438938054	0.2450410187063483	0.3425873934127559	0.2663077738032422	0.146790183729773	0.3913604361653988	0.1782883688669272	0.4266833919979324	-0.0613647351233341	0.1416762174392226	0.1896934656427714	0.1494230234218688	0.4543918722032974	0.5940418751624308	0.0899578072234897	0.2291527542191727	0.1579491140400609	0.2556444261313136	0.6350638416672214	0.346423549627402	0.2547385052151766	0.2050383092435906	0.3076112733868047	0.1872006997274484	0.1585764757246067	0.0758231408761899	0.2080255094372785	0.4440767613981901	0.3687860234861668	0.4170153657429377	0.75268422985746	0.3997579147418151	0.3524056613270028
sub-14008	0.8056566645119441	0.2355583104081827	0.0742621345195703	0.3447095229619124	0.4881331696849565	0.5894186969487272	0.4245904920495832	0.6392881354650338	0.520185935527921	0.6683156210591835	0.035713358663656	0.4556762652126642	0.5760027036438711	0.6298064739507163	0.6249640477879512	0.622171333124548	0.5160950958730901	0.5048588490209549	0.2848903943492523	0.3815910142447016	0.0107246736922132	0.4666819713896817	0.4256129156057297	0.6941243003893296	0.519583097841746	0.8123047172888489	0.5662544576913974	0.7970837590686353	0.3139692742199837	0.6766740165202921	0.7105785955260422	0.793239637773598	0.7904823392193612	0.7868597938477565	0.5894592160525046	0.4591853842465299	0.3344461580399935	0.3371792121358012	0.5709681967736615	0.4639966023439268	0.2531400469723969	0.0502356311931362	0.5615961951022851	0.2216830060550946	0.5188782638716682	0.5141406296364146	0.5051931474191743	0.5579054150443306	0.4280355130419329	0.424938778800812	0.4291578776836781	0.4079559538825748	0.3612921239764197	0.3997504577010311	0.3276239817755508	0.250436938463171	0.049274054070082	-0.0401887929047654	0.0777126836804705	0.043394683602364	0.0766913051872402	0.1021188092032562	0.171588508922336	0.0682340686843107	0.0483043947195687	-0.0208357095320648	0.0087351670256815	0.0801144378860845	0.2274353869563597	0.1544468151273001	0.5571710812325853	0.4488109262733982	0.1196989719314221	0.5441395320401204	0.3587803810474861	0.5045544991534457	0.3631021154319968	0.3950855508783474	0.5201627316283389	0.4573109907456668	0.4317374572645155	0.5166404055795744	0.4845371094527796	0.4982607658034473	0.4261518570128546	0.4066803265287673	0.1446939241115095	0.4308936453902029	0.389673312220006	0.44986763082279	0.2228564432924741	0.3464748078353008	0.426291452022621	0.4761897910095072	0.3995120448594905	0.5002512552476213	0.4183203468379627	0.6087284490679192	0.5003995598614708	0.5595995400647047	0.6558015654602397	0.6421686528852569	0.6368761518458089	0.1036862421512196	0.5408899208277127	0.4892141947574057	0.7631756277154353	0.5121550066822417	0.6224603427618906	0.5394364654778663	0.473841924259518	0.2534338775226949	0.5404647447226104	0.321250609703937	0.3073452477282162	-0.1228015415692807	0.316905809013918	0.2754200342801324	0.4607584087653631	0.204757721695096	0.3611537188730593	0.2639633993014113	0.2699324984220672	0.1066701525900475	0.4392933178577137	0.7104388916373625	0.272982878840702	0.6592906838358275	0.7115556491427613	0.6938323591429597	0.6507759744360717	0.6947978392637423	0.4996985950341269	0.4781970657432782	0.3515479773485024	0.4874708825043538	0.1468188184913785	0.4340741712138407	0.3420034792314557	0.6381857977648226	0.4535371871214674	0.6396480588622373	0.6211053016196323	0.5075058250427384	0.3848257182867922	0.3258132364291369	0.7552724698505994	0.8604934570231609	0.7941891757913021	0.8328216250882424	0.7061903464470196	0.6114558601093504	0.3904193041193877	0.4166605086066126	0.4250295167521634	0.2212250981393785	0.2629147382799909	0.3867468473121011	0.3536613854020181	0.297844393704837	0.0898273371759836	0.2471398504074905	0.6504566586354134	0.6583178894509369	0.6391792554008177	0.5656358331296083	0.5340864339569044	0.2675723613434192	0.2485153034339467	0.7069399386953892	0.7473888848848089	0.6577746335868461	0.5287652713879243	0.4060364356768312	0.4265294414548367	0.749320260570837	0.8119919136794446	0.6251432176295892	0.4681391995692116	0.4779522520920557	0.7663537059159907	0.5169043102613894	0.3597179015574068	0.4295534967946814	0.6235775776585092	0.5697367913785253	0.54999394987643	0.2493005490011112	0.4245214293843051	0.427951966733086
sub-14011	0.727796073716988	0.7099990226874141	0.4133143499013457	0.6178979323867425	0.3088953382566807	0.6027702603163725	0.6488944204331133	0.7205689204631037	0.3662286875277753	0.5421797024726032	0.2974660799517486		0.6024909257230047	0.4137843719797837	0.3217379407638547	0.3402815359489289	0.3951655726883822	0.0495387275611524	0.3735027603400255	0.6350674743217425	0.3490319142524942	0.6265246383196991	0.4525838423633043	0.5439884867630542	0.5361877198666234	0.800901304973749	0.3076917182964916	0.6060805518129974	0.3001493007528181		0.640770697756094	0.638199144764096	0.273566804514547	0.1581810275343814	0.4279505638531039	0.0533067140547187	0.2595636273276963	0.6330399651578948	0.8181605112559809	0.4450230778224936	0.5034696968584013	0.6477944856375947	0.8118649273740367	0.4266676479237949	0.3352449391214024	0.3232766659985306		0.5734254112123399	0.3888418815763251	0.0286346104947144	0.3449638173703267	0.407301913335732	-0.0402344033232089	0.3912083794318943	0.4982933121288857	0.2812369231371355	0.409124488659441	0.6106730331097725	0.492871492558973	0.3884190851797164	0.316359751303135	0.1519178969441265		0.2763984663318338	0.3875112859051414	0.069397222392637	0.2418467970373841	0.2770403012721154	0.0303628777275992	0.288667333653882	0.6808891838473549	0.460487935056679	0.4394539774836991	0.8093740953963953	0.4130032670574572	0.1833032126939959	0.3576533884757741		0.4620881698843961	0.3406256648261804	-0.0632741703298764	0.3405539857901064	0.5953020241346161	-0.0084169159130687	0.4567307676322713	0.4477138236348528	0.2620304061912979	0.4847358665858493	0.5376465336973952	0.1999191567831036	0.2651883666482356		0.3082902184896477	0.4181996661484973	0.0616659461375069	0.354812089281073	0.7296682179422822	0.32539068559845	0.4896264922833527	0.7138403152778918	0.5502451754869225	0.3374159355247665	0.6929052598890417	0.2322187959249114		0.4854802345651134	0.4583124257421952	0.520588350705979	0.4785675604768221	0.4736744089003302	0.0453644161401721	0.3441670513191406	0.5946733057935528	0.4120558942076107	0.559207642283327	0.0927194945108557		0.6100977944425382	0.3486561335470566	0.3845190804150435	0.2839612014418221	0.2617503968463968	-0.0383764192105458	0.2854672725468622	0.3153722406863594	0.37260375793307	0.2887583974632244		0.6175002239748694	0.3682766385609657	0.0920410862876033	0.1858837962329269	0.4335230675409659	-0.183966734723094	0.3437565118245131	0.2954363376187673	0.2836129937071484		0.4171695950620172	0.3567537757816423	0.193324153899377	0.5220052160513975	0.6205973684583445	0.4655776681550889	0.6223467151786828	0.190989446491686		0.4829306295163056	0.606710973676441	0.6614204438848416	0.3082792875992184	0.3163149356079525	0.2137473633903873	0.2396920564842314		0.3630512278204524	0.2434896738935462	0.1982344457365379	0.3340561452576523	0.3987279315942679	0.2394630280962414	0.2545400522867846								0.3812433326749405	0.4602623365802152	0.3026762374662425	0.3556830732928654	0.0186603386636598	0.4151789077844251	0.3307037702450259	0.2636474239831063	0.4248399741768083	0.3272941718490152	0.2708149463886083	0.3538016985995275	0.2517524976929984	0.2443377675313134	0.1692592324064941	0.5689137970914359	0.5056774277122507	0.5572822775159414	0.5278132060987267	0.6446016817882084	0.4294519971336486
sub-14013	0.6690573023434071	0.5757927015029488	-0.0473189083907667	0.3596637417559593	0.3322197533902592	0.1671553789467356	0.1834694272078116	0.8242486253811382	0.5751206924677067	-0.0108578300084402	0.3850792009705537	0.741142166454252	0.3748613343938718	0.7594169548415073	0.5113653980713412	0.6651740890786004	0.7300234282571909	0.7685781630425009	0.6591658312657566	0.8427588670106225	0.5666539734818248	0.7846024388292167	0.5786909302324191	0.7288158836273538	0.7320693912761705	0.8551769862256322	0.5698285897574771	0.5906595228983931	0.7485472037883362	0.575113147651463	0.2895045242067794	0.4916936824015526	0.6851921289504928	0.3003064906550742	0.2420642532091423	0.4883696960140155	0.3355471914001585	0.5941803787214981	0.8750060467874704	0.4546514935026521	0.6264567177319283	0.720838386424837	0.8342344787286478	0.662039972437265	0.4383706023309933	0.850439642555125	0.3770242372150432	0.2404068424970949	0.3023134802907188	0.392950450002943	0.0917376451242546	0.1377602693799606	0.4149724372310468	0.108329785046655	0.7209002610512522	0.3623787986171646	0.7119871645946687	0.7542083599377443	0.3128257633284519	0.3756838869693935	0.6964121643354704	0.6440425111861022	0.1370091501787881	0.1889252943191109	-0.0111903681112372	0.3669944015189855	-0.2096810051345854	-0.3523232962974021	-0.1448405167730733	-0.1144535082733488	0.5092656895124374	0.721571026537506	0.7695875089312072	0.6769143176263765	0.6718443444958531	0.5869361723956285	0.8515405338139059	0.253550988370773	0.2289576611285862	0.2059566766826457	0.3649035242075664	-0.0106990586054073	-0.0315189801179179	0.2614793352957534	-0.075636503992779	0.4655287832310676	0.463413923920891	0.4804378034606697	0.3502596110411257	0.4344229616047489	0.4560721758779077	0.3992108955950487	-0.0300752665217101	0.4036445896735334	0.4309702466101612	0.1902515014743072	0.147256654927863	0.4590917406128793	0.1508851164438071	0.9544446364586376	0.4684253972808777	0.2093385646877521	0.9254254673144844	0.6934982077558749	0.1319362919115519	-0.083934289764021	-0.0078094511658312	0.6652000454418127	-0.1278040939996531	-0.3266501976987028	-0.0350037187991597	-0.0002115271828054	0.5059190340222085	0.2582032160425797	0.8837634603871616	0.7902573106268279	0.1128081987077767	-0.063571800924972	-0.0277200779577826	0.5784700171326944	-0.1749472687351432	-0.3504374074771436	-0.0492445425480047	-0.0392152199659877	0.6836620901988153	0.2865968175226216	0.6817177461183739	0.6667966866715183	0.3054103292957126	0.6450449095947629	0.5562959523448696	0.4709759497104079	0.4974387041829558	0.6860907436880798	0.3913144321747333	0.0128806088606071	0.5827428582500744	0.5766095054954302	0.4106049107012046	0.6065432423640982	0.1895683881705163	0.4442143925114197	0.5011217206836736	0.5740749535424368	0.3134327290678062	0.5391870842403156	0.0074722149130189	-0.1683223086325653	-0.1349052538313456	0.6459783804136418	-0.2133748857151973	-0.4277555938860851	-0.1760746007573755	-0.0936314209885934	0.2961855112878053	0.1384158010195943	0.2397458107551852	0.4287956830741603	0.0178319741523268	-0.0443200755442004	0.2242519923358176	-0.0232318562703215	0.438712190191963	0.8720277042645307	0.533714018216104	0.6909232393575082	0.6401764515100822	0.6555098268266178	0.6991301982060178	0.4023727710120779	0.1154840258419094	0.4030661349155482	0.4290747499413266	0.2926636784733238	0.3091640091592859	0.4821693965703439	0.8498719341640046	0.7752369010828797	0.7604900105859124	0.7130006243334137	0.4686700104751101	0.241535874543177	0.343302321242944	0.5136680133970497	0.8684308836055791	0.7363064699406957	0.7516308208349971	0.8624653504052543	0.6560765040084164	0.5390790514675915
sub-14017	0.768287608459012	0.1662000239004684	0.3069922621907886	0.5146094170632083	0.5070632322862917	0.5668390359778432	0.7296647451537067	0.5846869969997744	0.72440351902831	0.6504886034036207	0.4954659166320591	0.4908591153062677	0.2892895916644135	0.6453673513049979	0.6057694667856931	0.4614613027363548	0.3591177225775453	0.5330695145396757	0.4867808619358059	0.2514457020637718	0.3653506701764674	0.4010002262327976	0.3841288931389739	0.710875975209901	0.7002534915913239	0.5962821795575188	0.5449950890363451	0.7410648057936424	0.5415814860749103	0.5792523520914189	0.3779582265403611	0.6537679636363403	0.6048316259875525	0.5353237111627895	0.4411545561170136	0.58856355075488	0.457513433620706	0.3607936864161797	0.3197008892461617	0.2498600897329673	0.1537712830828622	0.3206912680525045	0.3837082419057714	0.221973299792126	0.2291612429386942	0.5450169312510442	0.1983612413529357	0.1220502572517873	0.1490706045635434	0.1765091761561618	0.3306996932304594	0.1833326987262938	0.2002787076296664	0.1985219705932224	0.5025185178472726	0.1319637046692149	0.3834245241001268	0.4705919957851673	0.5286587461282233	0.4054357239674802	0.4997052120458198	0.4800147898716335	0.4994706078645075	0.344551704772186	0.4035499776093971	0.4337173206713702	0.4229960567060595	0.4361715880577059	0.4208235868312758	0.3724937012912504	0.3940377266302018	0.2721610731862	0.5803727159237082	0.7544912243971084	0.7102379772230993	0.5760644582543287	0.3586483285601448	0.6072679979421367	0.4590157370487316	0.647099543639582	0.6549153965987722	0.5309300454712326	0.6319494572080615	0.5231859607739767	0.5736134570487488	0.1815938952702447	0.4934290360092023	0.3924049532650001	0.4390782485343122	0.3964509463365639	0.2751925927940647	0.3531978407210454	0.2534635091623424	0.3728804032894796	0.3988976459999955	0.223791999777689	0.0684751862174495	0.3518411244980345	0.482675645251855	0.6051140329840439	0.4235208029126275	0.4968961531542526	0.6105050406663685	0.4300508322059207	0.3510758311850901	0.1339735538519817	0.4842942397177529	0.4061780902199483	0.604306132106458	0.3928684057015045	0.3972830038361136	0.4223419038464937	0.673535121096848	0.6126145749513179	0.6979069509919438	0.6409671603834118	0.5550027020828612	0.3046482721415324	0.6074847201710205	0.6027575070290611	0.4797899053946629	0.3420725741412014	0.4834850866388956	0.5184305617196149	0.5931703330732893	0.6962208820953156	0.4900065996861199	0.752402836389417	0.4892926568445207	0.7538091787874439	0.7661522482607127	0.6565275662150973	0.6527781074669378	0.634198831938987	0.6516767468974309	0.5993377669428023	0.3838437763737843	0.4133755171659679	0.275844791751575	0.601910872747102	0.5258870101347606	0.5300635164594261	0.5060464809753521	0.4631184201816494	0.5039034570109284	0.4108688116844525	0.759861211015449	0.5860118451694669	0.7118768228760702	0.7506914661321745	0.6034453369437545	0.5215670114497086	0.6490086669641099	0.6336341123612098	0.3250508658319399	0.1769034607692936	0.4195202646003757	0.4099484348751919	0.431136119382027	0.3248577417590284	0.3875154504907862	0.2329334979559766	0.6218953844600483	0.7212326274550263	0.8154027061860727	0.543824530297421	0.59743389479247	0.6229468174394852	0.6221447917950972	0.4266803383503909	0.5845193144926343	0.3260924931527524	0.3727220499038129	0.4793448607554692	0.4374840678796298	0.8217445022422868	0.5368850815509436	0.5519037656871276	0.5249381086820957	0.4718088128399139	0.5437079097592088	0.5775363655256033	0.6503804030811938	0.6114564714950793	0.7034738778812382	0.5916569907539542	0.6124552583612213	0.7064162773882432	0.5710783286759886	0.6019359760156947
sub-14027	0.2587744311077204	0.1732888948501651	0.1391183583489892	-0.1700127071438108	-0.0328325909788629	0.2315926786367304	0.1752200766609629	0.4890398682095974	-0.1771358378809249	0.3771100244808731	0.0978946902711676	0.0704788210756131	0.4031692014914551	0.1426870095520436	0.3088772928331494	0.1193947678000141	-0.0501624721330729	0.1436306755449833	0.0911678822821264	0.2297351986215184	-0.010729818471534	-0.2009762971824645	0.1230667872510291	0.6029907990659529	0.2650724486748528	0.4301984328669517	-0.1718483905001107	0.5596456606318626	0.145175845768971	0.4516044937888072	0.5529509512144621	0.6091307909489194	0.3860588952788147	0.0222900934527625	-0.0062169544012963	0.1024168868323787	0.1524332393037462	0.364901632541545	0.0917500748716242	0.0598984493847811	0.1661848906285159	0.2106197540787505	0.2561197666498236	0.1002362408254035	0.1495112860938598	0.5498460746583655	0.1161690792454599	0.1191225229470815	0.20329390729947	0.1942748881083642	0.1217747096395531	0.1472735148217929	0.0517940705835566	0.1125808589041626	0.5680895008229969	0.1832726403305116	0.0950440622747086	0.4912411259711288	0.2382266325569633	0.4207292105291341	0.0067587534779493	0.5330570382099412	-0.1286203567080898	0.0198584615031166	-0.0129628088418938	0.0287668176168909	-0.0169958589507332	-0.1240266224442409	0.1488753629131408	0.0624252251112944	0.4094539027918228	-0.0281473720036363	0.4360230153123529	-0.1441209774324124	0.7447663824099668	-0.2706331746053071	0.3040244550426489	-0.2861036727946289	-0.3471480513246734	-0.085433448343303	-0.1280445491097009	-0.1026839786519004	0.0863137310275318	0.3258606891317709	0.1790361114630567	0.3568500869031718	0.5331262189729996	-0.3747260720150574	0.3841809245409114	-0.0163796332736314	0.1191367924196939	0.0017255907025307	-0.0744681971778426	0.0716285982170475	-0.0137135740157545	-0.1519833582959459	0.0290352890311915	0.3061701536893247	0.2958136855890352	0.6071562969125474	0.0775509708510984	0.0462681640404004	0.2738339213553684	0.1345671330482749	0.2805097219116554	0.4521266736444652	0.3337312426406297	0.2594054039278041	0.0601800198730196	-0.075633343194227	0.2344584806001884	0.2216763856401769	-0.0008230217395494	0.4362968640832455	0.0285679355096181	0.4649485294678019	-0.0294296984356996	0.1915694508662216	0.1033433957740227	0.0686206021684529	-0.2379922549575177	-0.2398982689609446	0.264326831030277	0.2838458110337884	-0.2553560557848999	0.3796595584975246	0.1658538393382285	0.2239231432237472	0.3815312931621539	0.3150944583242814	0.3444097863769114	0.0256204691881331	-0.1121657692753576	-0.0481894800602879	0.0718488063503071	-0.3117244784221336	0.1606801208106237	-0.2331272975603403	-0.2081230400543184	-0.129698404738808	-0.154860796581598	-0.1136469772864181	0.1694369211663423	0.3253185330558761	0.1088716653151956	0.0921609602588996	0.3594331210623382	0.3537314281365263	0.4919879428640396	0.569627560138895	0.2239394819861546	0.1196536257472097	0.031992675140891	0.1770589584592906	0.0234523953876543	-0.0360902767641334	0.1861213312070488	0.1375105267874905	0.0037032450559696	-0.0596141073266604	0.0344368613704331	0.1103825703460596	0.3353961344521243	0.7778899471880574	0.3815808813374476	0.0558397958260359	-0.0093702237266653	-0.035739504038958	0.1115413336527756	0.3485509434162481	0.3584281766235329	0.0561342658111789	0.0905605048502058	0.0809247006319532	0.0862764010120299	0.520947823673948	0.1747241879458498	0.082048106138273	0.0653965228314057	0.2201064034905659	0.1960504111684356	0.1125099586419413	0.0554953657987185	0.1093903115343234	0.4273396052261216	0.2889663596364736	0.068865280398081	0.3670004136849226	0.2315918004629648	0.3277085464290011
sub-14031	0.4179235291710323	0.5260426379614109	0.2956743624817445	0.3701426075704363	0.3112313292709615	-0.0747495212568082	0.1609461638539787	0.599284090748023	0.1601741746857715	0.1993535327847331	0.327403393701228	0.3650536241095607	0.6130328572524668	0.4410108555336009	0.2922396336042722	0.1882064325075221	0.1029030954305066	0.3361971743118525	-0.0010788447368204	0.2688657358072866	0.2103633437914218	0.06219048993841	0.3749902419227413	0.0551822499098848	0.2976726903427213	0.3948671229682629	0.3829934218326193	1.4928968300898654e-05	0.6185393818460928	0.2992069143794528	0.5913079202580322	0.4983828064386387	0.0063555438542682	0.1090916257206189	0.2727139277580947	0.6090138086436183	0.2896934440854535	0.5411761134940976	0.6913334575653945	0.3151511020644013	0.2471918920716951	0.4545085590182712	0.5147541714703473	0.1154692037199752	0.3406925761522767	0.4106201500738601	0.2648957078918453	0.4518727357432569	0.3277992550528635	0.2969598389690502	0.3856290429411544	0.2714791319453878	0.1602227072902451	-0.2396217432342376	0.3922980374404103	0.3484642472114419	0.395502420513417	0.533760849405518	0.3132669696933316	0.093433775802636	0.3970523782804521	0.2662686898330799	0.1925926826014068	0.1897457489079336	0.1940118231757555	0.3918732859462998	0.2900679735498919	0.3297008304265503	0.2583577081642597	-0.1391121401530853	0.2752597383831678	0.0473375673128807	0.3435518790545731	0.4254337867075159	-0.1898994697764349	0.1269283664849638	0.204364004539981	0.1640265840895292	0.204616707648162	0.1294330649301843	0.1469604925047717	0.3099359535447544	0.0997115618438962	0.1248318752812977	-0.3000584823138425	0.1810892152489592	0.2420836430460262	0.4517258738826177	0.2741618822252848	0.1548706574537195	0.5291043212294908	0.2508860744256869	0.397861738542381	0.3299427182866202	0.113662657613722	0.2760039291811533	0.2117995240244251	0.4916682131064615	0.0800224353577234	0.5780419330362409	0.1843057720168286	0.4051980238814303	0.7952089784287396	0.1700894698317419	0.1587896188834626	0.0467763122196473	0.4499265730306189	0.6743112747332511	0.5997982935100035	0.7134133458090636	0.2549515775002828	0.415779930922882	0.2772700595410434	0.1221468363800622	0.4594399367685401	0.2680258887025784	0.0971385516112129	0.1337772135941479	0.2357442463314021	0.5300288873603897	0.6139628364269575	0.6263879404822223	0.4886707680853662	0.2922204376744861	0.1823158472688865	0.2967772882478736	0.3278254003973818	0.3437805034695534	0.6549177063456609	0.515486323392601	0.3092882137014268	0.2980101771751517	0.2042424631664214	0.2774291456525573	0.1828547058941129	0.2398669908561428	0.5280395392641386	0.2190458530460717	0.2081132192310763	0.3265623689364056	0.0621907757980673	0.3097628701857504	0.3636795357113522	0.3274979910375586	0.2312021688467765	0.1221924534017864	0.176520582149875	0.2465278690872289	0.5783809211025623	0.810698226138024	0.4934065082709674	0.5153433004059685	0.1810321222339283	0.3119152182477204	0.2522555517823158	0.4988020014730184	0.3909534680233766	0.0053233267785111	0.2159463577494213	0.259023876285053	0.396216849737704	0.1287052715162841	0.2236483459429939	0.3536886187797774	0.2210927432580355	0.0212519264094384	0.0826095480772121	0.2726350974274907	0.0878287903267701	0.5131079980555504	0.2122815027242044	0.001198569933658	0.0478107218393189	0.2617485285458279	0.1601212571259109	0.3946154583799518	0.3874963643831108	0.4805345769137123	0.3919977142164151	0.3371587645747936	0.4470133510725566	0.4648064283680749	0.2919544775728114	0.3670997941365093	0.8200831138574968	0.4374136271377298	0.2535560548398709	0.5171468276571288	0.4167857496108272	0.3693697726644811
sub-14041	0.8221139360168019	0.0350909718262041	0.2774376254230418	0.3788645539112394	0.3368127099487338	0.6427008688319763	0.2987252152507906	0.8152517126301583	0.2022303170356685	0.4039323557370111	-0.0217643423389095	0.2733534740221455	0.3791282979904162	0.5455228164306029	0.528438006970916	0.3844431448236138	0.5606602560915753	0.3065867686094324	0.4952448535938333	0.1623489196267842	0.3420991425619915	0.3781614935778661	0.2742734087705702	0.7781231723178587	0.4127147238885093	0.870372415012469	0.1800396187635108	0.6076041868552281	0.1560342388621909	0.4494732882119087	0.600764121929293	0.6769648264834157	0.6752395510117927	0.444042850126522	0.6414882031147003	0.3175354492673373	0.4199545981165654	-0.3955960220484283	-0.1208043617350618	-0.1880021699303964	0.2797353342347029	0.1149442562661618	0.210889916921134	-0.1560393978636676	0.2155940781549686	0.1939765085991751	0.2036219942186456	0.1425360422179887	0.2658928867351861	0.0674662327580007	0.0016417090544258	0.0576920704679863	-0.0591284221799879	-0.0231053416860525	0.3660627167512623	0.2925136623884423	0.176590399100325	0.3355193161093486	0.3600983622219627	0.2573515315214816	0.128507507917013	-0.0620820972725102	0.0049481434826687	0.0556910618254998	0.0939665634403548	0.2681335897652151	0.2806350993357869	0.3574088032462628	0.286986808569923	0.2057380137975429	0.791312278943558	0.2577000962583934	0.3652283456957018	0.3584840712804037	0.8138365315903564	-0.2704643267980701	0.0530780664048316	-0.1782934622244927	0.1514293535276493	-0.1323782700843007	0.4676050125513499	0.5326308686580393	0.5950429776170951	0.7084895532020165	0.6324932361926341	0.1393794306065045	0.3369457107810707	0.2194131390522541	0.9061771773618708	-0.3467508310583268	0.1113158755858963	-0.1664126160311968	0.188748162341613	-0.2103862353847082	0.523245726443957	0.6367789667981525	0.5657482904845346	0.8466197571161798	0.710765355404473	0.4522216324649905	0.7704853420105836	0.1105859394394165	0.6930282459059599	0.1969781487536218	0.4218228674327487	0.4530367563344226	0.6770579436589358	0.5157144642240371	0.4486788414972367	0.6366986115910058	0.2266998229595959	0.4605776222770541	0.42391817543904	0.369333366493929	0.1774729040720802	-0.0322555075371604	0.0737798830490405	0.1840100146677888	0.1160471767154577	0.2669274532777776	0.5155498484100106	0.433300794900622	0.3645700285989836	0.3039644897410348	0.1583717467011437	0.5629166283929925	0.0832221707040438	0.4033863992424203	0.4226729325975853	0.623753579604455	0.539034405710647	0.3821435522676721	0.565770548003485	0.2379737206564626	0.4419986128861281	-0.4024232094654043	0.0920882406370913	-0.2057725544962786	0.1257463182469596	-0.3016624066297618	0.4337853454033549	0.6244543740954751	0.5210214336397851	0.7777071313982341	0.6226492962207619	0.1230280984379218	0.5875502956054438	0.3835789710470665	0.8129693192087235	0.3072313965864288	0.1095677527145292	0.2857771302347004	-0.2032369320405216	-0.0215970728968516	0.1346544796312867	0.0256077725466448	0.0530945141205718	0.1344532153199305	0.1359493309800206	0.239011838301253	0.0826777317849361	0.2053685678822824	0.3854973816671069	0.645965302378855	0.3987875282663051	0.0959005203472609	0.1913394053200137	-0.1023370840067508	-0.0125678006975165	0.4723880083897606	0.7292085636031179	0.2161653586681071	0.363267252633778	0.2692185787098083	0.2116493212110144	0.4937819755268135	0.1453466445727005	0.3423707732449696	-0.0840956213002054	0.074337955148525	0.5123799542809969	0.5813526524478544	0.5113580683043059	0.5270582988101898	0.582287606745777	0.5827993589349986	0.6188452112742523	0.6438010745501158	0.5660128771064841	0.6123014447297922
sub-14054	0.846398994672858	0.6720572079028168	0.4866063311085218	0.7531872468947862	0.3313027693472042	0.7712772054856654	0.5592611149140877	0.8198672595187511	0.6011492103622446	0.7264985521785448	-0.0775633845596222	0.3727561303888765	0.6566176398075996	0.311057462117751	0.7754017140667373	0.7018912206816227	0.5588753756052851	0.358133407345105	0.5040188311200589	0.7308867025590768	0.4400454335040746	0.7055918199038608	0.2659983246641702	0.8062873956830369	0.5853454579602008	0.849586653682907	0.7428946033800169	0.7463560469211649	0.0830946847292809	0.4638947971953838	0.6110713615546849	0.3944702637036206	0.6652896989090268	0.8334941911902743	0.5989259916042854	0.424783636281437	0.685702065084779	0.5637576502989313	0.6689926226420472	0.2138299741119712	0.647009814250816	0.5231238932752457	0.783151772702355	0.5668272975101926	0.6712308492256464	0.1575834433511013	0.3943545332312952	0.5048130225150373	0.3530401515208556	0.6351141727804731	0.6295292914678761	0.4777591349306239	0.2430580316789008	0.4791131468955827	0.5548381704558857	0.2136049161430864	0.6187938549903391	0.5649692548342048	0.517714653951185	0.5936971699988738	0.5335092963260587	0.320587433661775	0.2020377752523159	0.3815933991621892	0.242123965960724	0.3751812849625321	0.5193800990808963	0.5436861408974347	0.2770083130228434	0.3705808660310347	0.4746782225736186	0.6736607358079479	0.6633459832508868	0.7382253162106862	0.5926236990793047	0.598432350801544	-0.0351698145611137	0.2180383371986125	0.6768104593775969	0.2430569880335419	0.7151049804888132	0.6351698870144806	0.7057942089626267	0.5190301147161058	0.4392991528485624	0.2763361188984046	0.3763543120590778	0.3315478612739078	0.1067809085270458	0.2949404801868764	0.0314046435901742	0.1997725770771156	0.1951730281538675	0.1648773017585695	0.2048414018994765	0.0170974295646428	0.4992072678395608	0.45189407847619	0.0717453482434139	0.7082349890285027	0.7662476197429078	0.7908784683632123	0.812923786780379	0.1615583357198624	0.4442440653035627	0.592021341976793	0.4129074154697654	0.6629559090527934	0.7477429100760705	0.6815692506530123	0.438796728836494	0.612863057799833	0.5666488887111015	0.5767514644203119	0.5023651459218472	0.0787948223867006	0.2686422309312449	0.5636771198919777	0.1486719883306933	0.4665298468014401	0.5483808503501628	0.6067529888848142	0.5981622756836729	0.426311807648674	0.6264202313396617	0.7410595348596506	0.1028459556409326	0.3402451549815949	0.6037694870210398	0.3291588931500281	0.7051615644675616	0.7474935596870133	0.6048915060406634	0.2828954405548241	0.6241421124923453	0.6599487372299803	0.2265798955799177	0.3737812319002241	0.4562720653750355	0.4473902786499646	0.4594252847215402	0.7798740311410451	0.6488306185040745	0.3571384785207551	0.6827372769588085	0.2216767872439295	0.5787977282453063	0.4879868905280375	0.5125940645923059	0.6065123515285474	0.6353466761195675	0.612423969803192	0.3135287231995866	0.5627453304840374	0.2535868211688517	-0.2948749559453396	0.4548020855261602	-0.2458928996301013	0.1318433588490624	0.1733544244279874	0.0422048767029489	0.1684572429775512	0.1498762592518401	0.5241992307204211	0.3112178348466616	0.2592887112175676	0.1650441412886922	0.1971628148105575	0.3903637735522752	-0.0359149065078873	0.651462739515986	0.615259853729264	0.4653512012840591	0.2980683972940333	0.2818690539592423	0.1821119520156455	0.2445838162715238	0.3274073028945739	0.0971219858454387	0.3402143253656018	0.5879980107720346	0.4304493412093899	0.3352718735840937	0.4136022880892334	0.6184998927480068	0.3461134766273778	0.6897497314819518	0.5388414883785814	0.4535294423030954	0.2962583485843952
sub-14057	0.1330716513868329	-0.1046479019564295	-0.5837079069863877	0.310098564843242	0.2716603660849441	-0.0358831533603157	-0.1083743032937243	-0.0410466929626401	0.4699154980674646	0.0863993215679412	-0.1194631009496491	0.0391347641982052	0.0451676939509619	-0.024187800041481	0.0800200510777217	-0.051900019285222	0.1001907709465783	0.3281718441584789	-0.0837987410451496	0.5696611345204204	0.1469544374414667	0.6784697703814625	0.3600477076825483	0.2893397147260138	0.6405593522124162	0.7779476222350717	0.4731142606802725	0.7160341180421943	0.7057633762595118	0.4172598965188246	0.7155383519302113	0.538019500381702	0.3422765993782331	0.587312009292582	0.5062323399769113	0.6448586314630164	0.5592719043277907	0.3922552492090264	0.5038622463717651	0.0609457477339858	0.3552670788450037	0.6363236345374269	0.6691511537439386	0.3563245397379933	0.5572838679925429	0.7435399700860067	0.278935500113411	0.4596975964580385	0.4923372555314733	0.1950407215433535	0.5996631771704882	0.4637447292980713	0.3647830086928149	0.4804205448893394	0.0360058355295859	-0.3335766215402017	-0.0557959271006325	0.3132419362776655	0.4737133733277509	-0.2091899588644034	0.0268566710939103	0.4910655569942613	0.4359719104912772	0.1606172331807183	0.4024255020707197	0.3873359898319903	0.381783526489463	0.2549916636888853	-0.1683916424809198	0.3895869598973126	0.5187723710485136	0.0400379028176221	0.374957058700622	0.5834418476764335	0.4405001692939815	0.4729099612762989	0.646194093515956	0.4900589320859559	0.4618399037699587	0.6298612720002111	0.5025124797077505	0.5157994612712533	0.5585666286686686	0.7084823671019649	0.4906757186036827	-0.0909698899252682	0.0946902736148722	0.2145038582516028	0.1149287972963575	0.2343387968099819	0.0948855683066673	0.1924197025917813	0.2754697441715649	0.2566584198998802	0.2062832448385269	-0.0038739676000758	0.1579652445358563	0.4970712820852488	0.0737899664870751	0.6109984477651929	0.340613416917476	0.4954026452833844	0.6428454588378826	0.2268492871560093	-0.2314372829818826	0.2068384882857567	0.0468582662333057	-0.493698126922798	0.3679341015114725	0.2873161480363748	0.1018469527840007	0.2749477378667409	0.798586871316926	0.3996224719397146	0.7699868292334625	0.6025586399385616	0.3210122300555224	0.4933231609457081	0.5123543069712719	0.1370660305966458	0.5973490063731635	0.5428494796045783	0.3695258022404063	0.6473070086462166	0.297529700336217	0.655675149084498	0.7572725689895925	0.6009797651039285	0.6712573512251122	0.6896517001592057	0.440358351919991	0.7163359954600185	0.6646450947055043	0.4450674401811513	0.7566695850392009	0.5668238112251089	0.3345051229502396	0.0464597391813336	0.1535438331195055	0.1479195248386488	-0.069218487066184	0.3914142128375805	0.3845003918540022	0.5404761760762383	0.2593012349944742	0.593014115062265	0.1538768907384578	0.6005723389087266	0.4020601202855209	0.0265756326901904	0.6110744945431307	0.5518622974401146	0.5528014588360671	0.5782879211939228	0.5214004642914715	0.5518210139512616	0.6678871394483447	0.4045429467335718	0.7362323535915922	0.5966599918717937	0.471371361045127	0.6545965870300505	0.345383866752194	0.7816118683651107	0.8083177490596313	0.5139198761075032	0.5811338157689064	0.4232858444750169	0.5676145666742161	0.4658037224138046	0.2799331091357658	0.4049675118370694	0.3320498098136401	0.313830024131472	0.4227235439074943	0.674000277642393	0.6041625188314558	0.6370982196783709	0.5091598196238822	0.6523188011632695	0.4141493634206192	0.5014643986661536	0.3982340274906937	0.4969117386197678	0.8763425196582486	0.55301199862917	0.8560701792683472	0.6422746141754639	0.8465004689374641	0.4989892150363946
sub-14064	0.7848961669323011	0.337761542894949	0.3791805384652902	0.4137229118017901	0.2831525421062275	0.6917142746932747	0.4738092658677095	0.5461107789292872	0.3924304882758368	0.7731986626448305	0.2511286834574026	0.3734368984946649	0.5484626076688461	0.3986374475259234	0.6219119227267975	0.3288949891312898	0.5077295767928705	0.351513875036574	-0.0311986986544555	0.2905945306929398	0.3747712786176616	0.3210263634336011	0.3564728908944533	0.6685970832149308	0.6067168487658957	0.3332669740394737	0.6554232742736243	0.7425649152825904	0.3242756955319255	0.6623885802739589	0.8026461654503559	0.6306294145083902	0.6657270986518957	0.4796889887250945	0.3122943719483865	0.4203309001076551	0.0956449179044263	0.541462675927023	0.4781796814019487	0.2034897478312128	0.4300039728758291	0.3251307121463924	0.4332815884939822	0.3019618959053539	0.4072441002170489	0.4804979850791427	0.1149445227329223	0.2535068200003858	0.159245574054632	0.2168078894214934	0.185976506667341	0.3100756199321929	0.1005826359966537	-0.0398509700053375	0.6207990356001385	0.3287704095787852	0.4500026674390939	0.5716091083400984	0.534367959748454	0.3508386976047097	0.3737824350143692	0.661538653069032	0.024905898524482	0.234416927839127	0.2669486106525345	0.1253266348217829	0.1664041650957225	0.3168277766498729	0.1838725089961033	0.1100704804000221	0.3970503750748478	0.4470998884362669	0.4693576806441676	0.7368624923780663	0.2622483207531028	0.4196812490408289	0.6573945389375909	-0.1272883429817186	0.1750814470025241	-0.0836604109068644	0.1764344709328582	0.1607921270994619	0.6788146375497511	0.1430708183710827	0.1175918127240095	0.2221626224971329	0.3264821210855298	0.3795304510649543	0.3438859480873767	0.215301888612893	0.2689944751574711	0.2382656443816964	0.2918530752511691	0.2588281947239696	0.1658633021346961	0.1681334246618975	0.2360658631482103	0.2332400586263335	0.1348592238154856	0.7000980600771399	0.5989176473158633	0.4104242761961079	0.6900267477113419	0.3113859126577545	0.1802453122882734	0.6709478069861267	0.2203763079960908	0.3667622441507843	0.1524307638088072	0.5818163837096307	0.2502658489951754	0.0314582078451552	0.5624438689529678	0.339120208989819	0.4859526350706042	0.4952703932858671	0.0991097024197638	0.6474294588523953	0.1699502266300834	0.2318564323069609	0.2100992150186076	0.4573531557672527	0.0055378981931495	0.0492351743631006	0.0912893913071564	0.5271521069894447	0.3856759781574887	-0.2116386831495866	0.1886571129337249	-0.1030197853578891	0.2240518709566826	0.1285086513767419	0.7676752500082159	0.0812345765951687	0.0471948171198957	0.4271824492154984	0.3970115207917028	0.6917651289165747	0.600760821016366	0.5047883603753942	0.4303856731155921	0.2776650800435439	0.0625868393590342	0.3449776670575943	0.0653401132203695	0.2395813429967603	0.4379668774869138	0.5908619254032584	0.4120112791290896	0.8089777391382955	0.4415142829338329	0.5690634735477007	0.3463590280414236	-0.0388109941294883	0.0369105194651991	0.2186999651001568	0.1018221730268041	0.0694918216021048	0.0898307344177544	0.2406415922266812	0.0465545250876388	0.033568864282191	0.6696898099833194	0.6905618192435083	0.6341198308852617	0.2794296320977754	-0.1896432748481809	0.4977276463602669	-0.0513710489585825	0.4237228107302907	0.5385790413599874	0.2597675558288012	0.2529327440229088	0.348391231677823	-0.032708705429635	0.5049273121408079	0.3979114586497505	-0.2824323178716082	0.4207872387151993	0.1706712615709138	0.4466090768776677	0.2764677409088928	0.3332572169239773	-0.0541611061817271	0.2466764719341693	0.2798666037554804	0.1233926040618722	0.1635080271149196	-0.1185376862251584	0.0327155414770162
sub-14076	0.6303339295610886	0.4954999799079894	0.4387256757646944	0.4297779927014445	0.4764389527119716	0.2664037994614868	0.420694627741494	0.2689765577876465	0.2821242540856659	0.2443155429654056	0.4517363343019721	0.1923196929216544	0.3410412914412939	0.5018498255199764	0.4952484447644681	0.5604948062444943	0.4177093469708439	0.5199030806793841	0.4415960686507127	0.5365412408356404	0.6610247014422829	0.5357394642582597	0.6522877135109143	0.6228323594976393	0.7115092330886804	0.3021231072350917	0.5798429170661031	0.7015864872596445	0.645900530631406	0.3360877797356927	0.6372317554711207	0.6866609311757518	0.6691840888140305	0.7429712661104757	0.6466753073694899	0.7409781633130547	0.6763657632583143	0.750060148389456	0.577900835669789	0.454917989857061	0.0560247580575082	0.5861261297511894	0.4205152873675646	0.2225078268719699	0.3074024917971867	0.686097666150971	0.0836955659106206	0.5606339578902924	0.7502529568522771	0.3711531568276138	0.6261886750881499	0.3550463895671694	0.361082504007655	0.4916091971216116	0.6984441165015313	0.5491304385155745	0.2819037412293251	0.7356467984575233	0.3456374096966705	0.36790832024455	0.500977317238406	0.7977489174704188	0.1723049424934665	0.6755177085502756	0.7334457476579619	0.4986922642942917	0.8121784371519347	0.5176111794820646	0.5707845221436596	0.6355269085188102	0.5366445455346636	0.2692688233549932	0.5068779955278708	0.1215733609269548	0.571705173320356	0.372548458197448	0.7090354393087417	-0.0137916851642583	0.4146243024452877	0.4997738074487849	0.3084725711836695	0.5418541570814195	0.2316979048836919	0.4356783997700629	0.3552261410827136	0.5446157841425368	0.6852028091121743	0.2468138808117915	0.615606292707648	0.5679690168650291	0.5680956013590863	0.1684652331981357	0.547906570261959	0.4925222092678661	0.5401690923057011	0.611816061367929	0.4715046958676905	0.6109080690148165	0.6236737005144466	0.6554396848123558	0.2143007364125431	0.716831836176305	0.717352672497704	0.4466223810420537	0.3413933003664452	0.4740720772168902	0.2743684253882797	0.6131573950637391	0.4775578198465713	0.5770905796437028	0.7011811979334177	0.6330141559372812	0.3823579857313384	0.6257219232005641	0.7043244346859335	0.7608305409919313	0.3239690633811493	0.7940783163988068	0.6394846071152638	0.6768876490202465	0.7640907781006901	0.6353948550375021	0.6721173009450875	0.7593291136926492	0.1035838436301491	0.343253332453493	0.2948311438294408	0.1794648998224598	0.3987260236922451	0.5470026759996961	0.4163139564637688	0.3547661982230314	0.315755082597959	0.2376997049809872	0.555342425184776	0.5776665613343788	0.5032808863780351	0.192520975061615	0.5008157864935504	0.3133686531322144	0.3868995353242715	0.4359253965811389	0.4228279542001552	0.5540429393530565	0.5363506264326651	0.5288244774936066	0.2615377608617422	0.6923842330582881	0.5156581652277497	0.6270467244350781	0.6343175900384223	0.5875629549199937	0.6430397134770406	0.644784456441556	0.2180154174049722	0.6330973281328155	0.7060161681770591	0.4765592348089587	0.7160084537243099	0.5044212863090157	0.598940026058804	0.607739408358454	0.3340725387561565	0.3643800028774763	0.2349953617001687	0.2882803140117465	0.3769719401264762	0.2815984306692044	0.3694580671904119	0.6638491247610769	0.6364892674880658	0.7668425438308649	0.6648118744859455	0.6167327308533592	0.7426403310194485	0.4981496998189378	0.7041809539190159	0.5376437606866669	0.4902995445924792	0.6604144322644868	0.6140485405741137	0.5396374353088671	0.6430895649355075	0.6472787512399462	0.7405806117502493	0.754777689199692	0.7644831818428329	0.7257720983553595	0.7572469460826043	0.7001404142114392
sub-14079	0.8427046565807713	0.4547737460107381	0.420786333212273	0.6436245906941757	0.454837180170244	0.3687622516688864	0.3634155364679518	0.6034771851772912	0.1448001951046333	0.5807142291171143	0.4425983991374974	0.6771398981946395	0.6852407069995161	0.5194634301754163	0.4316505277763744	0.4264064328923691	0.6041246269347907	0.4328162492554359	0.3740016529259705	0.4368812893668488	0.4337832568047987	0.5999857167108834	0.3782301821956643	0.3539117682718153	0.5618803136346476	0.6887075992728228	0.2190143785953139	0.489991816637225	0.5038902322456966	0.6678679810599689	0.7189766585252073	0.520341605059522	0.4951220603443056	0.5204144911073287	0.6193262119104975	0.4268035190470476	0.4148943630070588	0.7555417862891953	0.7221666329666786	0.5583665678690082	0.2168655502692496	0.6141727365875654	0.7540353454248785	0.2476725416558828	0.3245473498215428	0.3586774365223985	0.4649467160554628	0.511328199813578	0.6459421174595398	0.4933970929258189	0.5375496552980507	0.5513156967284876	0.4495136493198469	0.5416444430018204	0.600687398149426	0.4299832930185515	0.2012519487035184	0.6023515538609625	0.5959090534824327	0.3142428910922336	0.2719282503945473	0.5305139843974873	0.3886920394860199	0.4012918835454438	0.5967629832313567	0.454128095147881	0.4968338289122795	0.4563619149001657	0.3261395351515611	0.4242709011067178	0.5966438722054347	0.3217824087049468	0.4863694735980619	0.7168639325333634	0.3447397440394526	0.5067024132158829	0.3908512874804549	0.6079382539193584	0.4936981385190178	0.758828132214705	0.4678741982200746	0.5583678302457057	0.6617059514415923	0.5035958053340035	0.5409149014965974	0.3572138140255683	0.4756454236903611	0.556809907601659	0.4038912464085761	0.4124641433086269	0.148246755667681	0.5479870532317134	0.4069088527366323	0.6261078244815352	0.5360760325052975	0.593745399942196	0.5495797818765035	0.6964955591661771	0.5867946525588629	0.0535352161149876	0.3556015239604146	0.3125225213351406	0.6396953049059754	0.179757664083612	0.4198496788139585	0.2980834241250487	0.2294171613288328	0.3581636964020543	0.3170186549158142	0.2370952729551468	0.236482775332657	0.0713521740531024	0.6977075381285306	0.230299323875157	0.1820443378869173	0.2838463495732908	0.421667725738352	0.4684227038592023	0.5487626421588458	0.6153029927970933	0.5820961259071644	0.5681680014084995	0.4850934428930419	0.687122341575877	0.2172589721992641	0.4534239903728748	0.2951915861259678	0.6457619464111809	0.6484076919327373	0.614241406238589	0.6312687068395186	0.6015820836642538	0.6390641196620499	0.4906830358724879	0.6152074723044402	0.3245442450170157	0.2599065126170161	0.273365786660184	0.1338735966200847	0.1661747872620238	0.2335251951142586	0.3954911468300536	0.2344786688439704	0.1520500218864575	0.2187516029192888	0.2296787653764604	0.5667154576939578	0.4380680395305589	0.2946073513213115	0.4823260080669888	0.3142481226092186	0.4139774175479456	0.3378426669020893	0.2781898107650144	0.3002707999738966	0.2551456365755399	0.3523522593241032	0.1547604479000401	0.3197616072205411	0.3087377309712243	0.1542891811533461	0.1444970206181046	0.6449454698795605	0.5399589080601892	0.6720828565405641	0.5768402443813079	0.637158370512724	0.4463199841757873	0.573030421403879	0.3816643044364323	0.5729169819152988	0.4530787123627873	0.4980027566850977	0.290341779024919	0.4726239029653846	0.5000684741225028	0.5830947814984351	0.6135401479019092	0.5558683075422636	0.5314998374757658	0.5689326845103467	0.5762069617444459	0.5190136592909107	0.6292529300584211	0.8067967276892661	0.6022349787058268	0.7387238957703409	0.6360855919570162	0.7674328743091126	0.5720075347230221
sub-14080	0.5394097590298441	0.240725500007853	0.1335137301505431	0.275782573030805	0.4901555738994363	0.2041546492463467	0.2367444255560713	0.390053278711959	0.4025059835951314	0.2023951980574952	0.08142684210512	0.0407966116190358	0.0962144253187612	0.1376049969677986	0.2800149205934072	0.3674376857893703	0.3519382713229874	0.2762705628474006	0.2780606032680277	0.5501299881303081	0.4640229986787694	0.5353298095636865	0.3414110304228828	0.4798759111039218	0.5669459548690075	0.5896660559176821	0.5250100050129561	0.4756472610047371	0.4080214155588218	0.3491711521789048	0.392285983366745	0.4991388955604643	0.5358287141211873	0.4914073404759844	0.5594867535850724	0.4838256379794334	0.4429951462404712	0.7277128134537868	0.78866888048129	0.3698548123460307	0.4856890888784355	0.8039215875458977	0.791666841194707	0.5339386738076022	0.4919971635058647	0.6752693995805683	0.2513379595860662	0.3923456134212902	0.5561483533458603	0.5860312911252525	0.4253615435560746	0.5554362358048086	0.396839387023845	0.5533618815048246	0.7795048881266302	0.3432903491271878	0.3559452645798763	0.663634903015797	0.5635183610356915	0.5129624855538808	0.4096628285910912	0.5100033314325553	0.378283891942229	0.1314692129006073	0.5937815373714384	0.5428908923962827	0.4854754496126134	0.6949736044747278	0.4234921265262717	0.4397436985629973	0.5308317015322812	0.3796246235963227	0.6600080525336146	0.703048821236144	0.6762746707634245	0.5479190502974151	0.556853030364327	0.3527188537055304	0.2139907767009892	0.6332853396155379	0.6674877946856766	0.6165804616247452	0.7472603342536119	0.4315916100193733	0.5162913918323272	0.3785969155211879	0.4416203043434755	0.4851762254682748	0.6186276835521375	0.3770498188220405	0.3071559156359127	0.1792997001152565	0.0350937537516039	0.3693730649423385	0.420033286695891	0.496782353737329	0.4789296308887595	0.5507713006581979	0.3725278968824395	0.7194098238086579	0.4793183139177197	0.6448017575877469	0.5854465908920201	0.4445043786900783	0.3171693359707762	0.2742472910446396	0.6805321329498423	0.5356360865727311	0.4183550142783391	0.3420400629967329	0.3237610212409414	0.4956810227676999	0.6591254773742237	0.6774165829129646	0.586188441852916	0.6655622208670273	0.3558308199626151	0.4323147279373118	0.6320915029874353	0.617109944492845	0.5131400325599653	0.5656151888194988	0.413047526701608	0.6152887733105997	0.5702268695953426	0.5559193529629509	0.5159609104729451	0.219303524225797	0.4344465081714956	0.5730880478118171	0.6270261821588192	0.585173528705704	0.6251411376945785	0.4950979280952283	0.583388999699043	0.5290418900955679	0.4678039735306862	0.3515039111130292	0.1600105399883729	0.6431803808737486	0.6288153350426187	0.6618635771260812	0.6221048335069052	0.4170443462997737	0.57919466898536	0.2922656959702149	0.4143797432413643	0.4418579592057129	0.5435150319393385	0.6100516652040293	0.4516831866181514	0.5074093424888109	0.396776231346788	0.4911963558081986	0.1429033509495627	0.1653688630889017	0.4370059648115461	0.424904389689078	0.2029000339961202	0.2806950545238796	0.3452125252910526	0.3494897354949101	0.0945542916206759	0.5317279518978513	0.4879401930745651	0.3499714545612341	0.4482858466863844	0.3276078979417094	0.3933058675275073	0.1851690276759739	0.3538378647236331	0.0716026136693393	0.2119418780210832	0.0994691570377829	0.2567901525364445	0.6824832082889063	0.6028388086764197	0.6481750989770692	0.4110209152923898	0.5724296384766892	0.6080353743732649	0.6587513442436147	0.4747534422448157	0.7475277094444706	0.8176643761412188	0.394325476863903	0.7439333671525215	0.5575201452937587	0.6976767811451726	0.4227308027633858
sub-14083	0.3260709230543485	-0.0361512925300787	0.2418312951236162	0.4307468509706428	0.2072991748261373	0.1640448344417095	0.1667555988068662	0.0206214538454436	0.5689663793664134	0.2644822910874297	0.2214721914861342	0.2430951862041391	0.2182038884377005	0.310606558821355	0.2664791998813291	0.3658713416587995	0.229007275854629	0.0053126189840116	0.108248673455152	0.3748294844892172	0.5445853977760275	0.3181146073785217	0.2702758121600882	0.7019461825409061	0.8454740489283613	0.4902428615006467	0.6328645952275486	0.2199866888642258	0.7000097428621653	0.5126909848126319	0.7376376539783434	0.4903972550280902	0.1230841503978696	0.3474185161992625	0.5693698451211222	0.3585178914866318	0.51628467670199	0.3214518194945338	0.3599434476133081	0.3437860024821564	0.3858556303301561	0.3954362567598196	0.5151114932475288	0.2710019381822783	0.3129662821094019	0.4783411334089258	0.2707640054594477	0.3489971932677644	0.3551942365998728	0.3611672570579823	0.2359430649028101	0.302488761918718	0.4550567016948184	0.3989360996056336	0.3609437165879852	0.2516230960519742	0.6446286775142976	0.6030779530739744	0.4573488309163698	0.4575526657402536	0.282386408171821	0.538065463761666	0.4486573830014328	0.4158991190818289	0.4882949720260888	0.2449079461622049	0.5090075920515494	0.6149260083859146	0.4041668635734601	0.5195202606255069	0.2251077325279949	0.2884248129070167	0.2549210955682858	0.3394903744816428	0.5551350320059653	0.7509393002862158	0.4275106976917222	0.6137091020174231	0.2314053183673493	0.6538714335080821	0.7770893169181633	0.5810747242627161	0.5453885705875376	0.3181070553233116	0.2173493841015462	0.4187054912732538	0.3192224794088743	0.382600188151443	0.3616748670570491	0.2232998753883423	0.3056723317500968	0.0872940320439867	0.2021593128214472	0.4469063276573981	0.1844406444788242	0.3747279625562555	0.2850498997599899	0.4474835042703538	0.3597844920733861	0.8665914568745982	0.5547086084979008	0.5705388264942013	0.2406915537810832	0.5956133499644016	0.398034679888717	0.4808472881198438	0.4873466131477812	0.0923787058253675	0.3977854929296854	0.511778121746556	0.3795721216571556	0.508890761487885	0.5374901442358716	0.5327448989660426	0.1435196014590262	0.6583511189220973	0.4720325085250173	0.5710773959416888	0.4259634957953286	-0.0201996400404123	0.2488986350735385	0.4796085724197799	0.3170943231194876	0.5193582883052255	0.2805236119123865	0.3591675538846562	0.482685539827608	0.3661149601694627	0.3359764945308081	0.4712813479020643	0.3183681809230254	0.4708914091039715	0.5008660808631876	0.5036946227223796	0.6958733787141186	0.3580322841154364	0.5325638900134423	0.4146981811261353	0.5111344910731994	0.5119330983414068	0.3232718798423031	0.5056468954985941	0.4747875313295779	0.3076236591680374	0.2607809039441127	0.368496784825901	0.615516632617201	0.1803413847952004	0.801169059454174	0.8616359179821452	0.6714297428051799	0.5936186857573668	0.2434993053042323	0.3213201081145296	0.5299043874900846	0.5680625685792567	0.5492164227200927	0.335206069088054	0.3812731665463192	0.6003958105693843	0.3846370228946005	0.5083148060761676	0.3955437356074841	0.5536189730683319	0.5475881662880183	0.4515637190371459	0.6257174436824279	0.1885784803144847	0.3003677722803269	0.3279218849461839	0.156834878848611	0.2655913267182852	0.4702949791018873	0.1614648100264417	0.3313025671244665	0.6887150930243007	0.7010144881711481	0.6575304665477123	0.4277041209982279	0.4864494526204675	0.7065176201274534	0.5579505620193478	0.3453510350436907	0.3164471836842344	0.6968928857463403	0.4291795472518842	0.5235911988892404	0.4682771583857885	0.585467147023611	0.4733735029685891
sub-14087	0.5577847473608764	-0.1274758262633311	0.1648047977381131	0.3857624843368803	-0.0940797947493003	0.0563133398646873	0.3635062850369973	0.0198874564279522	0.3119085320134314	0.1505893991623607	0.181333723224055	0.0287585109350273	0.1452969463504546	0.0386213917783278	-0.0025419482424487	0.3362176582332167	0.1876125219080059	0.1971465811088345	0.2530852138452425	-0.1929952175613251	0.1380230406196896	0.1233801156241811	0.098891178386012	0.3723524743651909	0.377622219152679	-0.2079179852696057	0.2117512798472684	0.2557168904145186	0.2659739360573415	0.2073956034339146	0.4187543335070003	0.0427862598427444	0.0436094720060853	0.2769304198796214	0.1452956082224983	0.2884705093267729	0.2749310568003548	0.0473472824206182	0.3682370670642583	0.1591968970321577	0.0216587954220669	0.2744638097118029	0.7485691720817219	0.2629369431121017	0.1737617293327442	0.2771959284002577	0.0790347808951396	0.0773499154742216	0.1739360718893294	0.0092178942587194	0.0446805776939364	0.1932893166275974	0.0499000603106297	0.308371757239026	0.0688217594040931	0.1923813560159523	0.0261083544085057	0.0535066812879641	0.0416357548565196	0.0764794720848294	0.0655869825783678	0.4837349672927753	-0.0035226283441822	0.13764056497505	0.3140207140172819	0.3572838425039158	-0.0533999589750668	0.1049033428977544	0.202953834830927	0.130277094552872	0.2102308600523153	0.2587543244505664	0.3811341954736084	0.5448061304224561	0.3720212875749452	0.1230990977594594	0.1972704625539741	0.0235641473240177	0.0175141716480844	0.0799142836127686	-0.09364649168371	0.1953260411687834	0.2168247369540446	0.1707491106290115	0.4385875159076754	0.3328229005028746	0.2142395100164895	0.1561110859730812	0.1573580076626106	0.2314876172578129	0.2193988707765354	0.0201038288268	0.2108555876654634	0.2085854330532201	0.131361444499318	0.1350922248378836	0.1573926493532623	0.5506146108834397	0.0713920296050705	0.3312499434970939	0.1201227595466558	0.2264862103139588	0.2858140216104463	0.0918681457353542	0.1720568136939532	0.1541528155087035	0.1160347263991274	-0.0135269694132503	0.0550151990771965	0.083061516329308	0.2105682051122464	0.3666669183062436	0.3724769057550345	0.2666559674053094	0.591696418514127	0.1742318567514258	0.3219011110068271	0.5423721998584206	0.1084956809849386	-0.1323033862685652	0.0239003884094603	0.0720693651594299	0.207724745493976	0.2756203250886319	0.3343725008430064	0.2887684525193918	0.2752069770577456	0.172531609335379	0.1146481657679293	0.2287434548918438	-0.0489337288992967	-0.0807482009410622	0.1742111443972146	0.0426390219756822	0.4249504354273249	0.0887107549245574	0.1191773536095156	0.1562262657596658	-0.0915110826324198	0.2103561966287981	-0.1218483448581792	0.0874787462447075	0.2179018059288753	0.2879027151727752	0.3454151679507938	0.0802208799364149	0.4210075634951532	0.7134283930577064	0.2494731434564778	0.1498421556224901	0.0185479073241852	0.0887747962514774	0.1412556474581669	0.2559869731996232	0.1678823929671095	0.2322028611048981	0.3654780141163786	0.3651859338920816	0.1516445282033544	0.1699527157115674	0.2305389645150335	0.1467631287176603	0.412260878068774	0.4355269176864209	0.3658806767091386	0.0063307606820049	0.2188042644879054	0.1344675259335989	0.1729706845456756	0.1147863650696403	0.2419073601410014	0.0763180603766815	0.0668037684882783	0.1354337699741727	0.1298326986670134	0.5447704468393482	0.072363098803748	0.2632986049611699	0.3055462226728528	0.2385562340634842	0.0855745471627659	0.2472181044531483	0.2233822022369277	0.0682323784678711	0.319019137775155	0.2306565865791026	0.2211397546850819	0.2315506498448189	0.3006947548740953	0.1652870717082552
sub-14094	0.8350504463913748	0.4219202852971803	0.3998569917277442	0.7407754671433543	0.3914656555706272	0.3159534936829243	0.1327635289694133	0.7216429580946486	0.2614163800616514	0.5628557287389548	0.4761324669210199	0.4810916557797655	0.5745567808164465	0.7339339544557808	0.6058306315608425	0.4454201776113719	0.4854128679779034	0.6249242601573646	0.0351335641677057	0.4233552969583297	0.4335449428524869	0.6908303364962757	0.2439273581415827	0.5109901533999237	0.3280334172976238	0.8481924444215472	0.2584213300773466	0.7767714163725198	0.5653602879924918	0.4375667430923338	0.6574001749330561	0.7924133120429643	0.7565779192743506	0.5124324848588658	0.6273747311045283	0.6526536687994765	0.2709577879888106	0.7248858261100288	0.3424143489045205	-0.2230550400338288	0.3469191805506444	0.4716063361285686	0.2845952246663387	0.5455861692274766	0.3595790005999258	0.6795500528318147	0.3549528470388276	0.4016574270692302	0.4281717278073442	0.2691292611620884	0.199849279428614	0.3348527400601882	0.3629823940100665	0.0520618596746667	0.5428508095918183	0.0177857210163312	0.2302641811250988	0.4841937999291522	0.4420199514983304	0.349382641558272	0.3823360331221161	0.7818057697131333	0.2842855165236374	0.4240933729841608	0.3642035934835014	0.2433492141024676	0.1888669307057623	0.4498432533111171	0.2106396742282681	0.1799465978457009	0.5686477459394371	0.1959347774809063	0.3542760725793439	0.7466814370823054	0.1149974827046513	0.5416899209450674	0.5227743635935971	0.3698969276258997	0.4209140774863832	0.6867838793096125	0.5554228627064037	0.3862480004182575	0.595259551067916	0.6139306888607577	0.2231499462174921	0.1121477242061125	0.0179984965901227	0.4729990999488627	-0.268830612019785	0.1575557573011262	0.1541086899803869	0.3231384544402089	0.2522060291864152	0.3426427262528003	0.1873471379736141	0.3434443606934333	0.2454467349063652	0.5058708554938575	-0.0735613130903069	0.4522509326618474	0.3736478889673552	0.4536272358853539	0.4363421923430953	0.3351657852006522	0.3440197942987038	0.4093370027586414	0.4039991933059954	0.325547406600685	0.6873170118193037	0.4948978399508156	0.4178987863553173	0.0662155159850838	0.3230158535893174	0.2877524131637801	0.3497059264703251	0.4398050910520169	0.1179328717650046	0.2332328951835861	0.2115055271493928	0.2160902979659733	0.1993375086518542	0.3948288208748478	0.3283241675044839	0.4575073328327792	0.0697854101841461	0.6990858431710479	0.5699359726044831	0.4679917813515452	0.696268162266125	0.7571916509443649	0.6776735435016442	0.5223412633966911	0.6272230414065978	0.5959268644200225	0.3003885581886812	0.2114663037044546	0.2531616707341618	0.2804316010811732	0.1845247622937158	0.1887630310080564	0.0609943998175303	0.3396824867332085	0.259070793546443	0.2044677106624457	-0.0223653148191946	0.5508129484449206	0.4661646712866743	0.5613591819202921	0.7315798318753844	0.8307234551929726	0.5577867718909283	0.5901959831973482	0.5283714795102602	0.3258016325743946	0.4750785536225	0.4989481083730722	0.5465356259331985	0.4099075635047969	0.2889044851832368	0.4253607302688403	0.3789012886177668	0.1358987709401487	0.5182853018943285	0.6159570664358679	0.4321783411869104	0.5096405345427205	0.4325134852389621	0.388201931666135	-0.2589120942193778	0.5491517938207263	0.5459570033328662	0.4049087426130459	0.3904687177504595	0.3892557908404035	0.0376202655992486	0.7627374134686515	0.6303268428350984	0.7001361566082768	0.65403757420487	0.0716352783016974	0.5132350701160039	0.5649343865711965	0.4818434559257339	0.2615971167313177	0.7174606401090619	0.543336945893441	0.0410589347191623	0.551947746289968	0.1690847252931072	0.2427313756639464
sub-14098	0.6603655688653954	0.4930937840132407	0.3458815670825585	0.3843212274516198	0.3463672396110271	-0.1032398197869078	0.2093912705053152	-0.4494809518336538	0.3650841426189312	0.4760365835639405	0.4458595074363308	0.0599146863337929	0.3813793167045862	0.3012331741827128	0.2859470983753421	0.1580656390054844	0.3919412618781117	0.2722469812750663	0.0462382621514502	0.3961705078657731	0.3428161486357459	0.3587822512685806	0.1814708207291815	-0.03893276283576	0.3567076029421509	-0.0248258028164359	0.437009631894502	0.4690369233253734	0.5156568627532356	0.1477087599634445	0.693959639316303	0.1343004811029574	0.3936922897128351	0.4321442512759399	0.5130100494571632	0.3274364834311003	0.3180113347949752	0.7259690886893261	0.7867922593141079	0.3843290049116916	-0.2749561924121153	0.1920476502105584	0.1598174780316438	0.3822492898024062	0.5568588970015315	0.6127009989208481	0.3379033832370471	0.1688505980469873	0.4178982342768333	0.2306940798729294	0.129064501154398	0.3610149434925422	0.3911064062715403	0.0805965941010296	0.6931899887550997	0.3113787492624718	0.0158885318653156	0.3535484782249305	0.1464745363194354	0.5110779299581546	0.3356912460713434	0.7485942891376223	0.2239999739016084	0.0979093496607712	0.4294835594059517	0.2350237032385361	0.3252916304913958	0.5313610067045725	0.3479626438638328	0.1318376532616667	0.5130838533385481	-0.3127894846722098	0.0431517684742332	0.1412277828499057	0.574145869546559	0.5564078651145106	0.587185165982661	0.461247130075932	0.0916767148254915	0.5142171519433376	0.4054310555008042	0.2234063865916055	0.5472202574496251	0.2907319278654638	0.116368518697828	-0.2448242161007543	-0.0119091218835801	-0.2688296480090724	0.2312485767722898	0.3935733792400354	0.2312721420640164	0.1253341387794338	0.0816356149332734	0.5048158103580628	0.3101519445659793	0.1649164897228338	0.2771736196691184	0.4814288907079621	0.20556214726086	0.5721545750648167	0.2125642881453916	-0.0398057525691254	-0.4846874593263746	0.0527947509252295	-0.1934817212339845	0.0147117028875923	0.005219904119038	0.1317900891054742	0.3715251638388379	0.3393832761297291	-0.1198768677923427	0.1225614170000785	0.1533855220733423	0.0848539486659809	0.029683059525096	0.3154235182760094	-0.1270736185075965	0.3397793977617451	0.2140586859896996	0.2283211921672259	0.4585120039237016	0.407276357460713	0.2436095586745799	0.4116153977463428	0.0891939161354725	-0.1824216088242702	0.188305170167675	0.2557729694470257	-0.0492192416396295	-0.1585932618785167	-6.353776775486989e-05	0.1519066621325577	0.1696789468954938	0.0689774900414445	0.0609709252226752	0.1623438728414571	0.6740750157692131	0.3987072131349874	-0.0990032707275119	0.300465774840258	0.4115711021394272	0.3483856827935604	0.6466470221123453	0.2616050651852456	0.0587674539015758	0.1807014961153789	0.4563174990663521	0.5250130322151165	0.4045128993703053	0.3899712016544473	0.0726145513457264	0.069257411584215	0.1730562719186962	0.16395357081166	0.2229753774130405	0.0806801167468637	0.2188939466470925	0.1991866054037474	0.5369943986423152	0.7345043498306677	0.3522466312820081	0.202901994146956	-0.0136056489679515	0.3778388670279882	0.4974500614432776	0.1347204696544881	0.1736077866680103	0.1639949722057548	-0.0199599394035504	0.087116620117365	0.2371842470809751	0.3143011778254863	0.1695167185455199	0.0765053099913921	0.3433951189395544	0.6447633957264711	0.2459177860493228	0.3464233316584474	0.353433128965413	0.2018523671926342	0.3876545065976121	0.4310630411900729	0.275835675935819	0.2760778128239592	0.7084499400209244	0.2551087432475918	0.5732936205178313	0.2740970839980283	0.3770375352753581	0.2421120558326777
sub-14110	0.587082349538371	0.2106262369629404	0.4835424403030516	0.4876797080391388	0.3617286628191057	0.3566194945605675	0.409866771648141	0.2668268264246658	0.4349473767052621	0.2932224287068065	0.5237386685037686	0.2087552299069337	0.4971917936132419	0.4643316317636494	0.4424996319220028	0.140575967095873	0.2301862470553232	0.315909143453878	0.2294315032420484	0.4989853092572247	0.515794168732323	0.6100291825227561	0.4095149822452162	0.4162830564968955	0.5267485979411536	0.4147829375276031	0.5109223898836298	0.4930897199388342	0.6294517835255242	0.4737360766504542	0.5045878019769962	0.6250606569600865	0.5616703816803252	-0.1042716147936233	0.0438287753105313	0.4966071532424241	0.0889101573063557	0.6148429247606306	0.6250079599521179	0.3397938216842374	0.4473315427009859	0.6953577495296611	0.5955437134624649	0.400116058183633	0.1729590898742471	0.4260991351242517	0.3628293683031311	0.3140927121417471	0.3502032326539189	0.2855262753317249	0.0792889290095428	0.1140000138013323	0.3447847298649126	0.1314980792971789	0.6475869613565454	0.4982784933685393	0.6618892279121835	0.8030942224881468	0.5070356094424905	0.6649929731721671	0.2710776886051269	0.7287236029943225	0.3575758655572486	0.3905771597312905	0.5709341093694575	0.5019418044675004	0.3269350245989835	0.0962213411428694	0.4797794914943744	0.2082807671985948	0.173007231418845	0.4601802100448156	0.6240431864164591	0.412505135759472	0.2859509006966276	0.22050321193368	0.502892569350126	0.2083566908467015	0.5224814878375827	0.3667768287884918	0.300769048459746	-0.0203414117132494	0.0981591103586427	0.6639111846569461	0.1267595400591601	0.4342149925080191	0.4003217271571733	0.4145549384337776	0.7265322823271784	0.2587728961691606	0.6122893514388889	0.3538947924104174	0.1354655456550522	0.607664972339183	0.6176545439144744	0.4688551334067604	0.3150729884477051	-0.1219604909595284	0.3048266262716909	0.7495270714775351	0.2904540450228532	0.6582308816510474	0.5702087585136353	0.5412244262391861	0.2325936447857029	0.457860712532257	0.5956502947273665	0.568732765391153	0.4877209154952955	0.3394753303727895	0.223907685989002	0.2698696375999205	0.5485871766665136	0.648118579045912	0.3761101098148064	0.5551310351374749	0.4072206595914638	0.5695896507587005	0.5623224883446548	0.5651150831406572	0.2703829273246018	0.2638914155879857	0.4613355549746178	0.265777820436692	0.4418213469968534	0.1404308709119394	0.3953596227693823	0.2990292213833216	-0.0112104038489041	0.3368661439243601	0.3029597306734865	0.0258715434148373	0.1874714977585054	0.2965648868909942	0.2292803047112834	0.4872367332097889	0.5654789171975747	0.5395949541033553	0.3200992373301028	0.7321460252750015	0.7548852884544445	0.4064603412377025	0.2088228124076383	0.0535904397267448	0.3153891202624663	0.2998475651273651	0.3829836234961344	0.3553799900434736	0.5875903548775615	0.6636917644569186	0.1795732422485184	0.1672211897256988	0.0754901674734961	0.1212553841280896	0.1854816618282235	0.4028529332112339	0.5610828640559187	0.5020081054351652	0.342477440085965	0.3346249258759805	0.3831665702003973	0.314721125781811	0.0933323175606803	0.6920530809004635	0.6252816009166913	-0.2060151370670949	-0.279068066827529	0.1787980053288242	0.0043093761196761	0.3195062781239768	0.3746068072538831	0.142912852499198	0.3600466106907357	0.4442572778374721	0.1273871479040687	0.8013216001745898	0.169593301756198	0.147003703329098	0.2180397416460692	0.228585640922018	0.2548095008590438	0.2164873946482132	0.0880304263806776	0.273964603687771	0.484810361910886	-0.2939376253871	0.3176656239364878	-0.0466339110471167	0.5064698194784906	0.0440210266028719
sub-14112	0.6999913357166325	0.4247247831414965	-0.1051187785917704	0.642319350497341	0.5790591940777118	0.4971710291726051	0.2210420700470999	0.5733863590724741	0.6214868666565075	0.0941644221586303	0.2913759379201455		0.5786044483946633	0.1101424044546493	-0.3109196787803667	0.4103313389511982	0.6434094454993736	0.6916005339245949	0.4415730718821857	0.6762317587120185	0.1917032463100928	0.7831564556050435	0.9088267576186564	0.5974226849328388	0.1698293164335913	0.5891390020562711	0.721022835324325	0.0714001284034125	0.5068104152468204		0.3507513250959106	0.3764590430690345	-0.4822286076304206	0.4872606407192082	0.5835985409708724	0.6711662078841948	0.565724449326847	0.4264192649685583	0.446472720250593	0.7149687273852853	0.4547285246943426	0.2917724085693351	0.5956000314959614	0.6501484922528784	0.0226544278383377	0.525398768128278		0.0816208244356885	0.4520034320233379	-0.0756122487402104	0.2993289104906111	0.2957998533384888	0.4131722989429612	0.5076150932175082	0.0041803871816818	0.19269799542672	0.3083777250198333	0.4688515511183488	0.2353141550605411	0.2095510840804379	0.3322170240139241	0.181656657379107		-0.1114181929668865	0.2166560967235502	0.2117322851940365	0.4146873839229784	-0.4082489796697125	-0.3132837639180278	0.1682202449838853	0.7502845377101017	0.391434920770117	0.0632350336663076	0.538805483686693	0.5940722460535539	0.090537751301166	0.3848900016899171		0.4766504202634498	0.2723323253252153	-0.3952757583134923	0.2354590011025909	0.546219995923927	0.6516017134868922	0.6609091467314743	0.6100269383900286	0.0620086512641152	0.588545315632483	0.7935200649582589	-0.0570971508922381	0.3978082876818244		0.1976322309617228	0.3744317384480137	-0.5062243012963813	0.4704870024535226	0.5955242003437518	0.63698858299779	0.6645360497179561	0.4492187763615753	0.4834144837492749	0.6620706676414246	0.2801275624963262	0.3619199375232666		0.3180985560403728	0.2494290828597308	-0.2139808380807207	0.7175791596067117	0.3405276647474044	0.3028701975995375	0.4164388497362684	0.2633215104233699	0.2200744727840219	0.6340427818901089	0.4039876017569036		0.2951930438847051	0.1946268282188151	0.4486939746682675	0.2585610011212024	-0.0494646561910885	-0.0840453595009481	0.1150936855747581	0.59922256691996	0.1628080047582133	0.4398703509683279		0.2109599158543491	0.2160715471156069	-0.1044205050967472	0.3858615020377391	0.2991937122534999	0.4173666533055942	0.5506928080460262	-0.0352083613678081	0.4363108683388876		0.2577660617158239	0.1324868784783963	-0.3233634820274936	0.5702714972306566	0.5531442373152852	0.4657309266780574	0.6499275075128662	0.1856282181023493		0.4288757548834458	0.0229152155121811	0.3703955690865239	0.1382219982054598	-0.1398949999362575	-0.0901248866978488	0.0155586324653814		0.2872181829011446	0.3493272953706617	0.1048465762121046	0.0511536780535586	0.2090263470213819	0.292558429457305	0.3927322906585364								0.0192691020031372	0.0336682083713905	0.0417306159330828	0.4677015618834111	0.464895326755198	0.3901384402429814	0.1118062623521381	0.0369968012773109	0.1694970846167577	0.2451062333733822	0.1982201608234868	-0.3451123194876449	-0.3883995548884619	-0.4054103934968277	-0.2052153383026808	0.1346656218887041	0.1306504570463832	0.2173763017188157	0.8114068165752296	0.4302980083410376	0.4107555617752326
sub-14115	0.7272769369696931	0.3575783308376559	0.339469417027106	0.5360731280794778	0.5243486138344274	0.2836848361088118	0.2058203096483739	0.5885864254377219	0.3689695360729604	0.4796488331510414	0.6540438477178315	0.3401592688671572	0.3942540767073548	0.4165648181060193	0.6200458354697878	0.3806955335849705	0.5706564863065418	0.456740331677855	0.6620007158829274	0.581549570699611	0.42281326119204	0.7159179475895113	0.6482797844742765	0.545864014008316	0.3264302865914709	0.3816513301090733	0.6427377790090456	0.4362874911286187	0.547570052570821	0.1894418130380248	0.3846997829982857	0.2535662306402179	0.591345696997316	0.4689897486682968	0.631039822034954	0.5432984196580722	0.5718673635605327	0.6731772782303175	0.7186285311188543	0.13936697792523	0.6068562138405822	0.4359615834269541	0.4146346523926222	0.7037332978355779	0.2332947242320504	0.6347644194790822	0.2187799054201789	0.4236602374928312	0.2122757116711237	0.4499509049181351	0.6739720167122536	0.670641162887693	0.6187316680437567	0.5128484473661503	0.7236357605021337	0.0509721423996728	0.6260626814829029	0.6620214558488416	0.5395747777302083	0.6396733050272974	0.2786074295979089	0.759606494171504	0.3528766853799176	0.4653255373720155	0.3987522373153767	0.4799105511247695	0.5377965550323783	0.6280141695558298	0.5211422332377413	0.4849691861710113	0.3510416090030279	0.723718279499008	0.6418201006208903	0.4009479998137907	0.7843968387310889	0.3476326326606981	0.7497446151840064	0.3071419919855704	0.3931214103660673	0.3142812259271118	0.4749218749173353	0.4791704545043751	0.7308647519195306	0.6229985807901081	0.5598607008714998	0.1191782527428997	-0.1405491809546151	0.0921353394255037	0.3607243145860893	0.2606482625730147	0.1648124616205738	0.1074616194544542	0.2588160612672525	0.1537882487386864	0.2955179253239128	0.2939087614011025	0.2952711928036324	0.4013299542980843	0.4115652321518577	0.5313178578051838	0.3833485714243244	0.7702008112797084	0.4984283729046858	0.5432873334831126	0.2688233245948496	0.3961081636062581	0.3040961687837277	0.4119331350703654	0.4379026001007111	0.6464634101504304	0.5461147437663997	0.361586587652196	0.3023115444794121	0.3954596209668847	0.2357047252565315	0.6438462946698392	0.3533336456263591	0.0235004914048651	0.2772628518074994	0.2664634085845768	0.2270978135706821	0.4817916390886744	0.3487059474373727	0.263618356216776	0.330918623490084	0.3350108898312814	0.7059909374071608	0.5439159528996352	0.5861624962331435	0.5642061332519711	0.6286195254454583	0.4309836618110539	0.4672733367966536	0.4047723149541182	0.4130454034295366	0.1939341382075375	0.5753896774346315	0.1641934052402514	0.4000139556530858	0.1300351960296588	0.356674010801743	0.6152435156013969	0.728113029347703	0.6903169298346014	0.4995882409123123	0.342138470265839	0.3556171291100345	0.3760242887259495	0.6123067564078161	0.6287096964751355	0.2919290119408029	0.4211652318406628	0.3376995577681324	0.3936279786462266	0.478666961823038	0.4329887973358716	0.4887393795760087	0.5741687733782127	0.4560315511302401	0.6783953248918657	0.5921874974916839	0.6002643175544184	0.252134994550822	0.5161480110366752	0.4378871580881296	0.3072517000754349	0.3452827358447728	0.3545673296676722	0.3605603523759073	0.4078477365661065	0.5949575120768015	0.4617267173534964	0.3641590880931403	0.4528611407729549	0.3698760631652374	0.70370178078955	0.4317472500801743	0.3619611184346285	0.398317475588038	0.3667799073316466	0.56089058311349	0.5020812124440444	0.4560240004798616	0.5266432293624641	0.7558411409517096	0.7210265191890731	0.6529497172170166	0.8033639192804953	0.6824402058420723	0.5773785927980593
sub-14118	0.7044215769741904	0.1096386596863599	0.2727792602567687	0.5104870558729654	0.0818467978735563	0.4950521133802057	0.6561126527777401	0.3555870854129841	0.4636177427363867	0.5460935213423528	0.6911740157092694	0.2361462116589684	0.6830372087222629	0.4307112816787617	0.599205082559854	0.1886823551630997	0.2001382084292252	0.2281397464895206	0.2054135726269687	0.0222340834789747	0.2420932512356476	0.2929352157933424	0.0651292879334303	0.6377768656643173	0.6339841708213184	0.4428892951850127	0.6161126083931092	0.5524655473944278	0.7086886595040536	0.1442000997704807	0.507687546448391	0.7084578934728433	0.5437737537059383	0.3674886459622992	0.4067793105171097	0.403089802549228	0.3474101092399105	0.5260541695898655	0.2194823902438579	0.5470330798056013	0.1532518370649486	0.3521626880854946	-0.1954484543454193	0.143433549824842	0.1812113842444594	0.2185061224927125	0.0951417131629595	0.1479722402063218	-0.1227567485418454	0.1119840997375623	0.1135318440873688	0.4051895349509184	0.1696804861831903	-0.4356558517100465	0.3406292013833134	0.5405456213295374	0.2248370521791549	0.1659311060298601	-0.0164790054662003	0.4561079804798555	0.1936516264769163	0.4351594573877607	-0.2125928272745776	0.2841100243905726	0.1400400497356428	0.2910062203065599	0.2255237627553635	0.1626845713545868	0.3299231581463587	-0.2340390029081699	0.2778020676577871	0.2273691474363309	0.236220473085472	0.2705834340910185	0.3034216857681496	0.3663910121603025	0.606153926556787	0.0376081489784772	0.6118584306428267	0.1589096426394662	0.3685158595436007	0.0026766550554624	0.0107019722206133	0.2145490716457131	0.0371911915226768	0.2627580918305861	0.123116755431327	-0.1421748091424046	0.4267724578993361	0.174371795493596	0.288361759248556	-0.2434366589638706	0.1192432187017423	-0.1551165343347869	0.073000334903425	-0.0151377476979258	0.4454054568550123	0.4216227493592676	-0.3154209377476529	0.4224512954888483	0.4199773154804675	0.7856404150955104	0.679852876725228	0.5592909332958769	-0.0122414904864442	0.2746076319719512	0.3011083359402483	0.540288383779366	0.2912209600998627	0.3957578765918065	0.3826977318254453	0.2542706197731328	0.1388857509309818	0.2607240698602307	0.4106211719022687	0.5020790607852361	0.4129903584313397	0.4574561726612115	0.378031199752848	0.4237750184709505	0.1952011860102602	0.514930391142981	0.1917067836574747	0.0555359557524681	0.3129338792621782	0.3370362588824571	0.4045356878025667	0.1523793373123173	0.1554140606965403	0.5224274252728315	0.4024909047926322	0.3201429082104373	-0.0515420796892752	0.4141379415035353	0.7138960511498155	0.4799386933168691	0.5736092308669715	-0.2937108105940083	0.3293460412961255	0.2905904753284997	0.4588683101273315	0.2348099151844103	0.3553083106204981	0.4503350220525585	0.1905120045803376	0.6003038634214365	0.3006276597483042	0.4771830505800621	0.4184583696588964	0.6084161850119549	0.2688056717276609	0.3465965291652562	0.3071773645023625	0.1684772930213879	0.1197751834756801	0.5513581907855445	0.4745160719351003	0.5268441324066407	0.3436746667038706	0.4041363138175653	0.4112556712855927	0.174750256028535	0.06966270921365	0.3831116191123027	0.1219289427918908	0.1050347572655551	0.1487668465175129	0.0017938411000082	0.1626818528660177	0.2555242692410501	0.6564954567022342	0.096676310607532	0.0433392034947651	0.1813834889505887	0.0208912169070838	0.3604991493272394	0.2861570904079189	0.2016438932811488	0.3603245625866379	0.4741949625047541	0.3085260163751498	0.1362085883645195	0.2321157813762785	0.2571749130047725	0.1565981155335059	0.3942016654031824	0.3842285856324415	0.3050831460471189	-0.0753201209410873	0.3467827637272591
sub-14120	0.8764055875579609	0.7591096421766217	0.423729975887103	0.4772976959738635	0.6141547988514625	0.3727011766517932	0.4821317025079031	0.916261416800784	0.6816197948177302	0.8119569788364047	-0.1098291733143461	0.7025552637790934	0.8349682003923898	0.7637364402370338	0.7876805296224649	0.8039227860933008	0.8648058826257783	0.8938821486952484	0.8161867096064955	0.7789258610509712	0.347062886946387	0.4692484955330243	0.6785284267164945	0.4578309251008924	0.4543400515910631	0.9009105934305438	0.7416723495085296	0.8315827075058239	-0.020207865841205	0.7535580128810839	0.8315325859022062	0.8186639503941224	0.7436077045936351	0.8218683556878738	0.8710587934730031	0.8506811950578546	0.8412171224426171	0.6406894932508677	0.7427471579750466	0.6669192907015183	0.5090060431943134	0.584495667138652	0.834902974491756	0.6227870336564033	0.5867031846808436	-0.1138291050321601	0.5159648738563352	0.7357637540287267	0.5661970745375106	0.6695126737387622	0.6682148988715861	0.6809502266381182	0.7340614592829343	0.6737831899338661	0.6996158879624784	0.3410067499753199	0.2206220824238448	0.3051038905920022	0.4883859643084711	0.349496959411304	0.2872822579493871	-0.3069780355819331	0.2085816666109089	0.3742054204635711	0.2287011458131163	0.3902629361025012	0.3565085198208546	0.3408227692037742	0.4275836708249065	0.3852524490683052	0.4807054898696993	0.3886050168221792	0.4717794050744928	0.5183021699302648	0.5397275144936473	0.2312637235673383	-0.1129047282371644	0.343783726547379	0.4132976285397863	0.3444831105382217	0.4194165562068028	0.3731122083260474	0.2885597177574735	0.4050490927986044	0.3746418421842564	0.8112336838016962	0.6952062541575847	0.705106398325438	0.7623633402763477	0.4365269903425288	-0.0242866461457183	0.5402423479211944	0.7300241796399873	0.5120536965268655	0.5833449779206463	0.7745371906027626	0.7018857616035289	0.6628183330247441	0.6619392946568946	0.6839967923703657	0.5011620699113318	0.5330397032992873	0.1346383862318718	-0.0549243219781296	0.4406650298231674	0.5094986175738198	0.3651380637488717	0.4594486974104166	0.6642102578435909	0.4837615198268849	0.4761961323004607	0.4696024607958029	0.5798129593848912	0.5017529904918893	0.2504618798179664	-0.0164614162864652	0.3644543100484215	0.5695736455928532	0.2652234926130027	0.4976117346197253	0.5821403696549164	0.456383183139958	0.4512315885552448	0.4141413651273211	0.7045759502193609	0.8242461108752979	-0.2265208856174343	0.7366774066160788	0.9110702056909796	0.6948188838053589	0.8539125288177375	0.857039590055369	0.878453943757654	0.9001232614298231	0.8360373502979794	0.5087569965069145	-0.0829534113917372	0.5246246489539632	0.6265750146764055	0.5773609647325654	0.4943165108854189	0.7659024338442249	0.6733500534070445	0.6543843385541632	0.70655396221155	-0.1442253581195692	0.6770043489385987	0.8075592602091802	0.725849105415531	0.7859146010618833	0.692403440302547	0.8109271743492344	0.8057916535298387	0.712960063374139	-0.0187856486029063	-0.1142072697677369	0.048041803726413	-0.2075121086272972	-0.1807511594708441	-0.1170351784666565	-0.1549490735061963	-0.1171998486485239	0.6966172368320408	0.7963926905401362	0.7584331875553374	0.6773373401650419	0.7070018683172389	0.7488445816807577	0.6362343704299993	0.6223679517987281	0.8537525415130305	0.7896106526144077	0.7999492872794242	0.8387021946431216	0.7132742297910478	0.6253288626826906	0.7005479466723158	0.7743366061140682	0.7615447676921697	0.7387034112456782	0.6788513705270863	0.7123503421463513	0.8049452618514337	0.6049861527027628	0.9088982484626384	0.8856561144406463	0.8742449440757938	0.9257475583881346	0.9293464341222962	0.8698416510532231
sub-14129	0.6979335021336256	0.6544091151557941	0.2323308419932676	0.5996398924302988	0.4738567349380356	0.5450061129587221	0.2440923217684384	0.805824950193322	0.4510287747205564	0.588415221554475	0.3157322410607658	0.7269962050455372	0.441338382391124	0.1798593658675019	0.6540746974207645	0.1941859761114205	0.2792970324810002	0.2459138045255091	0.3169861786990398	0.5426142344027954	0.2597208930926343	0.6753231268683321	0.5231231175631328	0.4079666005303721	0.1985012329461216	0.5679179605382061	0.6440086601453087	0.3703506568174224	0.6752074736809177	0.5484799961048417	0.6366608875641133	0.3483963160400666	0.5487555982471277	0.1878108060211485	0.4823020547222583	0.4779732103570294	0.2834972402409246	0.4440677118297574	0.5865568242474111	0.5073084770162036	0.601375591298086	0.4123839609707265	0.5943339866755191	0.558274572771704	0.5439228849374427	0.2097819954052054	0.354564041722356	0.2061786793787683	0.3178414483429011	0.5520433486567994	0.2179228242796586	0.4348087019319901	0.3115369862162255	0.332876148765187	0.1753530485211305	0.1928135020925691	0.2605422183166807	0.5700975050576992	0.1251018231501279	0.2443099809330072	0.3080537305133484	0.2070900940393555	0.1340390979217946	0.1742975113178575	0.5022212911977134	0.3103743760542817	-0.5092416439182039	-0.0619625058477304	0.0239738693356802	0.4165686446815874	0.7322183430763848	0.4825164974318653	0.0564046371558626	0.5866305514557694	0.7927824083088957	0.2697693284361554	0.5821959519540691	0.3771013690541433	0.1655496122132784	0.4418059789492952	0.4637693737736678	0.4500338503223302	0.631071016841849	0.5749811210377541	0.2429888804002258	0.462081225658481	0.0777254605412001	0.4535855452968008	0.6399323106051429	0.2719484567465465	0.3476897522358829	0.3865522792546264	0.236334631141042	0.346478648777538	0.3120973980762889	0.4226416104228056	0.5887057660660878	0.50542070486405	0.1006347592079038	0.4503928466867442	0.7344597161553041	0.4104737515260827	0.6592194135852838	0.0745769350667287	0.4335710887600643	0.327790637696002	0.0577314949031938	0.6854646012865491	0.3056305586190563	0.4184009324652227	0.425095169608005	0.3043293388878979	0.1906909516151073	0.0960888373714668	0.423930846924078	0.0971716850530196	0.2718468533380077	0.3062239177974584	-0.0126144577343028	0.3890303973908592	-0.2576289386678089	-0.0100318806715739	0.0425428059008868	0.2288317693430114	0.3837932573777409	0.6045952951872436	0.1699009908554289	0.5745800219315977	0.4215501762724974	0.1177067809584115	0.6622378604313964	0.3463913864624259	0.3220626705902631	0.3155058724027232	0.3019841709096549	0.333906105933677	0.5527736143708741	0.1844114320183723	0.1411366844178769	0.4095142166904089	0.4213416525126213	0.296582059384397	0.6230901689246304	0.490264983848453	0.133900072544409	0.0712897524639327	0.4606404361331004	0.2479651053631154	0.0050012518626121	0.5912728228847671	0.0269442282565327	0.1893130685205653	0.1426331908750392	0.3079740552300786	0.2520268484642214	0.2958731547078999	0.2841982066886787	0.2753393693907267	0.0445956895949837	0.3680901761418945	0.3976940117741246	0.2304434152128053	0.4197219957536759	0.0711951342520404	0.5439089773705059	0.0563194511143086	0.1588355596236275	0.2228379344314505	0.2685319559339892	-0.0521687668060084	0.3524348837473959	-0.0500026453898668	0.0246233868662872	0.0982761791259825	0.1035844142885379	0.171203855726862	-0.0451319964322913	0.2992234646820964	0.2684898335234136	0.3563466107045732	0.0957282398523697	0.2624579262390065	0.255355997850296	0.4210435948297259	0.641556485272067	0.4022939911993801	0.005443906015675	0.7725826738855484	0.2088635136713791	0.2048560720331383
sub-14132	0.3596809974715109	0.2541905922270855	0.3976875528823784	0.6843944184777071	0.5022811086993082	0.2932676722478617	0.374769983006658	0.4092036878886043	0.4904812811093054	0.094052780073373	0.3745742749313369	0.0921099578657313	0.2274612178640332	0.0707170171100951	0.3578648819899219	0.5416730360385974	0.608059911047036	0.6375209431042358	0.4700728461991189	0.4990261968024547	0.2716919339676438	0.3594982423376303	0.5332532255400402	0.1898474016099695	0.2098936492027125	-0.0753050711587251	0.4833775785724682	-0.412844183922763	0.1152670935412203	-0.3372599293463789	0.2338988831688395	0.0532530318132196	0.1553581660297331	0.5460237081666479	0.2671408583909125	0.3283242189722362	0.4606121649093706	0.5208053772983007	0.5059475306726819	0.48299035372339	-0.0131714450014321	0.1695641079752844	0.0994297188137172	0.3263763138903481	-0.378223618723549	0.1106253249973796	-0.3400880657349403	0.2146414764637779	-0.0173462270630106	0.0153618898657517	0.5092611156783162	0.259769226569291	0.2814917828247267	0.4826305563780932	0.4940876565567973	0.4423930313418122	0.2975499346924347	0.4970464907587271	0.2043114853404105	0.5035555630737898	-0.1718889707046612	0.1571097927253946	-0.215454611814837	0.0930736938265179	0.0765965108409734	0.2089888415391246	0.5133602372463489	0.4692797801413975	0.3806875215968097	0.349458657620938	0.7761968151089506	0.2064669482501698	0.4674144496338507	0.0854187797125777	0.5964686254549876	-0.1523222265479192	0.0698833860524502	-0.190525992654001	0.1724706350930687	-0.0559750658365764	0.3142285413952202	0.7323589970973801	0.7753979855948883	0.7034437187860002	0.6084075944540284	0.4301758410744781	0.6141412642429938	0.004263356065084	0.7780211119245692	-0.2401717804366988	0.1293840464778761	-0.1233300129417886	0.1208832913032721	0.2146188387435896	0.2173752082838461	0.9041784684861792	0.73440047321492	0.6006527938682377	0.7393785468563503	0.5956238644228158	0.273556421356629	0.6779640895393905	0.2448141347389637	0.0769441554986274	0.3821709929921412	-0.2646007279128518	0.6065923702879766	0.3253526043795042	0.5367974897453206	0.4842874015998712	0.3455297389311957	0.475143822734817	0.1101270635248707	0.7447626858606002	0.0023607354136912	0.1866053860164951	0.0230833801232699	0.3395128169408185	0.1329132923655143	0.0703766625238	0.6639700898418586	0.528841766450117	0.3069606614930819	0.4471463334740591	0.045712819112194	0.5563162507778739	0.4853378138018369	0.6219984344047119	-0.0850215102743963	0.2630860892555655	0.1608796481408334	0.0698004193303574	0.2358992287141365	0.1505773941298958	0.1888057883032927	-0.2267141347281865	0.2784981883489155	-0.0935632924471528	0.1157119514707979	0.3680429759422333	0.3175120704125993	0.841615569449742	0.668216663721624	0.4528553070864463	0.528338095906698	0.0317170487435385	0.7049436846239382	-0.3292325114283168	0.0013888152266662	0.0754338106954779	-0.2826728069493923	0.1117968866503155	-0.059870445533972	-0.0201922078859228	0.109262397727966	0.2287301747695811	0.2444270640773056	-0.1130725411091315	0.2329904310676445	0.1805477948818403	0.1022198414827673	0.0231990546282814	-0.345249932237425	0.2831909735179843	0.2522879106284544	-0.0974255538307669	0.1048139477102394	-0.0187660985760908	0.097317593655151	-0.2356967140607969	-0.1622245659201424	0.1525213412474906	-0.1136499624051966	0.0193511907994261	0.0195797479539367	0.2682754881426974	0.287090281430326	0.1140416434455998	0.2157082789567523	0.1935911003829522	0.3004854923951075	0.3862106611665027	0.3486195425307772	0.196272148625987	0.7154931686205553	0.5888607963561096	0.7304900002490019	0.7101676827406894	0.6279652398932772	0.5289671493834999
sub-14136	0.8002274229438975	0.5232573553690446	-0.3384214511585249	0.2664657811408324	0.4381118302572479	0.4756719909873109	0.2373572012836891	0.7509850061464457	0.0499405038051116	0.5848644771482508	0.1131288146383427	0.6728501091542801	0.3479502881562906	0.8149045058261991	0.7575532419980591	-0.2754551589136286	0.5186696928124275	0.3054287525317763	0.442914250873279	0.5862136176378567	-0.0395484541834718	0.5814429931506706	0.4510388893279745	0.7811701341819	0.4444994600337409	0.7784106783355911	0.1311211552959666	0.734361382418838	0.3051183403638046	0.6937309889726945	0.5115647046247718	0.785959417835398	0.8255153122050704	0.0407232290399424	0.458448994098425	0.340390665919828	0.6998844053205979	0.0912738282036678	0.4324289380968411	0.2774196871993233	0.5011085113096652	0.4423936765717867	0.6689780262134712	0.1740849387713452	0.3935099480902108	0.1762832532836815	0.4402101804363105	0.3536466811863115	0.4398948128196465	0.4819666308585993	0.2085905814502044	0.2161417162018679	0.2127880410558809	0.5374461252081938	0.3159227171352225	-0.0111700219546709	0.1762119578238956	0.1257528662639275	-0.048049325929052	0.3269698596105225	-0.1426932053711267	0.1090518835394833	-0.3243400102918576	0.0821866604323731	-0.3624343964016454	-0.2477343161474364	0.512982578715775	-0.129125336150742	0.1654668222417817	0.2085480153996259	0.1315512450905049	0.626183089382148	0.3372600625984715	0.4326195932939237	0.1872621885441305	0.5486663390605119	0.3215005153424561	0.4203362300251464	0.3845536704347814	0.3146315185937385	0.4355750803469174	0.4258030362306577	0.0542780041487665	-0.0135713729518823	0.6384756880809964	0.1884941928430906	0.2210981069408931	0.6027806478505104	0.3856186605049376	0.1173208336800894	0.2731746262121635	0.0585847252458969	0.2163638967272979	0.5324024425234788	0.3303706982648765	0.0813513519768226	0.6758290513217016	0.6658158694300378	0.1074625696108391	0.3497461796709561	0.5323834813424514	0.1609240468966928	0.705157406323951	0.2496771386397727	0.5591610899323703	0.4235104393765804	0.5128754333632167	0.5921831165977942	0.2995031259923426	0.2256516032303787	0.1535791594471155	0.7853997633076425	0.3762577153040174	0.220755522845907	0.1492916347766444	0.5052323595883285	0.2479507486535767	0.3305660047158878	0.1776043471070355	0.3359428963056109	0.25604160553998	0.1654075266890134	0.2288273001891822	0.3794313547043423	0.2068787297472865	0.4817457668538155	0.2236591968194086	0.4483991649873455	0.5420849251780091	0.6703613233925169	0.6293480184536026	0.0651098082461545	0.4158924857814409	0.3554441329455635	0.5383751589160459	-0.0948858174963549	0.2249355507950144	-0.1466956493635776	0.1537540540216814	0.0442604270293695	-0.0633674859957424	0.3832117627788817	0.1875952512053949	0.2851233155994938	0.1943412610242669	0.2048687012293077	0.6899456319024824	0.4717209002985126	0.6281202401640658	0.7114180699189756	0.068094925264968	0.3015892231623677	-0.0200652298224506	0.7045215442852165	0.10927951765866	0.2621600020168991	0.21325525189272	0.1771765331131864	0.2810050884492732	0.2117971336614277	0.1720764659690977	0.2437150761145954	0.2339020961919382	0.6884978813909575	0.7752775404374115	-0.2110009174033154	0.213319826762582	0.0133224163840807	0.5046395654616169	0.2281897455697094	0.3803739023381588	0.167799402253297	0.1933968732129829	0.1256806649561447	0.5327814275931914	0.7581601570466081	-0.2073617415327112	0.5741166761948719	0.3574282210957865	0.4346152851818934	-0.2154165351542339	0.4952514697220019	0.2645710459913349	0.5525957468022474	-0.1060439674334452	-0.012136442919503	0.3422698417289394	0.6760281836522484	0.1431163967729248	0.0278489084606737
sub-14137	0.4439207998761105	0.4009746432626616	0.3722651974316344	0.5713581025205029	0.443627704378209	0.4290879569485506	0.2778953760769363	0.4814088350535502	0.6602682046155712	0.4823649448665372	0.5117832400059458	0.4923523680184091	0.1539507303413408	0.3773204277137491	0.2883442666440083	0.2646534449313778	0.296846632199944	0.5285087007402615	0.0723519845538732	0.207412437106907	0.0747164570258106	0.4379935782971454	-0.331643887212075	0.5380632398510179	0.3545987899329779	-0.100128212063669	0.2343226351355153	0.5177664921001084	0.2968424930436694	0.4457681388604438	0.4834047414982979	0.1157207477627462	0.6950498454324212	0.2321979803408217	0.1553119410124523	0.2610692680911318	0.0805050020498871	0.8007718033568285	0.6154401036279008	0.3780657749410158	0.6593406927245259	0.7966832474551114	0.5347069271102052	0.1256595361268524	0.5986578509980746	0.56051868787008	0.2131988661339958	0.3700078453515455	0.0612293799933844	0.2745555523702552	0.6196446188616445	0.6584550662117636	0.643202095246607	0.5408714093976335	0.5856691351635549	0.6401438530451601	0.5511254546873389	0.7777939815143112	0.4668223526876013	0.2730541140138234	0.4564561722580096	0.7597418021868444	0.3320649746629722	0.1200191097266366	0.3446421015921481	0.272454228788748	0.774187808933175	0.8230252787762402	0.7239079377913215	0.6128189639840881	0.3901684582030699	0.6638980780145953	0.699780468606934	0.28963587111986	0.3915052683652601	0.5520819708482637	0.6608645572139025	0.348428118170688	0.280525146095672	0.3214154654545527	0.5040251135030618	0.6431610347902907	0.6630685787195538	0.6788692730029215	0.4464353949865725	0.1795959850092789	0.3335591611738232	0.5548653566019197	0.3971516158536937	0.1613844234316886	0.5543245494266258	0.2725864384652495	-0.3523349344670244	0.582257643233361	-0.0097268327423605	0.4932662116304572	0.5306921337010775	0.5141248466937636	0.3203997403596782	0.7637172880906826	0.1375608823841712	0.197076338050804	0.7283569116084444	0.5196046234179956	0.2094549725456434	0.2828764142683203	0.0540003004357061	0.6015692771098693	0.6593689719798437	0.6647610837849701	0.554413750416153	0.4974804234256362	0.3702882338045259	0.1491646278645187	0.70867919106491	0.5953673956351054	0.2078975857223517	0.4281754073995975	0.0351216446233763	0.509722592400188	0.7490432095135539	0.792998101800387	0.6930974896420752	0.6405220676751283	0.3114948819226315	0.4468227362611035	0.3100214161879718	0.3838233654080454	0.3311009509809779	0.1333942371868278	-0.0842548745859172	0.1137125960789595	0.2529302104670101	0.4643524125596232	0.1391979014051114	0.1917513513806237	0.3767561236358014	0.2113089646732963	0.2098708387410169	0.3506733633106456	-0.0500565996936376	0.1174061363092993	0.1842213068756276	0.3416969473716001	-0.0351493432474752	0.464080985849801	0.4465512978981009	0.5379566750185079	-0.0664653182645354	0.4994461948624348	0.3385200969595076	0.4196463109666373	0.4901085746075563	0.3142383953735159	0.409966933533577	0.0356223259707964	0.469853963537885	0.3425413027837199	0.5893986858694272	0.6143392439483485	0.6481503486277227	0.2990098700723282	0.1903385543030122	0.5336614035709077	0.3967963431063235	0.3119344594745712	0.2606517488381306	0.4082623473599058	0.1505449570748025	-0.37324980744898	0.126104242645251	-0.049355918756554	0.0415624993801283	0.1569751951828226	0.1507131756496602	0.3392617939060095	0.4554612534226784	0.326751400998245	0.4359554324562249	0.2160669469812059	0.584249731689796	0.4662910715295784	0.4563158665955651	0.4012003736119586	0.908334629412342	0.7384898895137209	0.7980947296489334	0.7873593720544729	0.7724204569207561	0.6173862819619929
sub-14145	0.53453683137409	0.2340891013721255	0.1009038569589935	0.1733099058226552	0.4249407124355313	0.42482476836644	0.4982927750608882	0.4179534588800335	0.2218828141335017	0.4322638474115249	0.4182965389070055	0.6001014420828961	0.2398203265616189	0.5054963236837605	0.6437295045602447	0.3757029478803624	0.3616811028523133	0.2111277160455249	0.1669211792284267	0.4702367191513507	0.3390568193345925	0.4276107939068166	0.5571357741465943	0.3740277860431533	0.6134613193830543	0.4462971877584898	0.3270054309974587	0.5946899763829986	0.6476173166645802	0.5863424114665967	0.4036296505992072	0.6492032170904872	0.519949497962332	0.5316142532605034	0.5136482449292891	0.347462779395348	0.4865697838332692	0.8066399317993707	0.7111458539624845	0.098177498293271	0.5204642257783395	0.3882156059245313	-0.0709750030725654	0.5991462912564081	0.0248963996504492	0.562508090322363	0.1674178098496891	0.6833098460901744	0.0773642066000085	0.237061291287583	0.6335059748580596	0.5224107739620428	0.6714986792892668	0.4542188822811031	0.835965301437491	0.1717948540250267	0.7259474668718843	0.4983535313087269	-0.0539464967025703	0.7701216440379509	-0.0315470735189916	0.5122615230529665	0.2072941586020875	0.695279786038158	0.0360454999155057	0.2980890276876492	0.7288515801335954	0.6083833702212997	0.7873480992509517	0.5291344770822533	0.1774104225051778	0.6914966611683183	0.4997866870835394	-0.0248315763072018	0.8434631986277946	-0.0378538590153934	0.5963743685125557	0.2043048979417153	0.6564750570901076	0.0187913080525444	0.2960726427087523	0.7136198998083186	0.6629627945560416	0.7644729634140672	0.5027965939535051	0.3815441904432354	0.7439609901162961	0.7182480110676455	-0.002835502816979	0.607069437368385	0.4462425112622609	0.6315794540652244	0.2484003476752778	0.5900205313986686	0.5087449447422353	0.5072478398722949	0.4557129484274174	0.0689148078697601	0.3024161467469562	0.7721631015079921	0.2205461718126175	0.7301372719053456	0.2089488622728366	0.5250964174474739	0.4927378429969483	0.647240490423677	0.2921237281156487	0.6051143462895487	0.791143313808691	0.63922389597783	0.7770477214038848	0.3840424537994906	0.6477229183752169	0.390796140437504	0.5164399880262802	0.6659720636882152	0.6514654601399059	0.4045038193749883	0.5935703707036418	0.616422588458614	0.7516396197812986	0.5695728425052009	0.4233706920104951	0.2937075028334943	-0.2068459659791997	0.7228478927070275	0.4126196999682516	0.535305447030542	0.024382266424354	0.6771145507837808	0.4934133838774135	0.2620628489380456	0.2760626121236328	-0.1174571072036511	0.0098177398755411	-0.1918228366356102	0.4793410447594789	0.2355724596830172	0.5293014845488672	-0.0455520048202143	0.3300232814826652	0.6407389782224603	0.549657081654987	0.779484729105401	0.5080130220454805	0.3078360329348769	0.5683454600610498	0.1357103271433499	0.7439857147879639	0.6041498296508364	0.2276914447665247	0.2838385875848355	0.0276181571280283	0.2144825449046652	0.422998326584974	0.2965545090260548	0.5329565317843279	0.3928406775849299	0.559416617960034	0.3472099737214639	0.3599925318189309	0.4048747905586828	0.3556126128442496	0.5820597988697985	0.7647524663510978	0.5156565237465277	0.4829133307899211	0.2611022539353526	0.4052639499667669	0.1871936030736343	0.4894795681735443	0.7197216786051829	0.7989984531032663	0.8060521542073137	0.500717345070424	0.6094451606417052	0.348238557295874	0.283935154572997	0.0401895387105686	0.3402881764109151	0.5234868615716811	0.6252336569288176	0.4370812024993495	0.4146170236857998	0.7922300483345813	0.7609058006805782	0.5641873565441322	0.7083227694299498	0.5249939674169251	0.5086430404383541
sub-14148	0.8618866510787339	0.489001593430574	0.1636105540155275	0.2502120272107021	0.2585100004359189	0.6694178930216553	0.1600148844945721	0.4650960563732982	0.3919846725511165	0.6208059167640444	0.4542133473646507	0.303089650543609	0.5451125719947966	0.6445045112984604	0.480715187635624	0.588419207677263	0.5774574285604824	0.5088554660782012	0.4521482575921108	0.5913354286996949	0.2520373201468621	0.3316818545687013	0.3939124618208194	0.7689330722998552	0.3891685330381939	0.5397154451203331	0.5350569907755246	0.7599683790907863	0.5304896348131561	0.3125545429679637	0.743718100792121	0.6472122007955241	0.5247049691414829	0.6828412724400573	0.6800018236798495	0.6488379274598217	0.499937124602402	0.6515838452683385	0.6459600326178483	0.3420924339870325	0.5494276159951272	0.5973760424173371	0.8235168013456228	0.4316065621473931	0.3251386139819389	0.7513865302899546	0.2423234017702852	0.4947984042585672	0.3653041271621421	0.2122240329896215	0.5172687843436325	0.4463413635682479	0.4306489099601887	0.358581104107612	0.6386711037181159	0.1610660938124495	0.1597959671097643	0.6878681008218448	0.608345854963267	0.0799398699094244	-0.0914551510483092	0.7350377209455595	0.2473743504481194	0.2136721574321287	0.2639000944773415	0.2150639656476758	0.1962341292766924	0.1782956313423157	0.1288997031592907	0.3478999223096485	0.3211848213161034	0.156229915044181	0.59023280642646	0.634204660340187	0.3322016785186651	-0.0017525276782055	0.6310438521190348	0.2824775443494283	0.1677898409848535	0.130129044716811	0.0097532828201557	0.1620452107533309	0.2226493311767008	0.2910462642329424	0.0767319903862898	0.4557411153064918	0.3489718053142339	0.2734151166826338	0.5681969892865667	0.3806835781962478	0.380153496094952	0.1147245959336588	0.2723313487031199	0.1263202634122308	0.1158476029218092	0.4077342430848514	0.3489229819771799	0.7067737953621336	0.0448891571220443	0.3126219597622288	0.5055960874694191	0.5358625390254594	0.7208822938912454	0.396960710037271	0.2221861104613583	0.5830488146115187	0.6255652597841977	0.4915966223464015	0.843342770070775	0.7195349316932489	0.6640703242047983	0.5986055189513332	0.5881958910695952	0.3345597447412294	0.1131732710628146	0.5873396046869265	0.0935442482941502	0.4123787708929154	0.1386725470598758	0.1924745342564771	0.346232867577541	0.3100035991441369	0.3909604908536337	0.2615272325000737	0.2270277104655043	0.2160750457065018	0.6763194941347077	0.2450637465252553	0.4268262159633681	0.3136393035597296	0.2408823690262342	0.4368423091714219	0.3895776488184644	0.3537391623965558	0.4108182783512689	0.4962044352465989	0.3009043027996147	0.1748202466565624	0.3732028356437887	0.0560885297821022	0.0700798155075132	0.4502904025052485	0.5777991885492613	0.7532764022032741	0.0644970799065723	0.1482596321564632	0.2346812711446949	0.702865811096429	0.4860906828309693	0.5086270506813305	0.5878537017100252	0.5766962563882527	0.5474868694259857	0.3465624143261708	0.2070653397005544	0.3759848514085449	0.4263440310112737	0.2669034475877344	0.4241818466559746	0.3820696288547492	0.3947720842494492	0.3449099899516902	0.1776240892455389	0.3426717865383	0.5090485968883298	0.2361154536271187	0.3212113812348167	0.2140688760184977	0.31460999500081	0.4211675442119469	0.5488466462854316	0.5237012768615139	0.4666755989381506	0.4879824866572431	0.3149498833851377	0.6760184362616413	0.6209649181725821	0.4471930325928976	0.2510949507681084	0.6621629296918493	0.5216048748946109	0.5211293846632379	0.3403405614214673	0.6573196268519381	0.8063647854447688	0.6339316895605697	0.6076131610124714	0.7555040680716003	0.5448711686993286	0.2606617409685303
sub-14164	0.5862030844480681	0.2438891066132625	0.2392355721461783	0.2491712972667109	0.5603447046845756	0.3159434978659408	0.3092017818032532	0.2552406407063745	0.3669791837950356	0.2322696129867097	0.2816019414925725	0.207768858985024	0.3006858315833192	0.2455166684480894	0.2271478430967654	0.2200044572965435	0.2971767187284613	0.4023760909538744	0.2369435311089588	0.282850130497159	0.2908863595689671	0.4904488786979647	0.5405796527140104	0.4882881674112836	0.4749097549060672	0.3545436488895483	0.5268530158725857	0.4526527221830733	0.4425931024980306	0.4772463620453858	0.3679516336758966	0.4302121118266014	0.4392945417003022	0.3414062043163228	0.4656256903014903	0.4959613770704508	0.3146698780654685	0.3771191109294265	0.6273057903929108	0.6302772923474678	-0.0034360000179034	0.1646629368566082	0.7228117080523995	0.0230499326027107	0.318088415422016	0.5336875538884649	-0.0225482714265788	0.2656325661397344	0.399242309928387	0.193213722006613	0.640661478574118	0.440015886434118	0.4177079609773666	0.5767357696321428	0.4867069130293057	0.2262481228771571	0.4680233660425489	0.5789149845698655	0.4955614966560787	0.2967930678730271	0.4643940742420318	0.650063336336606	0.0393022302027915	0.4785466870853518	0.5003109144742911	0.43894154982012	0.3462740613169909	0.374936641141011	0.177703632577728	0.2721790235144363	0.678330933337089	0.2610271825328801	0.2293038914391895	0.7100141870927499	0.0547142968590027	0.5175514159398207	0.6007070078876894	0.0574239872789032	0.4925505360194268	0.6278744925890268	0.3636969981787613	0.597869978224099	0.5899567541059336	0.2259889660089882	0.4105462233493386	0.1223686989744695	0.0576588293722481	0.5386007398355537	0.1397264497470579	0.3353226593626578	0.3674562606418282	0.0868828843170008	0.3062754401146817	0.4721267641174253	0.1577337840562755	0.4826540830816305	0.5716237799353475	0.4544525032309542	0.3870068751904691	0.7305611931781264	0.146330737765927	0.7965024437752658	0.5004475703649912	0.4811076487543136	0.3018781916119682	0.4088135362200196	0.533521428886697	0.5433001120582109	0.2649736590227118	0.3431560687524819	0.2659001078577696	0.1568429621249101	0.3802580243380769	0.5932346574518191	0.5967568554556444	0.5906846080654671	0.2138342416210031	0.5608070876602574	0.4045383165979652	0.6566032209069429	0.2576022520961962	0.2709099473366775	0.2307894117561414	0.2556246707662333	-0.0239001695109539	0.6185572664683868	0.6150687271472833	-0.0304248361193407	0.6254846500561201	0.4259462781308871	0.427184579757204	0.5998463868719077	0.5168948327695922	0.2118864840368415	0.5502339679748016	0.1962867871814992	0.3811544535342623	0.3603103334592527	0.0707603183157886	0.3377321835650853	0.3687641794597877	0.1238070368911388	0.2880785670222053	0.5210928443666046	0.0630771903341814	0.5008915723085077	0.188830956763003	0.8078479227873098	0.5041261599336293	0.5707388481675079	0.4435261602282661	0.3239212619236191	0.0239792672310929	0.4766514457858626	0.1546949140698809	0.4761605737738179	0.5150883154164423	0.5730233252430695	0.4411848782325053	0.3310385255915709	0.3154498630306133	0.3630835731456587	0.0699306463469723	0.1920022900328527	0.3084670467070201	-0.0226873412130925	0.0088207969565549	0.2205557898498027	0.0343850784730321	0.3339360602059725	0.5796875838675478	0.3636522248223096	0.303710510987668	-0.0847132089773873	0.3869745701317847	0.4342024484573545	0.4402481808728491	0.3960926111568691	0.2861711761649431	0.33683071838616	0.2982092395736359	0.2047540540970321	0.1099720507954996	0.2389917964987395	0.5008851479240901	0.3251432803418184	0.6288470274885021	0.4545598932689367	0.409707305894588	0.3522407709642764
sub-14168	0.6779578475146032	0.4035829897063929	0.4354635563905732	0.3660584521018477	0.4943427692489779	0.434103929206929	0.661693714963033	0.5661768912426212	0.3219222536004814	0.6762399108966526	0.4942526346971746		0.4639021380242289	0.6708217004225479	0.5389205220907031	0.5425307535666558	0.6732288722499689	0.733127818833935	0.3125630455474321	0.5712901720354012	0.5644523091831131	0.5103232138339227	0.5086778227039892	0.4057572929734543	0.722009515949227	0.6640289279445858	0.314341747246582	0.5185792357719876	0.6800286878920637		0.4219934468743366	0.5836449016684224	0.4944447297669289	0.28235026124169	0.3788530571855996	0.4591093338797631	0.2855107143376801	0.7022319670403033	0.5928757940618741	0.4134552780753142	0.3366235612460244	0.543524538238663	0.826011651253586	0.4104510388236627	0.4381457557765204	0.7857204239905731		0.378639833821019	0.3348843531454903	0.4766402917330798	0.1465395073044683	0.1210585728545155	0.2920719382855104	0.2692435383014602	0.7143486741599688	0.5459778599146637	0.3327300899817138	0.7011067158484818	0.7458183260776554	0.3197397746587601	0.4284231901236347	0.8634246629373366		0.4439861049818815	0.3560425101275959	0.5766648581464761	0.0416084600129924	0.2651757629821069	0.27583706803341	0.2281299783593459	0.4826811850585231	0.2845893378700121	0.437198461404525	0.616957450234998	0.2512464748315562	0.239149787377698	0.6673019760914556		0.2717555905018622	0.3475581321353693	0.3822853388329371	0.0122669097498794	0.2303943441754599	0.3240616823059671	0.2032074441256286	0.4218558743579058	0.7067017581308961	0.6086669413699302	0.2505929863262998	0.3303132437710656	0.5809277890994562		0.5245988897447715	0.4320867870322364	0.4383047254084252	0.1821765936669315	0.5825746603216484	0.4951205940962404	0.4198419068415054	0.574322658261277	0.4221948460603389	0.5798171800097163	0.7326609042783502	0.2922842100107785		0.6190281662762851	0.5209766816721336	0.5958598718105796	0.3745194814948085	0.4787209851797834	0.4665086593369706	0.3500093466974937	0.7231796654007874	0.3526023791359636	0.595303522479093	0.6638865039931799		0.7016525806200304	0.4677605910411	0.5832630505674264	0.2131580885920242	0.5521138424502334	0.4515428637286388	0.3047611476588873	0.3027295078001095	0.5673972181945288	0.8075344247852011		0.6437994733935013	0.3872558035125296	0.5890440202637927	0.2511271469726254	0.3958545414981043	0.4055518703587987	0.3770688207390302	0.458383741034958	0.3686359877718401		0.1883031940781002	0.5678718108395736	0.3621231847520746	0.5546037151873552	0.3360260617102061	0.4449118380237368	0.037452091193392	0.4432173183167738		0.6475074483589538	0.5800883389450073	0.7849411595032167	0.487559785481727	0.4648691025356163	0.534364124815237	0.2292604756023986		0.3735888162672918	0.4001949303721272	0.4787447956216836	0.1866601013569191	0.2699930832080106	0.3298491999134018	0.1657645947621869								0.3837652881006922	0.6817114883231721	0.2044794114411236	0.517848636229104	0.3447783662437023	0.3551286307654289	0.4853186597229955	0.5366561385802038	0.6207869797569872	0.7114216353553817	0.2941061919364754	0.2619352347043628	0.4845626678786101	0.5149190769036679	0.2742140057291742	0.5228851076897413	0.545499291132753	0.1458059312994362	0.7954555073112675	0.4498574704711239	0.3826782158924813
sub-14171	0.5805808204641999	0.3018383544986965	0.2458355920562429	0.282245664726272	0.0612499696375647	0.1438895134881642	0.3510597635949648	0.6986140923993316	0.1867308358571256	0.5667184834557831	0.2518532999049201	0.4698786089973859	0.4130305956233835	0.635391461453518	0.554057674110769	0.382055428734867	0.3661018338233559	0.1494405256885417	0.5798004286994011	0.2604296507845487	0.2346108987701211	0.2698320027722032	0.1566133027119831	0.599123073139765	0.6512109347046264	0.7081494634140227	0.1747982591785432	0.773298557771924	0.4368850195513532	0.6798091287987525	0.710585898278143	0.7930294119215042	0.6431905731758245	0.467431612567149	0.4047520541488917	0.2750662902177822	0.4345564365042315	0.6948550727437942	0.7940014862228993	0.58422616173273	0.1590995492716939	0.3696848040431847	0.5477595386401439	0.5403553264003287	0.338384221225081	0.6784099693395788	0.3006734450269497	0.3342075795217059	0.429476308389201	0.3709343809193039	0.1249451466732188	0.3189607359280951	0.3341555890176504	0.3123078799356019	0.823072530014515	0.7064839910776407	0.2509591050492579	0.5494121696343434	0.4044070895468475	0.6521807052038135	0.3686047308954274	0.6859970854014821	0.2359911555757464	0.2503911024691964	0.4676252305636467	0.4680735695640458	0.1814232667311383	0.2418706673056796	0.3470261598232656	0.3798514075885965	0.755930640384995	0.2496979742264532	0.4050204887585542	0.5170448142132081	0.7958388589131391	0.3325421322754016	0.7256273103791662	0.1909176931176412	0.1946437292466107	0.4833807211798657	0.345948210268011	0.1882220618338991	0.3928560992347151	0.4372951917362985	0.3851993630948655	0.4495494759015842	0.4296847572111503	0.173112164750604	0.7669088584754453	0.2156912727351602	0.5919702473153037	0.1384194628671529	0.1379572815094804	0.3603321762879302	0.234156965908182	0.2289095601977261	0.2207164391503439	0.4055419883889481	0.3487082924847446	0.7091640228571486	0.2623907019377073	0.247692162223496	0.499555318482908	0.3859546259177053	0.4861488569214157	0.5251308793145582	0.4990114078278396	0.3598944655487283	0.3896894146543717	0.1913155022415074	0.3548907480687547	0.2637893417036218	0.5085927588290955	0.3550064949437326	0.5891069238751124	0.6385831227460252	0.5471399096351587	0.5317464364006639	0.6366280779656417	0.5291487725965714	0.4034071558146287	0.2600292177383119	0.2945923806025315	0.4099243024767119	0.2606297457710249	0.6472276664080394	0.4792540689258879	0.5310001762182879	0.5649971244314408	0.7410841843872924	0.6163592203637934	0.3428441896038899	0.4471792197416264	0.3065986485591177	0.4653977565598323	0.2145041099812364	0.5707358189975169	0.0893143720481892	0.0171185863325151	0.3521539618628497	0.186038849989963	0.2714656718640998	0.4233043913373879	0.4409156673886112	0.4055283279899103	0.4130343950454887	0.6587347527334368	0.7274615503252897	0.7101985239955095	0.7847023874273701	0.3883120126214314	0.3349698187474291	0.2243870458599456	0.4235178173082169	0.3666380782943749	0.2993378229306195	0.4797863821180854	0.3711986196305405	0.1311618844746047	0.2364957856174003	0.3240174465356515	0.2633050667458785	0.7232348148674301	0.6563047821755981	0.6116265978630175	0.4927624905900899	0.435577581432624	0.3306605269651008	0.4790905143293202	0.5705334062886135	0.5913440188847523	0.4760358280332122	0.2947862209563263	0.2027183293457233	0.3670253437118466	0.6937456493143315	0.5527350125913787	0.5149941388633246	0.4278891030076471	0.6180048241916104	0.3470144002860895	0.3758630346083135	0.3186185570145499	0.4399136685525244	0.4894693586565282	0.25041164020336	0.7675946731263542	0.7242395851056772	0.4477349814820549	0.2259524091966828
sub-14172	0.6983219887534328	0.4961021446127012	0.5670530228890434	0.7791277979466973	0.6711192168284023	0.3702186677891481	0.6129180410145709	0.7637058884835205	0.2108099320744018	0.6528585546975971	0.5074112525698481	0.5723494281472423	0.5747464407664044	0.6602802939911273	0.6520855684969554	0.7528259099530659	0.7150248420948647	0.8174796165578528	0.7421109582084979	0.8032964284645315	0.413572536701032	0.8112259272634675	0.4428022001310617	-0.0756954450469911	0.5038356303996578	0.9080297347227204	0.2391942304294687	0.5122602907093737	0.6695391930066836	0.5007288951393011	0.7792771361957784	0.6416964057455566	0.6270847822146307	0.5295142189345301	0.554238151746485	0.6418243730480094	0.6769714297120306	0.5325926212250238	0.8361051473155984	0.5269275750574292	-0.453860961283203	0.1844234376523645	0.747790064060481	0.4106775279140138	0.1880102995145385	0.7680713005801776	0.2974134211512981	0.8173487061595699	0.3837871210397295	0.2864179916010095	0.2916754339026516	0.5285773313304418	0.5640777632207356	0.6684394504996549	0.6960247530186234	0.6480018857859814	0.1168803640472812	0.6494765044911243	0.6940943152655897	0.304290323013884	0.2852737164136394	0.4937455727601177	0.4439569349619809	0.5312379456849534	0.3144546906597251	0.6078051119576747	0.6263801485365069	0.6880131025545793	0.6688319943308797	0.7419599616518248	0.6362891303293882	-0.1388082860186088	0.498474267495225	0.8568613875322331	0.298159590170732	0.4111429872782881	0.7978742253051481	0.4558320187923981	0.7406520529180624	0.535654060125648	0.5751362281527526	0.5247367466033741	0.7016070815999134	0.7282215970996511	0.7705480037871006	0.2464373292692754	0.5421145488147773	0.5707921615315565	0.7850520682142131	0.2383616800738618	0.3718520001580954	0.1552143864901549	0.5099897676833529	0.2280679192240372	0.3228122941069769	0.747253025347176	0.919653277002266	0.8291832844949923	0.8178330801640321	0.5285016174283116	0.0672020281680557	0.0863198478710333	0.492422470332332	-0.450603201191615	0.2355278077430778	-0.0754051145737862	0.3396608594879295	0.3886076442899451	0.6462445942927207	0.3099698729616497	0.3160097558187114	0.1358652573568023	0.7213487090893201	0.2341004671870824	0.3992445039084204	0.3502775911032699	0.2820280497981113	0.2841920886547125	0.3612694005000847	0.6986769923641557	0.8241778587461801	0.7076433936566673	0.7359350652057339	0.6977582338736428	0.2216212017680684	0.4594945456937699	0.735573229334125	0.5825538308578513	0.6830838372564163	0.5470273371306317	0.71798825834984	0.665120929969537	0.7003725319117429	0.7857813631976012	0.8380510739942224	0.042036182449535	0.0668298107931943	-0.2576291150229562	0.4316741248429994	0.0571768282474621	0.0156414240278341	0.5255232139081154	0.6760800104912441	0.482987457965808	0.4918401830675434	-0.0270924931279114	0.6044689574284127	0.6191109661084443	0.9292735349812016	0.7790337913777406	0.6749135811381407	0.4377503288415322	0.4689526486282063	0.3946842749625993	0.1786079085395374	0.4079318296536867	0.0980022575931127	0.2240286516698606	0.1757877461753846	0.4417326466895236	0.5648447601542189	0.6380275629510601	0.4059778932082434	0.5848810828601252	0.7532860214842253	0.3413372136125938	0.2101715432510856	0.2698252128664593	0.3386236143790586	0.7475819982046298	0.5363173842740979	0.5465382903654741	0.5862456628152349	0.598912744086166	0.6069538529314553	0.7093862039554867	0.6090657252504879	0.4060561624847095	0.471184215234609	0.4218258680788797	0.6929862408865296	0.4993033345116561	0.4896528806135111	0.5154928021692832	0.8677705977513888	0.8517734344120116	0.7787874368875068	0.9386522885485326	0.9242015162784328	0.9483380245412868
sub-14180	0.4075911710339611	0.2752642871427747	0.1792434329916222	0.4223550069741593	0.4250950356506802	0.0220423718459947	0.4132076899585888	0.256223020935009	0.1417572430254887	0.0463234370135845	0.448655113828014	0.5235556158105084	0.3179984984891293	0.1440552743289438	0.1183212594963085	0.1547304628024065	0.1747882931048621	0.2234749975179017	0.1588353453767038	0.2605913168664667	0.1220066645114081	0.29122556897691	0.3985612041480967	0.6688411787116118	0.4845199214339633	0.5740719062755932	0.3835127209045808	0.6546480556815906	0.7051008209616665	0.6288990328167612	0.6013888534959356	0.6260879466076973	0.4456668049707773	0.6067736921659063	0.7128954381333923	0.5216567833242746	0.3750036931926862	0.6491739541352914	0.6297553690349718	0.5089379265512323	0.2705704475402939	0.2308750068642052	0.3954897007058703	0.5734177003601791	0.2551869845281759	0.3268852088781769	0.468703178983845	0.4927102718959417	0.5394911593512114	0.4186590407384094	-0.054897922713416	0.3742049545841375	0.0058511010665932	0.0171538854623158	0.7734827398141508	0.629908143626107	0.2281494631479291	0.3977818571237604	0.1456533003664803	0.5459123514768187	0.0738030228978026	0.3775941162667556	0.2786823292026286	0.393407597771846	0.4435012018043469	0.1468955912166087	0.0162156391074541	0.1413500980760852	0.0025876847760267	-0.0844401665327857	0.8211235001007936	0.3241791834631417	0.5242021383930339	0.2808576824352836	0.5903085209795544	0.0698174415928046	0.5418480845925504	0.3804739254910299	0.4637030706228386	0.3349772627953054	0.156208436092104	0.2810389041063826	0.3066534451112234	0.2779687037328967	0.1926786380759821	0.4236264069344751	0.4619295429307745	0.4948713793788036	0.525653996338323	0.2455637251111226	0.6327203191810752	0.4008057557428373	0.5314519153090639	0.4402238590158647	0.2702444106259019	0.3461278609257962	0.4328221487411188	0.4492726286013709	0.3495925293987754	0.3628636572768384	0.4512403273894496	0.3568884864950679	0.7681811006326277	0.4026636525640014	0.4093157740271511	0.7612312964933715	0.4811407029154296	0.4623413796552864	0.4937509804344903	0.7148673714353087	0.4068861308693238	0.2896528014972539	0.3999234958555849	0.2040370364091803	0.1182743323168291	0.5568284220351339	0.4537354872740098	0.407931005260631	0.1710483367204059	-0.0235884518829499	0.4636255511106023	0.3101711818566812	0.3613477045837034	0.2257185580431645	0.1977545799967967	0.5293286280392957	0.3815690436892812	0.5799835414233201	0.614227434782095	0.5056146596556834	0.5818759140746304	0.3263168920486559	0.7276507204035717	0.530598594251309	0.5128340744588008	0.3385565968519379	0.4744859189224293	0.3875584031000851	0.3631191468362215	0.6077208211732474	0.413530736989422	0.1885443299611276	0.4907340810025032	0.2004909784296407	0.0819920710778754	0.2960427985476933	0.499337051505733	0.7156397500201421	0.6414168443045979	0.781192606590247	0.3122701457458299	0.7881650742799297	0.4628311065618251	0.3097203219578612	0.3182893075405866	0.4055155553718482	0.5783869201398321	0.1603676258050254	0.4289448586866862	0.4952742286811998	0.5268485997048897	0.2298314765567173	0.5223375260438056	0.5211052237721392	0.6081554909981928	0.3713528655311006	0.599817550296383	0.3589130205308445	0.4667324582642364	0.5042481543141979	0.5543266796811458	0.3151048928894318	0.6978587192012431	0.39272138281936	0.2081386437577632	0.7216233191204106	0.2722079166727514	0.6662141794744304	0.3419941295360978	0.2146843468381136	0.1089595208496137	0.750025287047863	0.411651542094732	0.3676009300195378	0.4794806476100811	0.603926815598036	0.594270290443243	0.672597421036049	0.4912036849703893	0.5859569733223302
sub-14181	0.8489089500899673	0.7417462824543067	0.6259963817899478	0.5098582736893303	0.4114704841940395	0.5762016865128772	0.5853267427102239	0.7529967804502679	0.6065572890649681	0.8213214165789248	0.489579801981124	0.4608139213702116	0.7733128393694675	0.7478879713102434	0.8082295985554868	0.3186889433521243	0.3130373541480144	0.4162761478203948	0.5594244992785984	0.670131870543367	0.5581585687802767	0.517542563171691	0.3693297562279549	0.8002270484172843	0.7237969538630236	0.7078042783835534	0.6398675999557267	0.8435116847942596	0.5224826909164313	0.5820367057274999	0.805051407170997	0.6317310914579486	0.8232541121339865	0.4063373643996082	0.5397291201379835	0.4307034708417205	0.4070366387853542	0.706151744495228	0.7040241023521602	0.3568649896816174	0.4580631020862195	0.6193942952772983	0.6663288362588248	0.599511519397288	0.5921211222475339	0.6257910602684734	0.4289249873049891	0.5894301666332782	0.5849033549024123	0.6014283650598142	0.3205411557251461	0.4135582473898332	0.5095811209524015	0.4188089207701773	0.6526376964648022	0.4882344269984352	0.3847506874200039	0.7176899765646197	0.4956077178540704	0.6565820602519876	0.5317117181024381	0.6488827574905836	0.447360477849821	0.5777376562519682	0.5938846520187819	0.52958605421965	0.212227031357213	0.3539049575709552	0.5122240081163814	0.2221538299690691	0.4799563742796962	0.3904976133686858	0.6370723479645916	0.6109489206362791	0.7426020771169022	0.5205145456914136	0.7260758036152614	0.2841564769458283	0.4150942141801091	0.5374025192128337	0.5138724875782633	0.3278386050205896	0.4684596885948327	0.670459234080746	0.3707377350782454	0.2285906892256062	0.4085972687430662	0.4053410062550221	0.6151857650000906	0.5446215573435679	0.3612315494039216	0.0380829763108229	0.4470550795218481	0.5956681786850101	0.4932989821456913	0.168245354621547	0.0729845581337231	0.6003229929426778	0.4207778607424783	0.7250389177347494	0.5061692388247588	0.4815269706620799	0.601177622529736	0.4496358278027105	0.7059611729364128	0.6270669311578057	0.358792224865692	0.581901269930586	0.6731762147397924	0.7621726682577165	0.3728207158288924	0.1223602332950281	0.4250237433009255	0.7296911545617096	0.583776636086475	0.818982552368576	0.5647520629471747	0.7416831782943605	0.4596415655889598	0.5165519865983721	0.4885199722282899	0.7344390509621718	0.6546712424709528	0.1500176758248523	0.571121703161535	0.6627701807816863	0.4253101936522815	0.3886993011375482	0.5518819674831513	0.6007926830607148	0.7076036362979814	0.3202213160698668	0.3297202925603628	0.3855449206844292	0.4656084429438571	0.6818134742804334	0.7619576075886745	0.221462391881989	0.6022076225865273	0.606187263609684	0.590879831000586	0.3610656135828833	0.4393627893056189	0.8391416626065467	0.5164952786259192	0.4872066098827246	0.374616368220254	0.7527140042809399	0.848478907783238	0.8468986566484984	0.2704793867757403	0.249728122366292	0.4858705769293017	0.6711380407362599	0.3718118683828772	0.5831776119807882	0.4600865144564025	0.3726916607153557	0.4479723144317933	0.5444643773471772	0.8007729200304954	0.2974470603657599	0.4819389567630812	0.2422120311632821	0.4358894965048371	0.394706717553701	0.6908224582452149	0.1748515452253855	-0.1523853639742176	0.6205467523753232	0.6639298549612704	0.3857497018884663	0.4278143838968384	0.498787467865481	0.3819267608909674	0.7208832377998353	0.1790724129947571	0.0446693764922191	0.4771308159023958	0.6891999147649841	0.1699749315882797	0.2610859748929335	0.3295353771212563	0.4851364198842436	0.5411437796816619	0.5274459062141929	0.2632465561975987	0.445775946364155	-0.2368290847642922	0.4225368999229428
sub-14185	0.8156511364101634	-0.0370976993155324	-0.3406068446955193	0.2716005549872308	0.0149867823686443	0.131336218387584	-0.0673188214526281	0.4876425487537584	-0.1606510005169624	0.8574860630340545	0.4002276030026614	0.653506558862173	0.3759443738015073	0.7460088927515618	0.2251105082560172	0.3489184048781558	0.402156223383218	-0.0907913163850411	0.7920306266229735	0.216188713057063	-0.1007627991227549	0.3342940004263536	0.123884366032612	0.3236328000820323	0.1957669779326852	0.7535192065258665	0.0558237768688861	0.8647199424347727	0.6462205975664025	0.7808938319188864	0.5282908476441276	0.8357180333590692	0.3850827202154159	0.5715096859056418	0.6639923958067294	0.1768969229434203	0.8578520756834266	0.6997864326788953	0.5076987847982034	0.5246042177809114	0.5353607502230769	0.6735333467955186	0.5012553049607653	0.5921523186861091	-0.054876187205481	0.5872983339084581	0.0381383241777755	0.4655415928404604	0.2272261912417184	0.0994888034283696	0.1038758562026964	0.3202946643866703	0.6737798995635343	-0.0138827439508966	0.4341797867792348	0.6239584855742139	0.6458861737420387	0.8533157921282848	0.252276088763059	0.824793954674344	-0.2677586152705118	0.415701415037242	-0.0890390806364513	0.341022801406493	-0.1302899030196828	0.129700391946698	0.1417708433009486	0.2918484117995569	0.8429242103157769	-0.2822853199579304	0.3766605934169199	0.3479795165403063	0.5276074130544284	0.54749326459899	0.4604047819502319	0.1944456623315445	0.4440592021181462	0.342975667653821	0.4840107939671734	0.2628884446896155	0.0955962101858227	0.210100654591494	0.4431606738037243	0.5325299130763608	0.2551824477523194	0.7133938041790935	0.7352056080885723	0.3360521665309945	0.5963590787808655	-0.0415714859935774	0.5634236248604093	0.0546938821607521	0.4203949560823186	0.1193878202118264	0.1784564872927775	0.1123166155693126	0.430592250253634	0.7560261504155678	0.0958162134622861	0.770321338362856	0.5094696008533388	0.661788960224393	0.2280284133985749	0.4998509057542751	0.3465314601623213	0.6706488553774265	0.3898804282378199	0.4388519533583128	0.3650134004458926	0.5251156019735025	0.7773829923068615	0.2265900548329261	0.5239768311581565	0.8661439038233542	0.0424340108757358	0.5662685752785909	0.1789349684841745	0.5085583719833118	0.1263759439658412	0.3049902340483287	0.2894958200196175	0.5751009399253569	0.8980878387661305	0.0712688156668013	0.3598421454598117	0.5795855322515684	0.6306300272144705	0.6058080861324598	0.6606894154135035	0.688835404757861	0.4190221444320419	0.5787848914231716	0.8224417548586265	0.4977814914225547	0.6508567966433284	-0.0578616256250967	0.3671753872056212	0.0423816235592241	0.4502017347061392	-0.0506998540995747	0.2962363361782035	0.2862848220259459	0.4120557087932481	0.7806667438784753	-0.1493684455083047	0.3339352274780831	0.7852745006909053	0.4640773491951901	0.7540454001982448	0.3954531055567064	0.5363422661741477	0.5891414256658573	0.0017655678353843	0.8082271778807448	0.3573066546676057	0.4341394674923213	0.4759021646027902	0.1439655461048069	0.3435452378724624	0.5516673295747518	0.5797631469689525	0.4925119679138752	0.5375634944014733	0.8325080322266277	0.5573409844281542	0.6485277035640584	0.6276680736408169	0.1755371283519999	0.7357796331511172	0.562261076922383	0.4798154316946465	0.4697348625100468	0.507662246793714	0.5531025923255259	0.3456624736714958	0.4603353720569008	0.5428234010338271	0.592162155641284	0.1191562687878495	0.7873361131671126	0.5266074943438719	0.452487913741924	0.2681787158703122	0.2407519746287114	0.7070126858684591	0.3517370282216593	0.5282117185340215	0.5718705695638205	0.663483360540668	0.0623224890407404
sub-14187	0.6748991347599268	0.3859137824385536	0.6007963346248135	0.3190133103105246	-0.205341282850462	-0.1388650249550601	0.2206503530146183	0.4962569985833674	0.252983622736314	0.4113360584257319	0.0602595947653978	0.5436310100419066	0.5751513234382145	0.540426239429495	0.4206958132400811	0.3197545081982407	-0.099985064843915	-0.2501255497914476	0.7284861680615602	0.3671429636849658	0.4254026310835434	0.366113916317075	0.15404136967583	0.3903390269946294	0.5674309367378957	0.7521026486257619	0.2250129227440774	0.7856540061531548	0.087136988006989	0.6952748850148646	0.7246820169937859	0.6509596783612389	0.6884614794649457	0.4328701695929908	0.3277594638508148	0.0732373242930096	0.5851454626111736	0.2496451295273916	0.1592100538354259	0.24185587107745	0.0994800070972005	0.2597834265858242	0.4077548122909612	0.0725156767352858	0.3030404180366144	0.1819518865489159	0.2935724148867648	0.2716276418970652	0.2370579274744406	0.2719701412536407	0.3850190334270003	0.1038301820427002	-0.0160713094665688	0.614228054088314	0.5170814606843949	-0.0578699576253211	-0.1663135958171707	0.2541264495983004	0.2308024011545941	0.3461482414515833	0.2373183027207127	0.3647550687213861	0.2341707790905478	0.4432326183403088	0.4418370201768274	0.3515358478520889	0.3770729888655728	-0.0461049813681311	-0.2777752150846269	0.4264603276923854	0.2876819156673231	0.1715489892969339	0.1666492438455789	0.3922661300052875	0.6999624886480291	0.2722724256726316	0.7262441610603608	0.2715738699997012	0.1306460806727246	0.3997635562341412	0.3616014100690794	0.3475927259845734	0.4157592510407314	0.102777790446497	0.2862657551003157	0.7814937823050934	0.547556014545803	0.3167022521781651	0.1777662995416996	0.303347150732468	0.5452403842401393	0.0342222597826708	0.170225505939028	0.045513770352375	0.3250887885314369	0.4696009482920087	0.5307430944307718	0.6685372979341153	-0.0633339815604392	0.6496535698344388	0.497051085300674	0.0601583896477174	0.5301347363782494	0.3075141553303565	0.2564700116457717	0.3345856660922623	0.2090455573762895	0.4996267450182702	0.3116007572584819	0.6436124991725257	0.784375542389149	-0.0603308516306756	0.4636124504433874	0.1272123510590506	0.5224549415382452	0.302210341271491	0.3145343354421833	0.7401640221616334	0.2795633416532133	0.5906484039095238	0.3717237168478899	0.3157890090709179	0.4093874791484171	0.1558991263361656	0.189640777254619	0.7839385220239089	0.1726065300615919	0.7263450521968648	0.4207161533247852	0.5879941833439942	0.6158821274778764	0.3535120333867274	0.5100134446436108	0.3050837970108217	0.497483835386345	0.081638269426398	0.5529041371585295	0.1447545081402072	0.1211703915478459	0.1391641438540913	0.1201550145103786	0.2877701082623309	0.139065021384115	-0.0589562261562751	0.2247125459944603	0.1797592169582083	0.7490378000517235	0.5181742813568905	0.7488108577146791	0.8171017546391186	0.3853361952021832	0.4616418681231191	0.3027462057591052	0.3760057805081985	0.0896462115084933	0.0932986648523555	0.2388933674508523	0.3505366613517557	0.3649986462274406	0.4005946724458709	0.3108061561746844	0.0759128054868966	0.3991833407382221	0.6984858084365309	0.6326421279128619	0.2283421649515007	0.3273314647508857	0.074770931201358	0.4011007064959335	0.417088458299943	0.6087095758122735	0.3083675315592085	0.1689156367001334	0.1884851507703632	0.3701686828216332	0.7659307263120126	0.2596607496894951	0.3781896541583964	0.1183377505235378	0.4241077919964521	0.3167752663269493	0.4937151991361697	0.3582475988011617	0.3273661363298931	0.1676062192736998	0.0507511748094628	0.3621388963271046	0.7405999866603055	0.0665295964897344	-0.1727880264794891
sub-14205	0.6003687265980748	0.5363747999794317	0.1789200902714026	0.6243308906571601	0.4796330428502915	0.3820872734824715	0.3521490402490385	0.5018220350648664	0.3627674744815833	0.3241621018276524	0.3870711837683449	0.5144051475049595	0.3166410254641911	0.3938128448491623	0.3355806652633721	0.4879380419751304	0.4660039128875747	0.5562646898719183	0.4187119791784411	0.5563759971794705	0.1759225065344572	0.6042118139912388	0.5650410627216642	0.6368213686002856	0.5597973685920782	0.3811646459864634	0.5321339297721609	0.5995056179840564	0.560067188952097	0.4835604995270768	0.4407199590937779	0.4014801750450592	0.4972016914678713	0.6030052362390377	0.4819292430633452	0.5042857777553802	0.5279035123209836	0.3578857901491514	0.6452064655065399	0.4010624333622041	0.4487431687968993	0.403166403366852	0.4512297448355355	0.3048559797515364	0.3587222628293103	0.5384116741668242	0.3934396400014038	0.2678701066215534	0.436022884722658	0.2810919149452037	0.5005338146721535	0.3434984979125763	0.3574257219150276	0.49040595625831	0.430676107673925	0.4430337526899761	0.0283487328159086	0.2431084043448081	0.2143189379631459	0.4576470524671803	-0.0135680852897008	0.467502129654035	0.2814953847821045	0.3096016197167614	0.440231874218738	-0.3531503612100822	0.4700869207492371	0.1905314316376912	0.2515564141305039	0.2361158996196853	0.559607404017618	0.2060234427366432	0.251371601717174	0.5710455928448214	0.4637064569915936	0.3158900743204386	0.6000432894719063	0.4256616384479334	0.3429614679632344	0.5831106494974209	0.0657270933669581	0.4516020420053554	0.373149483374376	0.4424086465793477	0.3869077044870657	0.2674853626435086	0.2116653347984842	0.1312787592398717	0.680477541988924	0.1784604519827923	0.5760633282535067	0.5166558928906578	0.4697510748545392	0.6132619920296938	-0.0447468451536489	0.7183832403721964	0.6118149157828048	0.5641302190950851	0.5609665966872299	0.7538608273570582	0.1556946460935735	0.4006315256481431	0.4742584948353232	0.2029962740335693	0.2534671587961165	0.4013318866699772	-0.0345056530668765	0.7625803699426476	0.5853996543691021	0.4210448710828893	0.4701303927779705	0.5104780781016527	0.2308053279255869	0.3023524737053058	0.3405018204661394	0.2528800239034266	0.2624027498132713	0.3517056280318812	-0.0320596186328985	0.60951778641581	0.5343753831019011	0.3853999249114209	0.4017802895624148	0.5069243657718857	0.1465810905506127	0.1074247854647244	0.1984859128625509	0.0708414859540703	0.186021770672139	0.2203386866188751	0.185975249697166	0.1604098255754704	0.0633193342056521	0.307052226885245	0.1117201895303718	0.1933942706448439	0.4710021495652007	0.3459184361815824	0.4930951354735041	0.4468683525617438	0.0814072251489774	0.6540912579966641	0.435395254421824	0.5319458427782785	0.3610302060517052	0.4922280188364095	0.4341265642388252	0.0786539789471665	0.2833978768710921	0.3633758237372353	0.189477910371565	0.1263210217749419	0.158582365319306	0.1349387258311454	0.4838908854117256	0.3153742942593008	0.5851182997274986	-0.1046274840676944	0.4655926560481991	0.1652970150267892	0.2168214571784776	0.3863871738557609	0.2623776644183136	0.6089496654793408	0.1568255508795455	0.5282289745053474	0.5014170080631055	0.3934922505826824	0.4224098303707429	0.3701962207604279	0.1504998169621602	0.6032709659934914	0.410079188068416	0.3436353865577982	0.4719642169024801	-0.2564424586138804	0.4749726055064784	0.3625013492330969	0.4420740313132997	0.3787146467297301	0.240289973959661	0.3117598279492956	0.3501215577195462	0.2915545729248605	0.7038760303604632	0.6317113778720944	0.7107476174158133	0.6031985694399097	0.6548938377423154	0.516578434560735
sub-14206	0.4362477964992208	0.3581170045798054	0.1044202087407041	0.5133821792931117	0.3013473981643809	0.2786131838027442	0.5578221991421011	0.6942837756395759	0.4046105739816389	0.297369859986505	0.2866052777441678	-0.0241419302174777	0.4306098415453035	0.1995246246811005	-0.0004466782853056	0.3573383134459851	0.4660250749927639	0.401790004296349	0.2934514917137948	0.2963890896675858	0.2342460116812005	0.3804798457804976	0.3365055729874481	0.4470138858637118	0.4697546610392326	0.5507014647926319	0.5137539787787484	0.3852537003166937	0.6726139656413699	0.0705028125735059	0.384817979231571	0.3755956932061202	0.1942046043910487	0.3537143794990759	0.3272753929172905	0.4472972867242687	0.3501289561983734	0.2318621736957784	0.6519577229783493	0.3658301144916747	-0.1145576025003639	0.3801270256779929	0.6093290702101133	0.5036951657562689	-0.1636153523934541	0.3817786196138167	-0.2572254999616279	0.1821090677722116	-0.0168120908724436	-0.159743608578598	0.319430119725876	0.1177606385443976	0.0182736449947218	0.2549964081575366	0.4205953031435814	0.171564140582992	0.1727690059177863	0.2194716616154143	0.2339207182316132	0.3528974012261043	0.0379417872895786	0.293815083181165	0.1339062390722554	0.1233890620179699	0.3391871004805872	0.0829454771648925	0.2750023348545181	0.1395079161754511	0.121269860185457	-0.0307090598036044	0.4677276508859112	-0.0458404721484632	0.5458593921468242	0.4937669980529702	0.7065059019918166	-0.1059750486521615	0.5252100204125273	-0.1118045445257307	0.2261709094979501	0.1880281462009983	-0.2762049512928742	0.5822280375820075	0.509607400042337	0.4519865256998375	0.3381811316778884	0.0956197923791253	0.2517420666675452	0.2290019905743399	0.3827689232663923	0.1542195257010405	0.3686172006788332	0.0095664584863286	0.2128351538112153	0.0879093572702453	0.0834137561530568	0.409694314889566	0.1160134856190782	0.3373452864967071	0.5527843754798443	0.4228427789300407	0.28931624205023	0.0576676712640929	0.4583345573646407	0.1703340068819212	0.4534997804467626	0.344620539645115	0.436042627735268	0.3984799691546553	0.27454837188309	0.1233690590696375	0.0973850442121777	0.2379490808951301	0.5431395775205757	0.6472828105259828	0.1236435052644439	0.378168078563301	0.0114355695200536	0.4211009486338242	0.2587791672905005	-0.1288893110667252	0.3696383302200838	0.4768798874009634	0.3200188079877327	0.2007768127803972	0.3794506553444634	0.2053400736254479	0.4223489011961391	-0.0079345062249954	0.3199205928490998	0.1410138325765857	0.0324882051092013	0.2795588407413331	0.2138418145049406	0.1402167023102405	0.3108215708890375	-0.094791874905906	0.5667281730142764	-0.2181926623586182	0.3391070592337192	0.1649716193615031	-0.292951092253827	0.5176657328425368	0.5885707400899148	0.5106923309150315	0.0677006749705817	0.0062992135844673	0.2251824989023959	0.5592009049224458	0.1909002488696343	0.5519272825759315	0.0658064207330997	0.0198213260472889	0.0713339510447131	0.1532613867999276	-0.0167331090842851	0.1779363193008962	0.2594066249896468	0.0095042016765035	0.364546489178828	0.2893296538350404	0.4951954588161798	0.3652580577494413	0.0535217252981703	0.3576350027540594	0.3962440772348151	0.1574559409240333	0.1889627951220406	0.1127741822979942	0.0530741389773962	0.2495711851023942	0.1495005804085132	0.2989717712510781	0.3303553033663722	0.2146644737359152	-0.0326478000078953	0.2720308161320136	0.2298096206144434	0.135069565825238	0.1718466492504715	0.0723916062089615	-0.0570571621513678	-0.1869369964825939	-0.057210192475942	0.1424476202890372	0.656219960710916	0.5517475366527045	0.3151844486345945	0.8019522587648251	-0.0508136070175465	0.2350401713584392
sub-14210	0.9985167408702104	-0.9519715660056964		0.2494531440271509	-0.1077699893197962	-0.3401607404032709		-0.7181416124565692	0.2727027400100819	0.2127798791100359	0.0395735470838729	0.7826313802440019		0.6202189241653481	0.5275777641609573	0.83692599395385	0.9952262631975136			-0.9582220498578848		0.2302342370313328	-0.1071036875747348	-0.3211945445536832		-0.7040926589887947	0.2635864303047605	0.2326655421867127	0.0210516909392007	0.7928025932974061		0.6365414333475616	0.5449539150760995	0.8268105275205163	0.9977426808508696				0.0174531263969826	0.1538929176943735	0.0800436148809238		0.5039950515134263	-0.0159139374766842	-0.4583817981892279	0.2256763404190798	-0.8328827195770592		-0.7962810169518536	-0.7243267314468051	-0.6561913837266791	-0.971000962116662																			0.2598271599964204	-0.9920318189255808		-0.8500429128525636	0.9163631721206956	-0.89103742140693	0.9761558467747206	-0.1500171758825371		-0.6021909245976926	-0.6883769344825121	0.7357554194819601	0.168772579708222			-0.244955825124698		-0.1304026123240395	0.3097581036651483	-0.3105028812363741	0.2998542700727036	-0.1402204144345503		-0.2947254154294228	-0.3087348493994012	0.0871320015306804	-0.1291643225509949				0.897999626687666	-0.8953393659617882	0.8456892417298677	-0.9481723603217952	0.0924283635869072		0.5253809969917446	0.6183350415124782	-0.7968723848950615	-0.2617534251651424															-0.7919918555851956	0.5256092988577085	-0.7202743414420313	-0.3015744755067211		0.0984356031081881	0.2104245374563348	-0.9802804894266998	-0.6585443597755716			-0.7801241814326563	0.8929443799053312	0.0058052439206674		-0.4968512011744462	-0.5787918073006955	0.704850825794793	0.2064987079395311			-0.9640647537078616	0.5346270918045598		0.89791271342104	0.9418908803492252	-0.3534697799292418	0.2928163147173419			-0.3221962905607152		-0.7547094201800713	-0.8233450565968463	0.5772946751880452	-0.0416530310764206				0.7820425648659818	0.7332791337857336	0.4569941258668245	0.8080067193319324									0.9932893066022488	0.0935304170020832	0.6832310482384661			-0.0200662638038743	0.5960764408505509			0.7899295818865595					
sub-14211	0.4057754629996697	0.2956093923021926	0.7170589891964825	0.2784750137873063	-0.0852413986170469	-0.1057163763670634	0.7305963442184509	0.4702830522776062	0.3063027643733038	0.216780221734317	0.3402264569812455	0.3652251229933373	0.6989339606131313	0.5476596359704596	0.7391542471746462	0.6444719692901025	0.2215129973068756	0.1776577294852375	0.4621782326509395	0.7805209971520656	0.5629395998612763	0.5241687624795404	0.4597270523786602	0.7133172515283366	0.2268003464899326	0.8768725330494093	0.7158214295313341	0.7866090974395566	0.7948490831415289	0.7859256960898077	0.5655992964161428	0.7333901732557865	0.6775465214820375	0.5103874109568289	0.7265914787018912	0.6714399017527471	0.7169661189971789	0.517353377834684	0.657503534377986	0.5533742524306817	0.6119446006936922	0.1893847372898618	0.7966814834689346	0.6371537326594933	0.6214972966781988	0.8566439819281537	0.6141558395303123	0.4211763708663801	0.693691641418308	0.5091783007618909	0.3192568934270072	0.649302683407631	0.5467753690277631	0.5641769929037941	0.459158701922967	0.1481852896796863	0.1643503181834928	0.6307178763401503	0.6002543700786568	0.5174902924521577	0.3351417054965908	0.5437092692815816	0.4263521905853507	0.5968319037051667	0.6531288328236186	0.7038088839567618	0.5974307115590674	0.3335868634308677	0.4319448660239561	0.5200380801824667	0.4891502635157551	0.4169817998136255	0.0919709060802344	0.4399334446829551	0.6958589106776579	0.3852846028393644	0.6008255856191318	0.2006461027770129	0.1459149711489407	0.5393717734910128	0.3537968222021858	0.1028131869189979	0.5136306926337799	0.4297012709629006	0.3185482316909603	0.5025359148701067	-0.1880036304948371	0.4542589359118214	0.4043982615150996	0.4115124668498336	0.5751335649959842	0.2500836571567306	0.0261362915462517	0.3563102912507685	0.0760285637221039	-0.1532349461391734	0.3928230163875618	0.5280402968005167	0.2339188660856786	-0.1852058643337789	0.5764184365157666	0.5268509531203882	0.6982427468553506	0.531883624431852	0.6242005476159539	0.1065488744640394	0.3669256921674476	0.2539966493958296	0.161381291362152	0.6266034544177894	0.5318107900544111	0.437172826567103	0.3963998918360225	0.1537401580988388	-0.1714270753811902	0.2336322045290338	0.2288409235581312	0.5802817051208771	0.4950650807707185	0.6035819018851044	0.6136208126766152	-0.0391407940703422	0.0783345261024777	0.3254006055493152	0.5632212134616825	0.6388052586704979	0.8172419379361894	0.7748707816746747	0.6762420967344128	0.7448045579717294	0.6754824855581986	0.5448529458866797	0.6173351421747043	0.5874447040045812	0.7194794913724715	0.5452148869690149	0.7194909703688112	0.411030787220137	0.2695847758940675	0.7555377395125128	0.4723959985859128	0.2871678690156994	0.6174067783837907	0.7571638174697515	0.5072207652685695	0.5863045363642743	0.7171879390481692	0.4062160100132242	0.448770024857994	0.5119067887991638	0.3546435149895741	0.6727243481222299	0.5790977136296145	0.578420732417303	0.5619384573467245	0.4773415873808396	0.809381210024276	0.4626417801994376	0.3090040234659549	0.5803722730826046	0.6953838966160122	0.5326755590693604	0.6467354007971833	0.5280643925814194	0.5809708397683793	0.5217917623180036	0.562728011121287	0.4158835959161677	0.6005572944285567	0.5816871113118984	0.6835784795460605	0.5885357162629125	0.28116520535846	0.256005728749826	0.5802606706917763	0.653424866011429	0.4448096289009667	0.5377539871101347	0.5824080119706777	0.6034421784925088	0.748638763410776	0.493894469903474	0.3545110068706206	0.7154562615204592	0.4056684834217458	0.2653185036266737	0.5460218398228273	0.4004774325128071	0.6479965698254464	0.432374543916118
sub-14213	0.1969115446561808	0.15156861586997	0.082711813824424	0.175592234863115	0.1343942242032496	0.418921139522827	-0.0603282763705559	0.2976810665791728	-0.0204148281835522	0.2955481407037136	0.5575089248524459		0.498400282026293	0.1609085777898491	0.0070195534672158	0.4507843500912461	0.3973142145766172	0.0557848040478824	0.2226578157319027	-0.1194676687837414	0.3026938872667506	0.3156812681894247	0.4344172096406002	0.0043083979208803	0.0880073917295838	-0.0923876790764037	0.0162856626889276	-0.0663613512972504	0.2860457408288935		0.2138530465589727	-0.006959256727605	0.1029065827643537	0.0700832956260166	0.4285015330183428	0.1053158580363483	-0.0816711884925457	0.4035724259264868	0.2992863634695604	-0.0193455438155552	0.1838729543865431	0.3606166707689614	0.1690276348336856	0.0891452004391625	0.1956531437008286	0.0836040487441229		0.1594680854861295	0.0753752848072415	0.0142415407477301	0.0050670823832361	0.1586999106369469	0.0734642316984044	-0.0580161090498924	0.3725801320401531	0.220544479780358	0.0719032312279386	0.4753568189887109	-0.0923039079911063	0.1110863231791252	0.1481796412174247	0.0192091540587726		0.1736212653736459	-0.0438771132035394	0.1094598871525039	-0.1627369094140586	-0.0307326207406493	-0.2125586948995213	-0.3377723644874777	0.2029687819969367	0.1367105497293955	0.2065637349452985	0.4338432678759726	0.454507070161873	-0.1545725320202629	0.249845624705597		0.1314649142133011	0.0258604049064128	0.1417055629679178	0.2461484281821003	0.4269681387205638	0.4039487667394901	0.2631445040590468	-0.1838622002188846	0.179367066091251	0.0367114292361555	0.2244787749917303	-0.1003859228024531	-0.3538044759856643		0.1007514557885664	-0.1114185739539503	0.1056518063302747	0.2563377540135959	0.0239726875616933	-0.459986702762506	-0.0257801904391925	0.3311701850588696	0.030328133252411	-0.0170306726612378	0.1937413062661047	0.251635074202025		0.1585942398207622	-0.1443769204236601	0.0659412371635065	0.1064302365946488	0.0457088126366497	0.0286268955699612	0.0224769992587493	-0.0156923065759452	0.1367274761294212	0.2537391734539315	-0.2375359113202924		-0.1475421476719665	-0.2259041140010146	0.0919518985151849	-0.0912458700601008	-0.2473171028620363	-0.2814227326860786	-0.3326725669979387	0.2214685273361745	0.1159259083937781	0.2242627114111319		0.104288906010457	0.1032154545879531	0.0899558143424022	0.712818460818914	0.3060004088212916	0.387709002802576	0.6696388700339643	-0.2001213343704297	-0.1069007558170583		0.0833267147745699	0.1670092054904684	0.1701489653112351	0.1780383093356503	0.1887876220654079	0.1222098137323405	0.0509066611292393	0.1598634470866271		0.1293045662485421	-0.0894213184896026	-0.0453765841571165	0.1362097666762667	-0.1061466272767619	-0.1342417095314804	0.0444243842496434		0.2962764354587771	0.2641374787243236	0.0162727059543614	0.1577416922098598	0.5917730748286358	0.6695943086515823	0.2483683417357426								0.2494131925460859	0.0311467011591888	0.3306520590540249	0.3919987607143023	0.0835984527842916	0.2078673659785951	0.0090186417036597	0.088779082713886	0.1436902473634238	0.1833616064690178	0.1617774183563473	0.0606900574565906	0.0325231106306799	0.0617427015183901	-0.0248241774678749	0.422872882180586	0.2337894280036738	0.7525848207041462	0.6730623672962439	0.3753521618500762	0.4683596509323504
sub-14226	0.24745069871201	0.2121241813834276	0.4864087854812529	0.3291779453674689	-0.0121416796970021	0.2583169981138491	0.1435539181451276	0.4271206856076276	0.1608971899430793	0.3732116386534	0.2080173848343348	0.2952779919330344	0.2344271559223488	0.2538005839855902	0.2192742424773078	0.2544422635600361	0.3174030978412738	0.3466521239997145	0.2819761929705669	0.4418313685906215	0.3666242885325165	0.4452429614021834	-0.1032681648547858	0.6908323197193027	0.8402873105847015	0.58640169624306	0.829921415573923	0.6273019112692757	0.6910918886446104	0.2726721354591774	0.8463776804054551	0.5677780325556834	0.5944767816393519	0.7062699644496254	0.765211132528367	0.7643421965609947	0.5504133392934204	0.2619855890764282	0.7977200912071021	0.4868751251443802	0.4414257268976331	0.5059375553048119	0.6412079660571219	0.3920636447808883	0.2291578195057059	0.5743975189210715	0.355398305227968	0.3019826289234886	0.4794075876746311	0.4568075255833597	0.4335894934505286	0.4194605433748213	0.2933454018358501	0.5738064861753871	0.2411097760303728	0.1215400037010284	0.3037773960545809	0.341585657095144	0.5474956727907638	0.3418590004507791	0.3233985920851709	0.3952646393005967	0.3244098132689795	0.3487742840918935	0.2727490706284449	0.170029909431209	0.4191156481950434	0.2799949477499134	0.2148597443425209	0.3819247005012737	0.3754735982311749	0.4436672012120891	0.3511850343037472	0.5519275962736419	0.3863597620745185	0.3843013814310972	0.6758501337056226	0.279873298803743	0.328204650383771	0.574239788868957	0.5217321625475736	0.2968981719594004	0.4385403599575147	0.3341436512123799	0.4685968679673981	0.2241091756111227	-0.0290600744458342	0.0578975013919406	0.0295903774614042	-0.0152086619403354	0.0166948445138323	0.0645081408337426	-0.0496098574535143	0.13653275350992	0.2657983098373276	0.1721127191512698	-0.0838996668545139	-0.0328141520161364	0.2536128156301865	0.7186031876351663	0.4318801652844388	0.7272919336544217	0.801178879318436	0.5328028308095415	0.1339956468941072	0.5486374253294284	0.6785251883182654	0.7299955142442522	0.7324034283549377	0.6283254365670631	0.6929272949831844	0.4618691722211878	0.6656622258067051	0.7909503255511143	0.5303546515058368	0.5986267980802064	0.1697494963788829	0.6671615990663928	0.4683645619148747	0.5219029922953481	0.7713323782903312	0.640590344116689	0.7010697656483748	0.5009734955970944	0.4984578853454746	0.3663819812743622	0.5569787690585131	0.2956391231171097	0.559398755431852	0.3316621095394771	0.4102404252616595	0.4862265817229004	0.588235286259639	0.534249709810459	0.5503547213504063	0.613632130865676	0.6725340082313689	0.2544509102214242	0.746387319024193	0.6045854650875592	0.5188721688695122	0.7679241655953875	0.6555016166829529	0.763223288824846	0.5136090017444741	0.5837328416477253	0.2453717012402314	0.6369105006507533	0.7373207470504647	0.7238023799870096	0.4823765156065198	0.5056873725183266	0.6551892584833405	0.3927322376023852	0.3966570889642212	0.5543393285939935	0.764370212880711	0.4946644111204991	0.4333670089329842	0.4569869110712573	0.496803266321856	0.5683161822346087	0.2689502315222015	0.2735394586740906	0.3531696443865816	0.1644146497469141	0.1998399585478097	0.0982018666027308	0.2851072171295153	0.4158489805342393	0.5627529896894338	0.5312048707226097	0.5933730134475442	0.7467804993040302	0.478211063152367	0.5800710902956304	0.4546858885472032	0.4179653572757807	0.4999188799452067	0.5033310067416182	0.4733585322427721	0.5153912843366242	0.5377875770948729	0.5088045926888538	0.6624476557423792	0.7067925722198274	0.571449041791564	0.6509124899666202	0.4565866559802677	0.5244726612876132
sub-14236	0.4255788379574922	0.4320354810113694	0.4437224210442224	-0.1271622871242989	0.1624000100129453	-0.0302437420330708	0.3333373030174976	0.4966903373168539	0.5740634635259056	0.5410075026926296	0.2323429550269323	0.6135766178485519	0.5810803622278896	0.6182053052861238	0.8032902440066412	0.2922034702982758	0.6061152101186531	0.5235854758811785	-0.0823736630991277	0.5315491152979097	0.3401499533089299	0.4410494427294112	0.4086220505471926	0.4195129843252496	0.4699541267631896	0.6672715109527099	-0.2073646980111877	0.7536501631944416	0.4293301348749724	0.6401630097737475	0.7555561048880297	0.6406733544147654	0.486981371102547	0.4538380435147313	0.2074976803896281	0.4383184835420105	0.76565736168884	0.8381891006932244	0.4461246396193615	0.2613153840596615	0.28899701030906	0.7945449291013177	0.6923145903943004	0.1501370630994844	0.4320806057972854	0.6943432168413853	0.350230593928454	0.5551256107602065	0.2703506135628205	0.3780067452031889	-0.0420489784645009	0.3255783831145463	0.3655633300861078	0.4125775367854432	0.3219611665752007	0.1651199758775619	0.1977749504442102	0.5540916046312163	0.5270497380112863	0.2887004535772957	0.3651000592121132	0.3992220053986028	0.2444881467771278	0.3236979434821642	0.2486658396867238	0.3932250101336387	0.0083577841194146	0.4014606353817739	0.3962029217299576	0.180108604205826	-0.1859603564490817	0.6603735822646596	0.5057505811112433	0.282699433192199	-0.45644343929987	0.175974203821936	0.4436770123232616	0.0732082485118115	0.2559103887932451	0.0653384003866141	-0.0784623983990712	0.1201585518317969	-0.5286680530330952	-0.3358386550578275	0.5212678496197711	-0.505762923018612	0.1495065076963178	0.0140198260164711	0.2676140514601545	0.1849141929742866	0.2083571195469175	0.1173898492113613	0.2716444913600907	0.1263049673575252	0.1371247288346902	0.2288076325608383	0.5300477538314711	0.7420672802168438	0.2297803910315138	0.3349277779010229	0.5996690194990416	-0.5347114577219316	0.2512868269920172	0.2089004106630097	0.1807422444528164	0.2607749624172757	0.1981224328047177	0.0189378029952011	0.10117070572665	-0.2952264554471129	-0.3293048994118033	0.5923620461527037	0.6042478156429362	0.0259435943229692	0.3275816299677956	0.7897998687004564	0.3093247549908576	0.5597616308589456	0.2066553492574157	0.2382359055482714	0.1115773850721666	0.1257605206824622	0.152216401092384	0.3657251230110774	-0.0526593718016966	0.5869765375138971	0.4848032084582976	0.5664799115219855	0.6296315537766093	0.5420354091923065	0.4260738824039975	0.1170306346897471	0.3649572055227664	0.3397691283614534	0.5799267706488739	-0.0028281482540604	0.0375417552453884	0.0820266977910549	-0.0192879050228074	0.1251466569486042	0.4833201999371124	0.0300164629280017	0.6707968754131005	0.4929387508247026	-0.6112627751969701	0.3463630898519859	0.8134113117615435	0.618591751878576	0.7753846013820694	0.7190892474329171	0.3838987652905669	0.2716505572874133	0.3762135793408052	0.4605281571502809	0.37335163809319	0.4499125613756909	0.2714083740294849	0.2284837715660281	0.0061403863605077	0.0594507170709682	0.0916455760384368	0.3992217925101173	0.6941493999747851	0.7819242149607054	0.7245656566344618	0.3661752734671008	0.276817787477164	0.339662720078464	0.3415246660782919	0.526808998454519	0.5898495422483959	0.3413067613636572	0.2570332126360723	0.3713989872296062	0.4473901639567472	0.7594811378412586	0.5641733024306546	0.3457535198980453	0.377169916430979	0.2914181766826892	0.4495440932465988	0.5152260883664378	0.4574640932080458	-0.0273085799596773	0.1149885772129782	0.176223732307554	0.1603273990199565	0.8473642918217773	-0.0802618799462971	0.1257833150096114
sub-14241	0.7324410667492202	0.2112592664544035	-0.0005472376018293	0.4999240071997192	0.4671744395176652	0.1007931697418531	-0.062966600808709	0.8384141122780883	0.7094468681191326	0.2958469777538334	0.5228867409962048	0.4222325231479024	0.0097284735462989	0.530049801974182	0.4221580354390014	0.7722490987326092	0.7816300572881287	0.7052052888552514	0.6090114995021227	0.1144207365625201	0.1396931114264436	0.7698314546195013	0.8192044132106328	0.6293919388014564	0.3867808805825813	0.6239975268431465	0.8064807704191503	0.7592028684933108	0.6576174443880938	0.5002479719751373	0.603443964643198	0.6042165418421598	0.7649327965909037	0.8355646640901412	0.7797154408588197	0.797055035036528	0.8251975904323123	0.6796075078852081	0.4573155544417994	0.332329628834929	0.340421074071887	0.616135604002934	0.5748306588163308	0.1831415229991629	0.2831258380221814	0.1328324926524265	0.2536542907223481	0.1670573051111898	0.5632069331108531	0.3576534555235744	0.4496328756495561	0.394436511120896	0.2531030817768225	0.3096522531946626	0.4484310879381754	0.2967506621511976	0.4717905317265988	0.7162339860789451	0.2817632798516623	0.087854452730514	0.3497630569845917	0.2532661891047377	0.3271917209335093	0.3309498520254934	0.3971408442394442	0.3963328253188843	0.3826274005274898	0.2969855301417403	0.2288218748689335	0.2830944011284421	0.7170098905391294	0.6302363187215201	0.6043174826769887	0.6283035277872346	0.6805703990480085	0.68435007302232	0.4583400943156486	0.4274383859127474	0.6363973635014412	0.6148753462196568	0.7285110188162909	0.773834937962462	0.6369800755331754	0.6069021981137345	0.833363032284662	0.7707272921342194	0.6444520161898206	0.5472026604900395	0.6941031898663744	0.8086531795682691	0.4724890510754096	0.6092194330037247	0.6559919515865373	0.5504453137678016	0.8430493604793344	0.7413414003459714	0.6606585774316149	0.634292763683075	0.8119980530521117	0.839106651643412	0.263174423488257	0.3704917202326896	0.8827495878923836	0.4385144102047791	0.4800950631397879	0.8297837033511186	0.5461407213944436	0.6815400185692355	0.6023022547784123	0.448993892129064	0.5419135872605081	0.5781046930444826	0.3084187313935491	0.2050080262473942	0.7622359673210074	0.2025484106698564	0.3699448030647954	0.7796379502339642	0.3870107092305915	0.6182339846691371	0.5003105081501721	0.349628534179772	0.3827637975956577	0.4595597653913598	0.6140447278312233	0.470794780584124	0.3242665229992282	0.4288322992570302	0.1673588124931972	0.5388129425509652	0.4319104591400893	0.8608732008120966	0.7454411542964701	0.7205507097716284	0.6384276449144799	0.5306315877968777	0.4150982146482679	0.5500117270546669	0.3864812662676721	0.5210827405957336	0.7007628804402276	0.6635021131090105	0.8223015319066748	0.7069363923169213	0.7473734153221444	0.2927125720122181	0.5468420914184255	0.8226703062550653	0.4953744020206564	0.699431197096289	0.7396900535559549	0.5397327520215641	0.6355798575046583	0.6309499447886235	0.1819905365638699	0.2793221977924046	0.5917348638806496	0.4724367665776972	0.5333028383868068	0.5721880905324825	0.5464779912766473	0.5339247024459847	0.2350603769279413	0.3523986563393556	0.6111156243406334	0.5460597267246796	0.5883373082749278	0.4043546587087096	0.4827649079267602	0.2985953628221201	0.6532418477520456	0.4712375953314276	0.3943994875571213	0.4985045607212686	0.5433035547817805	0.5835043362161609	0.6692778769471536	0.5810414266706807	0.4962796315853668	0.5014738381519885	0.6333809291181671	0.7213332958553945	0.5770344592426976	0.769304108485155	0.8071814576301897	0.8171789776619194	0.7774719930879324	0.8763883435479296	0.793980911103371	0.7765546007241818
sub-14245	0.7575840203601011	0.5863562284472518	0.1995015852588806	0.3361206833357142	0.1723865979788248	0.0999142552350387	-0.0430478647989027	0.8035358010263286	-0.0810880627045567	0.7550491566900516	0.1479679258332185	0.6912770245001246	0.8283613186097467	0.7630890157091444	0.8537767860219715	0.056763880855884	0.028556994762936	0.2595955869861192	0.3527796865416031	0.4565539700985699	0.1857441182415965	0.3412302297082596	0.313595419605513	0.1822507907330884	0.2270959651761996	0.6225934682000613	0.175502306784123	0.669758640339486	0.2039591701023543	0.4972018074914076	0.5658759615099422	0.5118048015855939	0.5894514512140485	0.0903275058576919	0.4006319294062512	0.4091286159297629	0.6111964492234323	0.4291185701045824	0.6046096469651314	0.3620666378106964	0.2405051248776701	0.2084000548711376	0.7663342562950897	0.0522493205245947	0.5090333655166837	0.340419509199505	0.4682269338398308	0.5473965016119767	0.5344410467896406	0.526644632862795	0.2413904712674041	0.0643590276377053	0.0804671384472671	0.1921638386523743	0.6162174594292363	0.1787106352377818	0.2595086933663957	0.3346216083574102	0.2501007482323598	0.1577200056426356	0.2079656284895719	0.6927353497029936	0.1038973151143854	0.2244622182906981	0.1511992576559329	0.1238221312194751	0.1372873162221215	-0.0663570027158647	-0.1090585802798093	0.1208994609005528	0.6148558509786353	0.3821200306273423	0.1993654855619716	0.4264829108840484	0.0480998708787327	0.3098182410489206	0.4487058223400399	0.3091163774161811	0.339485655901981	0.4753370985068413	0.2958932889741545	0.5353099427230364	0.0305817361921511	-0.1623694491412274	0.2749217443711327	0.5382379593845928	0.2478299020018771	0.3052852779311721	0.1540984584545466	0.1346038199498728	0.076767500376488	0.2677516164802906	0.1362616842363291	0.3860464469382837	0.1252493905470985	0.7497319382870529	0.2351343945798296	-0.1351117044914298	0.4508770832392758	0.628101533763356	0.2944275253275863	0.1610990921052831	0.3276640627065571	0.1688726095246504	0.2137165828636643	0.1678507195533147	0.2391069811454065	0.0978489434767969	0.5471119928438934	0.126347155869874	-0.0196628573729931	0.1048493375916921	0.1699925494465405	0.4341497006156083	0.1563793650248992	0.3824596734262178	-0.0775828146036607	0.0853718695498384	-0.1900352707087787	-0.1480488844736744	0.1546501429925035	0.4154276401893466	0.1286433242907655	0.0815732925555817	-0.0230759930147418	0.7359641013879603	0.1784510813205228	0.6956654091660293	0.7535178925191117	0.6992638249205984	0.7647224358548768	0.1777922581308159	0.0557079466487561	0.2885043194522644	0.2452704469384299	0.0384270912881386	0.0613431059605627	-0.2168075712890793	-0.2151383504144582	-0.3507567511494123	-0.2083327591302756	-0.2177761024629753	0.2456835170420755	0.2607909326485174	-0.0856994799060789	0.1854605028060614	0.6830020906173203	0.6902369662536323	0.6119756842418287	0.8049635906418072	0.0489094479452324	0.0670957369718008	0.4282459960613226	0.1004404483006556	0.0251159650510454	0.1699782672482301	0.1002618346039215	0.1043026674266857	0.0773108212017264	0.0223870322221704	0.1140664749430846	0.1326678214323881	0.6940603487486737	0.7961163491098456	0.8153454633630816	0.3146950118866042	0.0664414071352264	0.128255925898612	0.1697231845275643	0.6971603621920284	0.8094158406169233	0.1240735144613127	0.0182520384565583	0.1034717301118142	0.2472936567821099	0.8263998381418747	0.4511568993902133	-0.1122408904499693	-0.0062127729391511	0.3021432097461941	0.0605867889372129	-0.1081459083679447	0.2328079948294291	0.2115667061924673	0.1151882631707139	-0.3213212625431942	0.3521818600383815	0.1965013456906212	0.3011003508134032	0.0434550367132426
sub-14249	0.3822815823090254	0.3150646719705572	0.2225029645383266	-0.0356347364575329	0.7578453126184858	0.3242485000771632	0.1813803242122006	0.7511457591188451	-0.2395722400982045	0.4920448811108897	0.4533179441817678	0.5505782156316547	0.561407087342095	0.4663680614390463	0.2856648374396801	0.266251384776751	0.0935820608257805	0.3879784829281696	0.555321704690103	0.5227915103106487	0.5107912672281832	0.4740727487153181	0.2674647822146012	0.5286520127425216	0.3871164429832552	0.6402095526586206	0.1860211432788311	0.6568656279618681	0.5747768035314799	0.6766756121997376	0.7927839457473297	0.6084609797691403	0.5486189600250874	0.1481763558692975	0.2136451309926589	0.4453239970452404	0.3861966680139722	0.768118283630914	0.5124060273507728	0.5359595851036011	0.6169597562877539	0.6683516568738559	0.6221989655154286	0.0244624471567106	0.4735081063884104	0.8509960853059063	0.2981416996477256	0.5437611941741699	0.5405088425138527	0.4261967375739928	0.3928884576533385	0.3432146350703297	0.3827080865212046	0.407548444526061	0.6650269485639156	0.4212341216651527	0.5841080355216817	0.6183453054336314	0.579670016343766	0.1999175050790667	0.5308209190311272	0.7709161607513935	0.2884228708468206	0.492472139764776	0.4724654701940474	0.4917548446696774	0.4127393999019957	0.4000300437330331	0.3931036343739293	0.2552120266950734	0.106669088124831	0.4601130737857651	0.4983472303664069	0.3272156312226997	0.028908761465139	0.4657585376268233	0.5370210851227819	0.2256467751325269	0.3915101557587669	0.2264393639902508	0.2279621383969418	0.5643626458379181	0.5566856859897562	0.3369598551766694	0.1404663701116467	0.5385337463946032	0.3770258973441118	0.7398738227237232	-0.3931716163106818	0.5894798387863219	0.5340546652191084	0.4488153372099915	0.4976183356148271	0.5005762294758936	0.3608978818745694	0.4891157136830413	0.342775819406637	0.5740020533855421	0.5112084410350951	0.7899537710436567	0.5309258022817166	-0.0677319265322701	0.7732310316667108	0.6559067180990688	0.5508693256649679	0.6472474713766482	0.6367497715089441	0.6965856848187627	0.4771960090045906	0.5905889774191326	0.7109143610204948	0.3524380509830026	0.3906508699487218	0.1521981173049434	0.5810249345089891	0.692493762717806	0.2614843720341752	0.5524465339409456	0.3555705869856095	0.4717746712918699	0.472228643502547	0.467059463209704	0.3613577605610784	0.3003224055910158	-0.172099551560395	0.6688473747736289	0.6023040933167009	0.5287226167724	0.6597651771450775	0.5526502638057189	0.4172004227035596	0.4175984763545167	0.3732824062246252	0.5719655099740321	0.588529257993664	-0.1327891723661317	0.1066427529214433	-0.0964099372730899	-0.0844420217103015	-0.0205784466165321	-0.0538567430553919	-0.315640729437827	-0.1514811206020481	-0.2407704106752717	0.0956294917722691	0.5629918019764517	0.6178939560462611	0.7866709249777216	0.5979137887677041	0.7329703206494709	0.4466667865097513	0.4521741390790088	0.6303640652782956	0.4249622293967622	0.4581552109068423	0.6381541696156858	0.6482179707799627	0.5391927554274766	0.3288395267627019	0.2899628246019191	0.469540211904909	0.4027099674960989	0.6530962221184703	0.6675124562001602	0.5557432203020995	0.1165649670281675	0.3484019932935978	0.6911249886686271	0.360199803267873	0.6298060277024771	0.6762502239213489	0.2833546672153674	0.2425530151070954	0.4700770129970092	0.3388491697261532	0.6869806910379752	0.2042018132784665	0.3729582819329253	0.7552782992978385	0.4257742386869214	0.1319121652808264	0.2496987759046562	0.5870101895099702	0.0872700488644558	0.7124538797906237	0.3910420977415493	0.4093466266769279	0.7288607725269032	0.2860028001194279	0.3861870481197142
sub-14251	0.6674997399895137	0.5571876216153697	0.3507701200708121	0.4827787398429183	0.6839570911266907	0.439227306404936	0.5413127946063436	0.6243486962080047	0.5468996960297272	0.5314380873856263	0.5021971912329282	0.2770199357082658	0.6796411049134962	0.5248558807100567	0.5764956672118505	0.4792399879539643	0.4708160614011375	0.3212321924988521	0.0880473526009462	0.5266044796042337	0.5063534957397868	0.584516042356329	0.6386411802872527	0.7152437405005939	0.6731774046799068	0.5600301801484946	0.7966254452870049	0.5604943975365795	0.7846163454409073	0.3651434647831134	0.6813393473749556	0.6974927392635737	0.5518458741783072	0.6718744201885436	0.6041465506446796	0.5193145477603437	0.4426833949774719	0.7625123305627887	0.8342007265502263	0.8045265966113746	0.6059298389744402	0.7495855037865936	0.8370075604584439	0.6727809033584766	0.375690726335831	0.5112795233666327	0.2987108306022794	0.640335098836651	0.5326877071502416	0.5577313603146741	0.6451532072874753	0.5580456118017568	0.6808848319590639	0.2641934316529029	0.7554164332006157	0.6596743192964398	0.5031558470430504	0.6697416132515635	0.8099736843326499	0.5723763103872145	0.245810151851576	0.3781385965151184	0.1421796988813059	0.6787155120257906	0.3484369736106596	0.5029127342455963	0.5467595760489797	0.4611359915888102	0.5956480650072045	0.279962140567074	0.8458426022225524	0.6633690172786532	0.7007516939745498	0.7878820818080935	0.6928772665584803	0.3804933084545865	0.5299308903205223	0.3804356849663237	0.545018599564778	0.607430120033374	0.512321824228498	0.6651199728916151	0.6239476934660411	0.6575864205294976	0.3205356087395262	0.7032919458492718	0.7672030602321906	0.8215433566793954	0.7547083455136329	0.4386016299371089	0.5798318852865754	0.3314116157207877	0.6591966519517407	0.6035680861162572	0.5973338601017367	0.73133083479792	0.7149240161274084	0.6970251278917132	0.3589526720850232	0.8788172600699188	0.5458618619103633	0.8919798703475403	0.4859434523375291	0.7928180543531064	0.2760351188657517	0.5763016731018539	0.6767972232294044	0.5644193773787841	0.8787674940619796	0.8658509177503134	0.8380571156729686	0.5344356723012067	0.762417179488176	0.8557922024301341	0.4061480169601437	0.7260831215272605	0.3260930592451432	0.752829259536849	0.6329000578178761	0.7109357676457917	0.8629221217257549	0.7967473856494218	0.8844020063225176	0.5140640131165986	0.6216328299636785	0.3496383355472804	0.4190540044123704	0.363667370477132	0.784590273255348	0.5160916057183428	0.757496282021421	0.6198285332786801	0.5908543023477378	0.640068502057275	0.2562836646367561	0.5418590389500453	0.8171580321820747	0.3063735209300467	0.6421335765724991	0.6710558287820003	0.5907016477766279	0.8175678411615984	0.8275778959097777	0.8140102513188084	0.535171045599372	0.3860148782876653	0.4267598268059956	0.4062436146939474	0.6799444649139332	0.4227391028503569	0.4178644077148689	0.4800116295647381	0.2385960400594667	0.2270218432262852	0.3002466437717994	0.5108362244150474	0.5768905336235945	0.4281334529736166	0.7396958270191252	0.6827314806377502	0.7003621466569239	0.5351926911530609	0.1169548223407623	0.6529909452212037	0.341381150192005	0.3400854530503914	0.3136489520948557	0.218066997887159	0.3769286933054176	0.4993295873470934	0.7908593173812174	0.6196701384859855	0.5098689038663938	0.5520552596857388	0.22494680330798	0.5474753120103761	0.613802405874764	0.5494761230987152	0.4639723141856866	0.4050028409380856	0.6092953882921114	0.5591380628873015	0.5865041259999948	0.3566622890209249	0.8703387220333859	0.8588010998882082	0.6015810228270863	0.8227454831856094	0.4894989590185832	0.602242693530438
sub-14255	0.3330332768218427	0.2999228054249664	-0.2198707756722799	0.2713996809015681	0.3348122307955608	-0.2625407435738952	-0.0999362922845238	0.2284489791664848	-0.1420747014167858	0.1124269524358247	0.1538520929948426	0.5561424613272407	0.3768294189015546	0.2795066727955024	0.4324641180592548	0.4407604068362379	0.4569274528721597	0.4274586602274705	0.3126760886862542	0.4278768241856039	0.2729583075731979	0.4965333595724184	0.5472105767699429	0.3301995293916314	0.4163059414700118	0.5303265003689426	0.5503787693869977	0.5727868780840402	0.6497434501378216	0.3056355784915787	0.5131424253387411	0.5216055906494483	0.4122722513701664	0.5229637109998644	0.3240576367613604	0.4717410046618044	0.5877707838747708	0.5385464932601527	0.6597283240328731	0.5787547768545491	0.3102397150592488	0.5079065593919991	0.7555508890444391	0.4308478757649963	0.4940087252514125	0.4443696812087693	0.3841938901030219	0.3841168222664118	0.6621816009803765	0.6029915388911453	0.4822227124577981	0.3174104691346914	0.4206483353084758	0.455102616495571	0.2147768392757074	0.4778607590617348	0.7419307318287843	0.8121900606585063	0.371364179835671	0.6820271944306513	0.5457925034338694	0.4949279186945585	-0.1856415723484551	-0.0216266027100891	0.4348033065847562	0.2559800756480734	0.0860827155299564	-0.2223078500369072	0.0409184186582494	0.0771819194441725	0.4177545329365356	-0.0327716323825588	0.1119319963798274	0.7499936970955129	0.1976778319030024	0.3128911159229646	0.5016493183888279	0.6493466606724729	0.6384617278583181	0.4560733134214023	0.5118666660595063	0.6965565680874173	0.6869525154549563	0.674572991399188	0.6114625120003032	0.4951349850345101	0.6170896138426697	0.5680199044750875	0.5099853450849566	0.6416098168966496	0.4800884996503446	0.2142483351336399	0.3385463009610401	0.7147062514651061	0.5482190578539491	0.5134164702347884	0.161205454333205	0.50601988244203	0.463323661126777	0.7928541232092553	0.1532109051447692	0.764117224028714	0.563943458240231	0.3180943430926676	-0.4724813156559963	-0.2821292327094192	0.4281444130506718	0.0464399951440622	-0.0868340114547205	-0.5268483750687506	-0.1664001182981872	-0.051464125768645	0.3662633387877437	0.7419548985532393	0.6865101628483983	0.5245427386687502	-0.2275617436084973	0.0045485078804329	0.5448608131575166	0.3549370221082882	0.1835397886920989	-0.227516051327374	0.062006119221292	0.1287907398139061	0.3456398667922088	0.4988091662817512	0.4448548535340375	0.4587229083825415	0.631684556588976	0.6193029517523139	0.5794653506105842	0.6029140910652234	0.5098383367155814	0.6441920994922156	0.6528291772580168	0.612600249842175	0.4403496907644752	-0.2106579145982425	0.0263684145705243	0.4383498364632143	0.2516324913674146	0.1699191920128348	-0.1477234815125747	0.1075968068893289	0.2213527113098753	0.4894074440234326	0.1385062156789855	0.3169085321394551	0.6611718211391452	0.4637346265230861	0.4098541506216075	0.0853875550031938	0.3728518888833507	0.3277086281100026	0.2892865555408485	0.4658567370420988	0.4576669864927629	0.4068087647807159	0.5075343335356574	0.3633360302644427	0.4362678572362786	0.4612263345644173	0.7413351978334781	0.282151374343961	0.509567961591231	0.7072627987412052	0.816774934674192	0.7006954404545184	0.5219508969558272	0.2993098540068663	0.5185175261135084	0.7088174404529652	0.8535702298609191	0.7751925674496659	0.6787724481226399	0.5331828072716777	0.4515318568372458	0.159800973832366	0.4008487077943472	0.432605342799529	0.6006764755987944	0.5152872659378609	0.526897713581754	0.5745058285010465	0.724898045940554	0.7187204955020866	0.6395902207056205	0.7491789934453884	0.6615441096333333	0.5727491797095677
sub-14284	0.7312021435303925	0.5468639298659358	0.518108742145432	0.6287279833987592	0.6369132949284168	0.4606029930606096	0.4018312219874058	0.6262757012929605	0.3118274809844174	0.4626405681856241	0.5330575478258789	0.4158248675682701	0.5806708769657283	0.2503245124102444	0.5279831784202184	0.4782121886784104	0.0963660019287256	0.2002926147708857	0.4761608290836094	0.6156643802638674	0.636682414479978	0.6339907497487479	0.4483028192050222	0.6592220415332982	0.6266049970934745	0.7637931522070575	0.4119971497091569	0.6971456638180957	0.5363650518437953	0.4366264374427376	0.6170311994535838	0.5349356998429492	0.5335041352183708	0.5709855759888677	-0.1150044451295563	0.1622103945306751	0.2753417982679838	0.7739126780967989	0.7004173976634658	0.4938815213662622	0.1189222038292706	0.4034766145119253	0.6746300230577413	0.4484186136336591	0.3552538956144104	0.7521390013683144	0.0956447100612695	0.4368171123139848	0.3193799694738322	0.1958628830180953	0.2629062114444508	-0.0184321907302416	0.008460178886999	0.2407724887444162	0.791365031459525	0.5950405621746659	0.4870561938871151	0.7702261389871448	0.5312871026646732	0.6983558313024404	0.5621273412239485	0.6856157173173071	0.2143507684631738	0.61755468638649	0.4885310348483049	0.327589968602737	0.3472520315110259	-0.0651136263772752	0.0123434870463986	0.3372036522858284	0.593425988717748	0.4641784027278407	0.6484365344300824	0.7313927208728107	0.4019597042250121	0.5547463557652819	0.5302597091238529	0.3636414951005643	0.6048681082749456	0.5882474717945012	0.4314941260013575	0.2375017007581155	-0.2203482250890544	-0.3355278706481113	0.2638492798441111	0.4172931850019942	0.3787340546723027	0.245048785679235	0.2891840423204667	0.4727583435388525	0.3556545349196447	0.3741351989636138	0.3332774210729374	0.3093641642917119	0.3955687548084048	0.203583949242341	0.2910079935462968	0.1591344453817431	0.3644417654487673	0.7241973068426991	0.2974616325242076	0.3390551372929938	0.796648491169988	0.1037351600817208	0.7241793765973276	0.6770015802688965	0.5436532712205092	0.7504678319123315	0.4215364901429685	-0.0969559564854143	0.2100571419208652	0.150346246182832	0.3738507414679711	0.6775562402118747	0.6266206646016815	0.3941418919475916	0.3082950919637832	0.6773068203459596	0.4232338439201267	0.4307546153395348	0.4060950239449173	-0.2345519368029329	-0.0098584919047212	0.1642788180350037	0.1849260450030788	0.3732993113167713	0.5663038449105248	0.2552689753248582	0.5122667928599651	0.4781676558922387	0.2781662377671231	0.3080848903795567	-0.3276184902895332	-0.1920336277917744	0.1912027151568451	0.3683226491413101	0.613555576359427	-0.116592936277003	0.376013924978045	-0.0225147817849209	0.0874359313843942	0.5126393008870107	-0.019484487443965	0.2605724280605925	0.2811085057337745	0.195425884229172	0.7211866684598589	0.5818454824908953	0.5482869225126177	0.7997381268642932	0.4190403883263242	0.1222324995046502	0.0307235573157316	0.2789004813703281	-0.09595790519644	0.3626633908093268	0.0376181782473631	0.1242773300563965	0.4742574554864625	-0.1573233388677676	0.1543732115412466	0.4381365969170548	0.5717031936560842	0.5772883092669352	0.9000169719761252	0.1099276697882979	0.1225052343084005	0.0183299622950441	0.100425636779258	0.5028193374384708	0.6407919293004453	0.2594180828311355	-0.0576234572238397	0.0726122669795032	0.2935264811354113	0.5047872648665752	0.0683129316182991	-0.0953856716081503	-0.2208806372759628	-0.0166908119895989	0.3188997667679411	0.1753025067569809	0.1391206496986536	0.2800446780338598	-0.0223638851599987	0.4097685560779922	0.4484949927727382	0.4226082467266661	0.3159645685613222	0.1302085582438965
sub-14285	0.2938546688881913	0.5893183401839146	0.4924187899681696	0.574721012823642	0.480108017324979	0.0581906784726379	0.4767879638143031	0.6684897303332975	0.3909021192123006	0.3035681082140997	0.2180533882744926	0.677088364455938	0.7353787847660337	0.4235857819095632	0.6335735571187918	0.1572445610429148	0.6096383374604866	0.6093458110376838	0.2364410664331523	0.4605158252209079	-0.1381821063119557	0.1766234195840453	0.2782445871750083	0.382919850999318	0.0961627851190162	0.5368835696295822	-0.2150444567685052	0.5166667742386511	-0.2554401398865006	0.2685617743228146	0.4256949045847055	0.2595354882086848	0.1414551936120555	0.4271053401608983	0.5979800735366378	0.4459905187215423	0.391195773646648	0.5765376616544047	0.6285068657076012	0.2763533605937335	0.2779565968883519	0.6063354583525323	0.7659849207321048	0.3709963268447768	0.4856259335594733	0.2396403409725782	0.5191293745843165	0.6815666956144857	0.5380522232844581	0.2334829938717258	0.3762266436944004	0.2931251778813191	0.6093112004301019	0.3358635701954941	0.7265222436901493	0.304422021083486	0.0956350886243687	0.7974908955119921	0.5905201573085186	0.7640453926106618	0.2755750487117161	0.5696687139351738	0.5693771086262437	0.4755233794252221	0.5116147428758485	0.2456744018893073	0.1053223647991608	0.0011949035664825	0.5338949171982588	0.1179538174363649	0.3912518110590883	0.1173568077188175	0.6951765588384171	0.6949738820544928	0.6487529097391768	0.2897494940650332	0.4818702092895671	0.6642809869629385	0.528524387389444	0.6022193351953649	0.3076293333654187	0.1265843278396648	0.1328959618693559	0.6185114371332239	0.1612809563650027	0.1910698266969004	0.4026451002673729	0.5379048699970499	0.2596392199154105	0.1384443724813201	0.1775225866949344	0.3598437743101133	0.4173593409091145	0.2265876017520054	0.235510012762265	0.1956959791692848	0.4421400168334494	0.5762612827770947	0.0438420424937071	0.297678999000078	0.2360229684834734	0.0632410075853456	0.3388677768669031	0.0051303745167352	-0.0454438104926311	0.0288321779264668	0.2632003333696331	-0.2556456510010175	0.5722156994010125	0.1084013512930941	0.0783380562012788	0.4657896344383648	0.6350201954795852	0.6845064662026711	0.4946094559255273	0.5922618482484594	0.553488169951749	0.5548522661597605	0.5148809888500787	0.3214228362341084	0.3760866457161643	0.0894661387022144	0.5545613093328368	0.2361697364484708	0.3817291427481759	0.4772913970541452	0.1406582846341882	0.6344327386863929	0.6367158310090056	0.5792742313182642	0.3273773468673389	0.371468603397912	0.5154303101859501	0.7494252240177091	0.3007364068436776	0.1766032287774143	0.6510149053608769	0.54929537156944	0.4193889672723732	0.5112206318192535	0.2238582733310298	0.0097011458105569	-0.1133460527949683	0.4697194826000844	-0.048398121230753	0.1139111422219693	0.5437801318255778	0.4487323899822872	0.5275574681333042	0.336023597632567	0.4870707656915364	0.3764941945440802	0.4952774315242964	0.2681456172563753	0.3417088541804945	0.2995679674787921	0.4034678875303235	0.2367304906451428	-0.0354093665516695	-0.2985366949853918	0.2098544255825227	0.0325918650429582	0.6759653377447513	0.6604563432383541	0.7078738568509562	0.1533403856080961	0.4448659384459462	0.7698441898722552	0.0775424833288399	0.3341228876926158	0.5301682311695255	0.2105872224276894	0.5327039189356545	0.7565715968282679	0.2421277833556445	0.308341839748249	0.2135893030990295	0.1434143911675604	0.5705757799622666	0.2206023029527677	0.0807168582732135	0.5801712009837795	0.4408192887404338	-0.0042124498340877	0.2493615882205371	0.2251523588569333	0.3949347117855689	0.5254012322264838	0.1975901222077885	0.1211084332605694
sub-14294	0.4981626650861743	0.1956923898515808	-0.0645585147420938	-0.08001785421732	0.2952634820530669	0.5610107095016447	-0.2742740343484411	0.2183401885065949	0.644304792207896	0.3791157227281832	0.1878329672798287	0.4159311475861335	0.241661925194813	0.488069291048724	0.6437014664094174	0.5659369859629867	0.522197027055479	0.8253864725766353	0.2678961920723933	0.6470707648314731	0.4184116134384755	0.405977675121294	0.1512285196570635	0.4429839522070339	0.4821210285614143	0.6750464171038034	0.3254383307621376	0.5511269144675557	0.5061566499486895	0.2448547041707597	0.6787297012175789	0.3862105651085035	0.1975123542232631	-0.0061644250755431	0.3384941960975938	0.2360439125120329	0.1439243231248685	0.7673124352730881	0.7987791100028434	0.3246156914013193	0.2214983364557093	0.6734759928417664	0.5916502650148109	0.4268580074881098	0.5902623084512604	0.6806703195768183	0.2700587926647098	0.4768897714726712	0.458316043234735	0.1954267618037578	-0.0098529252041205	0.4584697168225586	0.1029440975134869	0.3561236134524505	0.8139237906895821	0.32329003419385	0.2342886292233061	0.7101790229285858	0.4698803988439082	0.2930605582367789	0.5596612977819104	0.7447429729510463	0.2497196145146336	0.4615144349727094	0.3809601217009685	0.1101583240120941	-0.0876163826724027	0.29799392460205	-0.044098809199327	0.3196744981627348	0.4327066528393725	0.0061877968120228	0.6486355750214582	0.4502991521521166	0.3855041637370339	0.5053949917720229	0.5872270567885427	0.192851408388631	0.296393090871933	0.4382560404876783	0.1305953560850109	-0.0760133811844863	0.3467650143974418	-0.0927775410724512	0.3887283604869657	0.1961093069918588	-0.0101541816218082	-0.0860359149110316	0.7105105372238052	0.5230869353088812	0.3459033935728404	0.60427891291654	0.1344988075620404	0.6896928168075487	0.674666280766933	0.6093144300547171	0.6062796203054542	0.5538771358182942	0.6263461834599906	0.1564920569320155	0.1966484640156219	0.4638143600836459	0.4710135426094615	0.4519052402620309	0.4184623065888412	0.403835365003317	0.3185274883224359	0.3965466781357585	0.3137102284444638	0.3261697878689749	0.5572278019006169	0.1056638361985844	0.4881854750233583	-0.0444937929392336	0.2880509924311477	0.5301290903561396	0.0791047869749353	0.4710841051557335	0.0769490870729641	-0.265273395880195	-0.3647685174097771	0.0874929443693866	-0.3615019208182083	0.0844851586532366	0.0421024615595522	0.2270850586163666	0.3180250140186893	-0.2803245975811946	0.362118000501862	0.0108087877956168	-0.1861988360553432	-0.465795537242731	0.1592993846133285	-0.0509760128076898	-0.12637819094253	0.5810276585045344	0.3937978751444169	0.6107942630421525	0.2209003072959146	0.7727032073693996	0.7952641629904694	0.7196074603497719	0.7277325366648232	0.8047731850206761	0.6158880814356896	0.6959803382222208	0.5623105196025835	0.6053370848943571	0.7466814713054861	0.5850773824825173	0.3863813352662454	0.483009057890126	0.3915725766633079	0.4812929883420536	0.3861980175999646	0.5249345659838377	0.5258467471026884	0.2520718926368933	0.1498791002564169	0.4491707815509811	0.2016693987833034	0.2857443634080941	0.3639750575448183	0.6468169795419645	0.7314999204238197	0.7630380939159511	0.5361500692911246	0.576834462435933	0.6202252033184008	0.3334772971593951	0.1896665733992859	0.0624708837237801	0.2417295628443357	0.113460056583696	0.2688262312634771	0.7613176283538853	0.65222198778941	0.6052880501047105	0.5859432943383963	0.6398105815852521	0.8648228870019603	0.6507696288212079	0.8093545689141011	0.6236412308783411	0.617095649624475	0.7861057412469297	0.6336520293007284	0.6514487355150206	0.5825155257495844	0.4362145951689293
sub-14295	0.6469632443262749	0.2617202454276098	0.2144033632265134	0.4719995005437489	0.6971158504659195	0.2662188709877201	0.0141261080798298	0.5253298535297986	0.077690144619732	0.5614412492131367	0.3613860921526063		0.3068460601974555	0.2805846433948659	0.050353525129211	0.3024065014780035	0.6243041478855399	0.6442937076634886	0.6080176385901738	0.50530014152392	0.1413697601271064	0.611075713889314	0.2992840309350538	0.4705879200484702	0.1321466506146207	0.7766986184576257	-0.073292374764855	0.6617835377232355	0.5042535063783347		0.0933123734596564	0.3543459756352974	0.2758036232322706	0.4802014814362101	0.6983960398104871	0.1371256897885837	0.4365009032658972	0.6706729736063801	0.6540384404088375	0.3228990869685137	0.613094668742693	0.5864583111341182	0.6435833413193155	0.3232110969199344	0.4652757083613968	0.7242596993257837		0.4070653907284331	0.4742028044707237	0.5381963635364628	0.7015510908994335	0.4373184811321853	0.0961584918389772	0.299674944567968	0.4878319232888589	0.3594585253672482	0.5064564544492086	0.8560149515368647	0.4570309886681861	0.6949192258995827	0.3477633584676021	0.6691247326951192		0.7585206930373294	0.6861110878133837	0.600377710787326	0.5094287750017447	0.1846082072142573	0.2278058981202567	0.2873867215613657	0.4598076495924422	0.4518029279739871	0.4440013342193731	0.538452707053566	0.2892309751204235	0.4137720047066507	0.4997963891971691		0.4287349522319139	0.3959492566488934	0.3675514150959814	0.4634656239894379	0.3764746395338342	0.1730143545052989	0.3493528026677224	0.3203746291548621	0.2500669741768677	0.4681429471856291	0.4456659336230974	0.4772416581359098	0.4243662365842545		0.3581011241291489	0.4329430178983147	0.2997799764322167	0.3065787762345126	0.471873429299651	0.8453290282804204	0.2494779932981855	0.4295421649496202	0.5935754640637826	0.2433610044917787	0.7483852837775983	0.5615527500175304		0.3405978919890527	0.5606848992845406	0.4486151328811632	0.6887479591766876	0.6849869972993775	0.2347755301104548	0.4830620090780637	0.5043561494578163	0.730745667158449	0.3204805942013204	0.6191095353218112		0.7519204311824136	0.7980908693945283	0.7691337017412815	0.4620099998431364	0.0823668182939767	0.1752826607155435	-0.0028550452205771	0.3346715033458278	0.6998076007612194	0.6640161846982107		0.2895273955315545	0.703880293912291	0.6836637377728494	0.5605669708714001	0.684536841538748	0.3820932636571648	0.2332327386305178	0.1116926828205502	0.312805149236493		0.6319926818266663	0.6470938072537528	0.6737412892989871	0.1567623741687685	-0.0590901524754858	0.3844074311340276	-0.1879935746229293	0.6167791519891324		0.289125700431579	0.627892296899811	0.378111238568125	0.5819573339863052	0.8057325744623751	0.4464910422740349	0.5775819122385156		0.405752901826068	0.6292170209611909	0.4694098534262146	0.5407445464446667	0.5197539574248314	0.2806474413485121	0.3697135883873776								0.6373358486140448	0.5171168561565096	0.3693748588699151	0.0498399759292956	0.2937296027349187	0.2562363920484506	0.7863008831561022	0.4911491316764706	0.3839729781217657	0.4287198923983485	0.1589266633612039	0.3922811213441552	0.1682952048519078	0.215333018910232	-0.197746742813646	0.6006759765589974	0.1872049865693902	0.4694378760746094	0.46854292275948	0.6230572972218238	0.1964114294449146
sub-14303	0.8208164048242748	0.2160229096652806	-0.0244511631445932	0.0677633601348911	0.1799184499466926	0.0321654413141888	0.1275060523125668	0.5837881831163669	-0.1179368895190793	0.4098052891222507	0.145830789896791	0.2278474522174129	0.3797190340433105	0.6450362348259572	0.4300332236770576	-0.1023788361500426	0.00733213024309	0.2654138606747559	0.0292577976442133	0.1297437451607095	0.0182708159650692	0.1945305594847321	0.336701037277276	0.0668859175129089	0.1484373485550442	0.5134790360978172	0.0134305968621872	0.3826064475365505	0.3152048955457586	0.22292618070965	0.2325204255178586	0.5714743849849995	0.2719688172372101	0.0009479423123612	0.013774187223444	0.2287521641472057	0.1070213496713282	0.6800296095378604	0.6170416254964217	0.4953431511797442	-0.0106983689197131	0.4317218171639906	0.4910112851179513	0.3301802994290798	0.1192546617428605	0.319359375062904	0.1027881799834053	0.2347507766508275	0.2586260342155828	0.0849149841800501	-0.098466677716791	-0.0900211092085853	0.1839207708857518	-0.0058143007634627	0.7058208233627589	0.4614303563154067	0.0873087197334329	0.5796400794041178	0.2625280572818625	0.4777552428018158	0.0954063245147012	0.3561409896513171	-0.0907467749006157	0.1375788499939344	0.024857935480675	-0.020666862585023	0.0527097504081748	-0.161211771032068	0.0538379469178411	0.0476654601196136	0.7849931092203428	-0.031147726856299	0.5455925193679315	0.3788214137530096	0.6347085228224216	-0.0175630025739699	0.5026079624032885	0.1179451887662783	0.0006393226205152	0.1252562002953869	-0.1765843302938976	0.0123276580084237	-0.0738505604805968	0.2827543603577613	-0.1120670200603918	-0.1262594687728306	0.4614560357935932	0.4565665741736824	0.5019236141487329	0.0032379258625419	0.4660776387431285	0.2526571216030919	-0.089117070301932	0.2696125935850061	-0.2418871807817407	-0.1913817339435043	-0.0604116011936143	0.2431544145290207	-0.2485112810492142	0.2822275130708787	-0.3768146843443203	0.0364867826213765	0.3325823662696968	0.4117315621250506	-0.1803146488377553	0.1757225550630305	-0.1448996683949757	0.2206577487378203	0.6161895763661369	0.2465433394016226	0.17130514608486	0.7057028452178585	0.2725585927806478	0.3445321413286081	0.2867972290304808	0.4641886023798179	0.1142651154429623	0.2880098563068538	0.1496594968743238	0.1344430770772752	0.0101771037203852	-0.1846014310204518	0.1019701616934247	-0.0341372200192595	0.0982635442576499	0.2856321081663806	-0.014474623787252	0.3039400798307653	0.2320244066052779	0.6301727148615891	0.1692676449154585	-0.4723101129999741	-0.2425077021963719	0.0513373728465907	-0.337907287291058	-0.0934511691396096	0.4438495231579541	-0.0113109283712463	-0.0947015093254774	-0.0807276863378149	-0.2277000080332507	0.1981114530275413	0.2159855566898031	0.2238626342668923	0.0887652990309946	0.0927619765960331	0.1059175599031763	0.5557918815746693	0.5793283557001666	0.7389841724295598	-0.112599047107857	-0.2698935753906964	-0.1294733084092506	0.1827415999419843	-0.1552606219590521	0.0405207743341961	-0.0874800267347004	-0.0295512492459031	0.575260853095418	0.3260409966924542	0.4369597838912756	0.4869620676365039	0.1280164566655384	0.4071834273260327	0.1208953947375713	-0.4277497469053402	-0.0400124470103337	-0.0178667719851092	-0.4058105035637881	0.5025002469634955	0.7220381146450098	-0.0849943000128077	-0.2541020539508045	-0.1147927106372858	0.0720155784176573	0.6184252505209034	-0.5123421313839832	-0.2940764334466179	-0.015588698811617	-0.2537721575708245	-0.1247080428246899	-0.2521723913713162	-0.1475713989451722	0.1672198225260195	0.5651545196418672	0.375928407093861	0.7834950302116451	0.5840233089834929	0.3884714279328728	0.1387651162111917
sub-14312	0.7684419067972622	0.6082043330653808	0.2173094323183925	0.614071693541813	0.467010574878497	0.5116059068211583	0.4665462262794723	0.4712502499105047	0.639693807363081	0.5949540306460881	0.6527304921354999	0.1538411066667627	0.6003219153669146	0.4894733395441802	0.5957690830244486	0.6437522838941938	0.4845426379667155	0.5495559338983499	0.4667756727639603	0.5212324343480612	0.099499735673847	0.4645441858984824	0.4110590613698958	0.2302715168023679	0.5309987272458396	0.4433729001614283	0.4509994795324333	0.4827690776302278	0.6948775115844847	0.3941502808531754	0.6216694727988415	0.5612347026935403	0.5800553856203753	0.4634864355785421	0.3951901392454722	0.4579433206027878	0.2369593569300995	0.1272455163158155	0.6737288079074572	0.3456625056419346	0.3819002205713701	0.447989763402306	0.4682622700260625	0.5997426300937179	0.4291154022305714	0.7893567313082774	0.2656426467558172	0.4026676451677607	0.340440018651775	0.3730608860793821	0.6111051252354952	0.574582285691072	0.3449838662003293	0.3414065304010244	0.0136154566252634	0.495174983497114	0.1113666706332226	0.052878878428506	0.0478708566360921	0.1397419539605558	0.1188626282058562	0.2619381030087677	0.1455078688000557	0.1112692660291618	0.3615211384521999	0.1960298700591474	0.2536070368989065	0.2269257420200805	0.4629574175610167	0.1107379945021234	0.4780714278959495	0.4191680305300913	0.2976076788476589	0.3568657419708816	0.6342741868947999	0.4120141769323089	0.6710056944143081	0.1290106988095056	0.2646843802943215	0.3576569442109579	0.3794477881742835	0.5739830792796905	0.5930371001455382	0.1998641672678042	0.4720117583002272	0.2170833439963043	0.3679127344320846	0.2700454056652811	0.3802545958609384	0.3182902062181	0.5461044238629038	0.2433257436445546	0.2831560340138555	0.4190799387907496	0.3815797444078008	0.4200051276635962	0.5047102475891987	0.3751167152153695	0.3637095039660546	0.2835383835185352	0.3675943014179182	0.4920004600087189	0.8370975008558779	0.2544833727739242	-0.335713248389592	0.4569702149966063	0.1705972166323824	0.5191319960380637	0.5798624779025022	0.4589288349899148	0.1373062529555018	0.6156956088496102	0.6269514159412272	0.2053592866884173	0.3438109230997229	0.5538362886639914	0.1093888889528958	0.57983389817479	0.230597408250362	0.4162417189719056	0.2568754535266414	0.1792474788542543	0.1404469814757117	0.2154843100099118	0.1705991988885705	0.3443755473054306	0.4493108034875088	0.1492623397066394	0.5479390092034264	0.3721928105212711	0.3492580732941117	0.3349472342915406	0.1181610147086101	0.1357317688050915	0.4247828280539291	0.5085923804150978	0.4857726483065694	0.1610385265732184	0.329803132945623	0.318510862043341	0.4272739805333882	0.6922322570691027	0.6990347323246022	0.4352234705459123	0.3805158755403979	0.3956242108203449	-0.1030830250016549	0.630352313304139	0.2960233609674702	0.7709633844059239	0.5834931928423803	0.5147385748059737	0.2238397947244823	0.5504503168361463	0.3971139392491319	0.4780983256155274	0.5945478572469551	0.4600906636620421	0.5567945168310333	0.5268367775080277	0.4377547243387732	0.311508325432794	0.2230435875808383	0.5388733303539699	0.2160142215060109	0.2308658453670266	0.1684601748040511	0.3513346281723038	0.1636675286549984	0.3643082807979282	0.6732657911519488	0.5389772096604547	0.3338543215472397	0.3191629029364942	0.4688222564741418	0.4076290299480872	0.4310535816685148	0.3563102366807567	0.5842306964869555	0.3005840407341212	0.5001470771844168	0.3707640736339778	0.2744712047006397	0.5037338491554345	0.7410248073511041	0.4997613934777029	0.6104280390409564	0.4712197498860589	0.4146140431727869	0.2222002243655151
sub-14316	0.7029093907511992	0.1156901553031578	0.1935173056810333	0.8486363722909681	0.8559833046582349	0.2066155876032979	-0.0340478520620074	0.4320604528195951	0.1729159789950297	0.560999083286158	-0.1803195072688665	0.3656800461604366	0.896093727477717	0.7610488377010032	0.3020375792584068	0.0733390948301556	-0.088979351293166	-0.3052761005989993	0.2727284144288086	0.1136928474094477	-0.1516366246242029	0.7838363620722076	0.732592488583949	0.3729694110296928	0.1149756227685856	0.5501423051313037	0.3376366296528439	0.5875347733516851	-0.1114002842470192	0.3275750943533745	0.7415690981472246	0.5965658295891473	0.3021640093176759	0.2352198540906071	-0.1369959840648104	-0.3960688948746445	0.2067094486461464	0.6451822914991583	0.3165141767146869	0.020569304190362	-0.1232399966081229	0.4468922751011264	0.1487787359419945	0.770715697454092	0.1810710549982011	0.4729364402397454	-0.0416521525786696	0.0520524602325917	0.2487120024530605	0.4347077296604888	0.5176480704796768	0.3528380990326795	0.3520556204064045	0.4783864046752289	0.2677259743825977	0.0295220665182048	0.1891765685468502	0.551604165811875	0.1883022406321969	0.4969612021729368	0.38085756001548	0.6019551757457753	0.0816063087474171	0.1435406555248939	0.4184708413476449	0.5897277946466325	0.5235014432649732	0.6258732302692529	0.5945169802143339	0.5973282468215584	0.8087965908296678	0.3171937640233367	0.1309306335996375	0.6016836972704214	0.3628789050296815	0.6707375796110138	0.0027608892903499	0.3255777517031068	0.8458495324698596	0.7745816103538804	0.4182420310352656	0.2711074238019699	-0.0096413559406664	-0.2742164878183933	0.3810158624775457	0.1720242672356804	-0.1043596484096847	0.4423402049496153	0.0571514974941816	0.4898810705090306	-0.339248991073828	0.3152283228610533	0.8882237226748799	0.697343051871042	0.1699505329036769	-0.0499806330427892	-0.2435179762095526	-0.4780532415431135	0.1348426117930976	0.546022255368913	0.5983520049443803	0.3108265862166545	0.8139210273430197	0.5446218623461242	0.3581302856765634	0.2928846845816549	0.5846212015163837	0.6656042465643464	0.6467112706066112	0.5843177607762405	0.3835391473325903	0.557446138330998	0.5037099250029421	0.5620823772891653	0.4535844448199964	0.8300930486085765	0.081295166361112	0.0273544042420371	0.3120692845933465	0.6974526311076539	0.8235534287044443	0.7987191978459212	0.6887079543963662	0.6017129600336514	0.2801489006256596	0.6485270246120396	0.3506057116981241	0.407839372864196	0.4636321447167126	0.524509245345486	0.5264810198115872	0.525933161637867	0.2967945709090085	0.0754484556192758	0.4133677555216018	0.4953256208276171	0.61520521051762	0.0995615382934155	0.1502154772128441	0.4581152648190548	0.6703669206461765	0.7796041785425674	0.5627538114818486	0.4661086540640031	0.6877982634814498	0.4133050349515681	0.5212585066849651	0.5917021404178152	0.8168348588131753	0.787527662397377	0.6296413072423047	0.4786128623887975	0.2203728323234592	0.6487410683203685	0.0406742966748295	-0.2130878723290722	0.2399961009571599	0.7019658045996926	0.8335400241631343	0.8591319757393537	0.8351374589915316	0.6424753438161104	0.3324252961454466	0.4453387024440283	0.3466950339129142	0.2000747380442785	0.1112732084011828	0.0134306030883857	0.4083232393191381	0.7844604752838261	0.2927239082026014	0.0709971271359769	-0.0998277969224595	-0.3538840458974875	0.2339555247803551	0.6347632747039698	0.4578380076824507	0.3319321739150895	0.1015333616570443	0.6247601724075621	0.8179951387431912	0.7312387860379397	0.5486108390498687	0.7356782099817897	0.8649661176436271	0.6973225771415485	0.7840869644127745	0.907768081025585	0.7508124177281448	0.6245016118101099
sub-14319	0.3903736126695888	0.1526886956777112	0.1693772682827124	0.2742825321786504	-0.0443547213225427	0.1652251011521616	0.1701171290600513	0.1159909008431767	0.125565856772542	0.2280638368310371	0.0382818683222159	0.2577628011304305	0.1762399254401416	0.2936640756618006	0.2918322362682361	0.2250914647735236	0.1842015469666746	-0.0270718668830041	0.1707561234819883	0.3766441636738107	0.2766190320445011	0.3683926714735294	0.2424083701979792	0.4112247427019868	0.4540050785138352	0.4681948105820145	0.1168224215055165	0.6820227499034766	0.4127362877560336	0.6035139500493262	0.564711552326413	0.7799596539352008	0.7976826346578908	0.6037677449620662	0.6011749413155972	0.4066151967572454	0.5083478759978182	0.6624645841276261	0.749808694284654	0.3576298845760934	-0.090848979562653	0.5087067583681362	0.4357067365398299	0.4979795510271703	0.0543042215164578	0.5378669407768922	0.3491062271133359	0.2089325541644269	0.2270595084415748	0.3022319965643865	0.3179110455080174	0.2264920071615388	0.2906177753590224	0.3077263586315037	0.6586229032763228	0.2362358417331095	0.2796531810347044	0.7823180034696722	0.3070263517284687	0.4877797449602155	0.1652729252772963	0.5919303742379127	0.3511663308777848	0.2824630962986722	0.2394440455204083	0.328156415560894	0.201606500344654	0.1815780238133481	0.1965955913749253	0.2177921643887469	0.4727196995842471	0.1126494385101764	0.622451339671634	0.4255746779918452	0.6663686526868186	0.0695441052002311	0.6973875390947749	0.4586953042783964	0.2275819462881126	0.346945356511517	0.3261745068572457	0.3861602628121866	0.3306103054447388	0.2378841491446746	0.3458039638083013	0.2123869136203615	0.2583884704854216	0.6104468348919346	0.4080945802008031	0.1014577782366266	0.3669685716534974	0.2349934443001321	0.1744945095356038	0.2390768117151491	0.2106687673117552	0.2000843987009133	0.1407568303167233	0.4513041097870022	0.2498041958294215	0.5584638659776349	0.1271792252342435	0.3379078497256311	0.6098117385896284	0.2115528232530244	0.2572270150002292	0.4491585982032812	0.5350783346873516	0.4192633832096193	0.4012154404991214	0.4480200222427436	0.3405025712902646	0.4601954936054739	0.3485542640415759	0.4960413502301775	0.4348816818112812	0.6435039975079173	0.4316579101632383	0.4183336625848341	0.5300776757756623	0.5188541788882928	0.4511851037800737	0.4843238961841973	0.3282330768125515	0.423127384416122	0.0973217693765795	0.2373858809552146	0.3875151667105221	0.3814970617098662	0.2774957411165739	0.3328241480374556	0.4298399390728319	0.250862837005477	0.2749484584367429	0.3115528876263992	0.3253396163392729	0.1013407886584954	0.3594360850307306	0.2501746837182282	0.2627113009728133	0.2776873350850978	0.146101899692516	0.366869934407684	0.3129542891522101	0.3175583038107411	0.265380794124114	0.0742071415036358	0.5470224143404895	0.5812142570022646	0.7134725620482911	0.7875879428611724	0.6984077078963201	0.6111835881224547	0.4286666378365277	0.577314367432043	0.4210598299520061	0.1177325037636803	0.4475505313314933	0.3986487221424686	0.2989905926788901	0.3604633962876153	0.2341854898709484	0.3124940593668333	0.4951688703365392	0.6343101607072954	0.7321037541148191	0.6142574385261189	0.5742992181891259	0.339007547798283	0.4963948776649441	0.6697113297766908	0.6046115636443838	0.5261947359135692	0.5501525309519655	0.4567289296602555	0.3659504169227357	0.8161309260583529	0.711025838202724	0.7679248362163782	0.4536086376651956	0.520801984737763	0.703641635595835	0.7079697253616977	0.470328929183554	0.5219274228902725	0.8458841708365483	0.4821799407097118	0.7014958322258605	0.3745909983132905	0.553616326278882	0.4775470413528762
sub-14328	0.5207150334080515	0.628512364947367	0.2956974939052431	0.5743741598445733	0.1673305091889209	0.2428903152705382	0.3058892482064871	0.7126104216928112	0.4251202873819379	0.265123290295761	0.4916322003331189	0.3955712250993091	0.7720951805917273	0.3197901694732399	0.2314763062229487	0.2612984377048694	0.3644133374518429	0.2471485977424926	0.1814848425850694	0.3794178393587604	0.1849686351239589	0.4587050225861958	0.0098007658750487	0.1761880472015025	0.2320049441329347	0.4709599764013895	0.383313424104611	0.6363193331150143	0.4168649732058152	0.296443897259862	0.4685451958872808	0.2876180907925335	0.1736355754323148	0.1188868325366328	0.4564171091906404	0.1272635189773837	0.2296092010880506	0.6745800179731064	0.693135932286842	0.2485885216710027	0.4382180605111826	0.701811807348075	0.7575435956028572	0.5668401865901641	0.2386473701393153	0.7097198497840792	0.350447508820932	0.4141038879809932	0.5465737932878254	0.4896759955630527	0.576175551091978	0.4491082272944483	0.5335373634242784	0.3874410359434752	0.5340524482439876	0.2593621602373209	0.5225159314448233	0.8255650466502437	0.4985327019231139	0.7142158621011794	0.0762967473988472	0.7557764341466787	0.2716181858095531	0.0960281827825688	0.460204419107807	0.4194713422061747	0.685489512157724	0.4584373277872794	0.5597485572530249	0.3492257472143827	0.2791244923128769	0.2335680603316634	0.4361896740660268	0.5849124388805121	0.4487065467965042	0.236313262423242	0.597960791001343	0.2516986286263173	0.3455296719827082	0.3781228383664034	0.1347606113562886	0.3092753053808338	0.3956196852235462	0.2924465186948113	0.251064062439311	0.2769893007706432	0.3128707113355391	0.4364995449495837	0.1257078698948445	0.1990816746548592	0.2617644581045886	0.1469828253981633	0.1967250557285226	0.5695707685565979	0.4282924316106697	0.3987932498191053	0.4472136995082023	0.2350494674490252	0.4086160950507494	0.5578515347882961	0.3680184534169658	0.6008752720754166	0.1955667281055342	0.418116660075946	0.4449565457848558	0.032936330195601	0.4633662735902889	0.584936271762921	0.7627886395960136	0.5485381867429626	0.7311728351986181	0.3991941274016009	0.5508713970103227	0.6911000050497659	0.119978341807227	0.8370781912264338	0.298865886672007	0.1576062509317966	0.5148152075042506	0.5249765176656467	0.7393123170791672	0.4889964976148615	0.6000014021411322	0.3661224977810856	0.4651472895051712	0.3769912983313182	0.6286100725549933	0.4238195206960255	0.6338919009210274	0.6729882348438879	0.5303428555299406	0.5123190418745718	0.574588698699815	0.41492617400206	0.5586184104248331	0.0851675619872912	0.6390082957644958	0.3080783758127953	0.180759233199148	0.4047647904577353	0.296740536057045	0.6337616398162677	0.5296058128079913	0.5937918100025744	0.278322835947393	0.206756819047458	0.355761749518348	0.2643808099905346	0.4051012274816544	0.4732799678453966	0.0937184073004192	0.3778536182897646	0.0964135358909476	0.262735638073816	0.3408162973758817	0.3211748623752207	0.5223020512165909	0.3966442788764325	0.5886874241033544	0.4476420228810752	0.4347340005990181	0.3381460669019073	0.2711473753022473	0.4320578934296858	0.4180341833649887	0.3757972089065448	0.4217356141253452	0.3048010689008212	0.2977158453231418	0.2250900784079639	0.1454688416239561	0.1563731998951662	0.2630813651804447	0.0807848554535014	0.191773535538608	0.6886398703217811	0.5678640423318568	0.5521581033090525	0.4522299158518676	0.7485534263563055	0.6104067754689506	0.50217589647942	0.5538352657230743	0.5164298553363704	0.6589029316794086	0.7663230080189758	0.5210160350136467	0.5626242057425783	0.5420424970295181	0.3464077532468865
sub-14333	0.8878263682752573	0.3901364950542277	0.4337289345104	0.4634999731320292	0.0165691191036724	0.6657135665129166	0.4270271998960725	0.8092430164108639	0.3979726425902954	0.8317408873025812	0.52554711661957	0.7253165636430661	0.7609685216520077	0.6885098790371428	0.805980674320103	0.4134154103366388	0.5134400779273152	0.3958441120610794	0.6665081168571934	0.568081357764254	0.6273682121752084	0.7038237198927333	0.2315469377403489	0.8708995691283022	0.6394466010486771	0.8035905400029653	0.6717918245790047	0.9226521137253334	0.645498759025484	0.8583968108157672	0.9222175117180396	0.8435210469836782	0.905533820872508	0.5956882108062903	0.7372683435241545	0.6326055320636449	0.753503201858235	0.5957921442411571	0.6640317164017868	0.1515332926094915	0.4515254569249801	0.5238707816984304	0.418478566646229	0.5914721359576549	0.4925593517342213	0.6086441708725367	0.4054031691956191	0.5232235030093672	0.4007957986511989	0.4348291925560226	0.7813563388923314	0.6340098894912993	0.4520905733540912	0.4351809159089235	0.8159056577435032	0.5740550830843124	0.7082483585187751	0.8530930336991414	0.6529781604578362	0.7562240318946412	0.580323246597047	0.7923051448836056	0.5638834386778723	0.6709458376033745	0.6673749927599077	0.5821442526270743	0.3662602764965227	0.5446794583367651	0.5356882601181258	0.5805704012415845	0.5605760152595057	0.7133045473491304	0.8033328756879808	0.5912677084189188	0.8540487942444723	0.6176356835752967	0.7413959294556532	0.5950676225559245	0.7242780314062648	0.6805232464724112	0.6108309993447358	0.5720207425630978	0.7154199415507981	0.7014634130956954	0.646711786897466	0.4451440382571474	0.7535880112024286	0.2015892398345907	0.6789741075647356	0.212357975725232	0.3603970030202186	0.1873350501920779	0.3865077700949092	0.3590653627900524	0.2140815010001909	-0.0374183949437229	0.2998426236150016	0.4898972518069305	0.2102497201510707	0.7542726938905234	0.7146829963827354	0.7445698790067711	0.8819304080796065	0.5642995353900576	0.8865551789418199	0.9013577999432216	0.9249059867438671	0.9032723029736952	0.4721290652268992	0.7547051025849888	0.6936194496310374	0.6516054268810677	0.5766540141590493	0.8900015930623117	0.6285839561979318	0.6498080670157137	0.5852544913395937	0.7177829827221415	0.737804848113165	0.6087104908332215	0.3513664553189886	0.6133541750557263	0.6514818218393272	0.4927400786153953	0.5042768547822917	0.7537719287335575	0.5881857085108109	0.6845801510867214	0.7093796408040342	0.67606734419111	0.7245769248205937	0.349733269574721	0.5638142077243602	0.5127191497232906	0.7578864935764591	0.6136136924507845	0.590107565236756	0.5753838125231302	0.7227894844103543	0.6958527423505229	0.5891493487871222	0.5723624776027917	0.7464004291865823	0.7846025613001232	0.5532267797582363	0.5712957037078671	0.8831205496646705	0.8524451919820674	0.8803827115177435	0.9433440961024036	0.5162844595427352	0.7202612513523486	0.5968627930513986	0.6432430453067705	0.5520425947382568	0.6039954088503147	0.5828693159044763	0.5917923047379189	0.370367813808813	0.4813037665910668	0.4524781831466042	0.5659201820208027	0.851288853805936	0.9105702809438054	0.9185350945390758	0.5058395377341647	0.6996454360966496	0.5825642588616765	0.6403376169010147	0.8580535979153228	0.8780515162450178	0.5644579686539588	0.7490931025957446	0.662891339217923	0.7030095496598431	0.9059155603194584	0.4576916965579771	0.6839950383286201	0.6196999550458318	0.5916982283640981	0.5190826802654853	0.7080097132667948	0.5927825734373954	0.6842994516904283	0.7735670393518603	0.5872003213475613	0.5352114174795023	0.8825029003641881	0.683869759751249	0.6406476991146245
sub-27999	0.6344004298401487	0.722968993093162	0.4974774558364598	0.7784829733360618	0.5704097544619671	0.5928944632880936	0.2625623097425693	0.5535884006505974	0.6341888994305249	0.5376852963686732	0.4873606635206752	0.4461716008825833	0.5206104482753418	0.8013016862244443	0.7201568706405338	0.5296237299797328	0.6132859956645107	0.3101518894090792	0.6394385774482444	0.5342058068599559	0.5702607479440784	0.5573431492717126	0.5656789434640146	0.7338003477786643	0.7814856927902735	0.5129425786511701	0.5869144234641427	0.5813946289961848	0.833610173822877	0.4535435376858667	0.7751814762446455	0.6751146228485693	0.7665693989631561	0.7877551191782279	0.7740382546778051	0.4916053300543908	0.6745168845801609	0.4265664601944122	0.781122331478354	0.4419109986709338	0.4390205644682694	0.2108961746281322	0.544442681861252	0.5263705030098499	0.4295694450971917	0.438691253310758	0.3386526568668948	0.3854990124914059	0.5776658850201606	0.6116136423233475	0.4799819380677606	0.5804683683825949	0.4177975135160768	0.473013268177638	0.5059846608883254	0.4335771275555095	0.4077512465856391	0.5821879099674173	0.4606866212147957	0.4177794538858875	0.3465454879768767	0.6869395801465455	0.253378736840892	0.4632906454520921	0.4715367663282288	0.4624279823740135	0.4556363186081463	0.4193681230757281	0.3943161821187029	0.4446909481619218	0.5563618291372661	0.4679364665122038	0.2596834051636554	0.5118822637837348	0.66481235537296	0.4640979272334036	0.5630222735445617	0.4015328085073724	0.4082309311908976	0.6936600889644673	0.5906934881594066	0.4938307092089349	0.5607539312204759	0.4129899711275512	0.5746617034307792	0.5997884863516498	0.3699050956548189	0.3068643244420879	0.7814684237128982	0.5260512772456065	0.4923609295361162	0.4578878610372836	0.4928461046752646	0.613212825431422	0.5312781861332864	0.5010305153096125	0.6052724477050291	0.5987579917396597	0.4974570757638092	0.5940621525223158	0.332874933891278	0.6930867419437864	0.7618444372449261	0.581862642647262	0.6075332767900145	0.7845685645915167	0.5907838776085479	0.8091667824289505	0.8231784794383732	0.8354902026744278	0.5097344052029499	0.587426092894004	0.3836726931131865	0.351977627239367	0.4486952824819694	0.8501708630881989	0.3179815921011821	0.6751140435432496	0.4022406797905379	0.5625094422675834	0.7114987989419698	0.6363348100333289	0.4838858248940795	0.5317193417919749	0.4272074087333629	0.2989243463486252	0.4763672022773482	0.2838881741662596	0.3698536150467825	0.4764552283804698	0.4618291399579774	0.3863946636695473	0.445810073950446	0.3224850541238312	0.6058938658383968	0.4684817850354934	0.5174716695001566	0.4578825390073624	0.5297203647480992	0.65443714156261	0.5807565818344171	0.6670789543254205	0.7393356712655276	0.5940362970240655	0.5367698961062356	0.4356236349852693	0.7174071384876408	0.5643490214993988	0.4572034193108715	0.6530716562960505	0.5611205869428465	0.6387343050963664	0.4577527111671777	0.421742382257924	0.336129340765479	0.6047259698207581	0.6211036109352644	0.6047414760427431	0.7052742697436793	0.6595921626192146	0.4959820433486379	0.5936783501393733	0.3785410811019416	0.4428136721903181	0.5100992973851399	0.4208626236025404	0.5262172352994259	0.3129511670713352	0.3639877571482275	0.4790217102476778	0.829921601074106	0.7150694310726501	0.7496001861252319	0.4441062960767483	0.5717391995026787	0.6927799804845227	0.5512419881532261	0.575453897801347	0.3545311766183826	0.5936350365886156	0.6968267243134055	0.7567968329822048	0.4273303282074565	0.6341526590496618	0.8976995396854278	0.565004422570533	0.6476300669237117	0.6487906102058161	0.6263825080981369	0.4195592562511972
sub-28001	0.7361049943116442	0.485421685643122	0.1495222859017356	0.3813830748987857	0.5357476007800877	0.3846475317756487	0.3952030171152375	0.5334846541088996	0.6227159974582174	0.594524687956437	0.5202892932533656	0.6750119125697901	0.6044205322306108	0.5207478340422225	0.6090284515165916	0.2768586712535902	0.428584910494278	0.5069007581676338	0.4022386583436038	0.4403354272771151	0.249979223597602	0.3963260935902431	0.7505816907762327	0.4998733665572238	0.4371003850058549	0.7086578403372881	0.6109727121320992	0.7553791490666771	0.6237927894420378	0.7608371882860976	0.715668357770909	0.6877149465683281	0.7869589514963137	0.4315870728390384	0.6698685057653603	0.262240216474397	0.6189871752341954	0.3701935701209711	0.2738650061092246	0.2793064319484378	0.1427453245228764	0.3214056753055024	0.5058598453493102	0.2442087565922649	0.3542930121240912	0.3810688967593015	0.3709058847307321	0.3270815182094578	0.3395361239987027	0.2850027219687873	0.2666354299253826	0.2526751067554047	0.281455982380183	0.3484262883655242	0.2750020765544166	0.0846231786926361	-0.1975667931789952	0.3682636015027482	0.4022460884821206	-0.0316798737731148	0.1886951112578298	0.376064707039884	0.1049251406769294	0.0773389475784003	0.3238204572375904	0.0166124592155396	0.3392471724275395	0.2136547802251535	0.214544852340064	0.3647023724426272	0.4097610785586382	0.0185765428382455	0.1549660095278612	0.2976782954677512	0.3479584221317957	0.3769174300590495	0.4120430647277943	0.3620532492792347	0.1686145597246095	0.5271717957939122	0.2483266842451313	0.27840612940732	0.1409863617117698	0.3570464932479766	0.3473300693037421	0.6426246512948165	0.3259350665025443	0.3874723726169065	0.7167021060096898	0.5624864667836884	0.2832850800462671	0.7626077751214678	0.666878007024371	0.5576807925155812	0.7722471142001445	0.265167178868598	0.6208665817185474	0.1763241525423108	0.5349731121259227	0.2623454203644706	0.1407782209322687	0.5469381520711665	0.3424747417339593	0.1650194275692743	0.5535578245285032	0.6230258456604918	0.2198089415240938	0.6582262050149802	-0.050800919484422	0.3090690179142162	-0.0507500415195382	0.1296037105043866	0.3749918688961275	0.3447336636048216	0.5725749025644338	0.3011291295004609	0.4621967718103517	0.466619009658296	0.5022389371325816	0.4045307534040027	0.5533608850735863	0.4310317603925748	0.4124219755218586	0.6153886917630851	0.2575486050052757	0.4676520811951681	0.4844935428520391	0.3999390251084751	0.4291107513196324	0.4246710215468674	0.4151736309641036	0.3797690166040759	0.4803001293335317	0.1538262721785363	0.4933150822245206	0.5128515920870571	0.2794766825202283	0.795957253632144	0.7023345301215326	0.5177040626166184	0.6633353493751171	0.2411746633098582	0.4083734123253532	0.4533730824029245	0.4123266996031926	0.5102244846589065	0.6540849917898158	0.5721972598902132	0.8444767582915732	0.6699918052080718	0.6061743091156246	0.6071491857573457	0.4493855636984836	0.6540003867682584	0.3861044307852526	0.3032016720393841	0.5645228623008847	0.3524203707144582	0.4288156451297457	0.2595362222522377	0.3155373810498756	0.2804918110572101	0.7844526749820755	0.6184192927456106	0.8076326433428141	0.3420348180173944	0.5513611951816374	0.3732085867929918	0.5641529466960714	0.4050023035011916	0.8165598990090858	0.1742720743303241	0.4427812909383699	0.2598204506930159	0.4630766111258887	0.4945444345459133	0.7316081512881057	0.6141782169216466	0.5870050864939627	0.7066014360963285	0.2461683963197229	0.5856180949296363	0.1711388238741183	0.4361094876205212	0.6488781688905831	0.5947577153694854	0.7234174147041814	0.324433879656218	0.7029174309232361	0.456072167654299
sub-28003	0.7606978729771893	0.5959983798593183	0.3013746995863263	0.2438881130839235	0.5164867323219223	0.4982004953603872	0.1742997185716268	0.5828237782101855	0.4359299452285045	0.4846396740897869	0.5602403449814626	0.4210839668837396	0.364509913066354	0.4908056330407942	0.3647313358819168	0.2947122884719383	0.2972953784676603	0.4956545377745444	0.2745294839880804	0.5977270004600806	0.0454705395663503	0.3275058129963822	0.6738482393579228	0.7289032763303718	0.3150800127433667	0.6710077799747137	0.5961664635423968	0.6969706059568181	0.5668665624260574	0.4437544672126789	0.5288729018822999	0.6535109126087102	0.5933905110961999	0.4001776420273048	0.4073008118667089	0.6282019259896919	0.418098380328644	0.3799453191272112	0.3684800929522598	0.343937096173889	0.2887412314553875	0.2319541201734636	0.6118190314558519	0.2404096584795214	0.4242444457230764	0.7229099129216761	0.5080323160022242	0.1631918773100008	0.4691919470287887	0.120714348529781	0.159685844872019	0.1505633106239535	0.3425903493189272	0.2076028029341421	0.2848108444627229	0.0936878867455057	0.013362512684619	0.0828820988295668	0.1528714930938932	0.1443357804764794	0.0021383969244143	0.3001364117502093	0.1866204003111002	-0.1400911328651471	0.1285585133536008	-0.1684567221460604	0.039764848014641	-0.0366966655414184	0.0627074452776432	-0.0674430474817848	0.3672159561902685	0.2243895082785295	0.0540090093366388	0.1832829539890248	0.2144397511046311	0.1703559068651816	0.2113615588017559	0.2571195613658551	-0.0973971981389663	0.4593616582085686	0.0709177103471046	0.195920112303758	0.2937721399852774	0.4519106850988281	0.1905678185390865	0.6704639447058388	0.3884223387533481	0.4813853327238127	0.6076004124806329	0.6379485821796148	0.1477984771857109	0.4234013899517536	0.5082742166356552	0.518879070387006	0.6149276302574356	0.6731306007311061	0.6634684262777123	0.7786813811997323	0.6689054094739758	0.2362355955468264	0.4876565842561818	0.6002581742875575	0.6233992325464954	0.2651809786838032	0.3599037637972396	0.4396919700880044	0.6060029044384863	0.5628548314976384	0.6099321972486872	0.5072916413724422	0.5809321210638596	0.5385780458996311	0.4757654399633782	0.297408781338137	0.3701096691493741	0.2376426897747307	0.33728876446535	0.3864758810379659	0.1793173856118758	0.2922084030018545	0.3716835278118485	0.4424849628065547	0.438550199088741	0.2695621731274559	0.3421881114311172	0.5142995511485654	0.3953930758216727	0.4073369153478982	0.4937991747090072	0.4220894728660298	0.4031229632174146	0.451934676859174	0.4055525795663342	0.4727850944168661	0.4127787636828367	0.5455032007329327	0.2597464307103848	0.3551674780258593	0.3523898803977648	0.5569623558930071	0.4578675547800538	0.482506352995449	0.3853584385933545	0.5331252595216793	0.5215903621936019	0.235709312623252	0.6482524396690802	0.7499752831549912	0.6880211349267532	0.7370610174979897	0.4827302003293734	0.461559314656589	0.5733104370555376	0.5157014308788213	0.3577298674835414	-0.0688716437966947	0.4241912100038156	-0.0468472534138228	-0.0545714752905446	-0.0365229592645873	0.1325362752229426	0.0032160574543646	0.3732902389393396	0.5490212526285293	0.3760365282671183	0.3668255251089264	0.3735193940917408	0.4555421170321517	0.3705924441387135	0.2593866777377501	0.8593403388531022	0.4927464321344745	0.5158044012895265	0.5504601925809407	0.398323576358111	0.350524549703751	0.3860612120107441	0.2907279995029048	0.3905507029328898	0.4259931495478729	0.5198026550836938	0.5621282779395039	0.6383325255269482	0.4280688968558642	0.8256988693090802	0.6781349804845146	0.8163401900545576	0.8328092242158217	0.7100767564360575	0.6369944780539888
sub-28004	0.7172191465795843	0.6779559466417275	0.4598009410762596	0.4127233858695691	0.028973141187203	0.1308997419511627	0.6405319952695262	0.6533948155768218	0.2628523289164912	0.2819311366488244	0.567097876119708	0.4548359910321432	0.219325214116136	0.1749775092343264	0.254851457001741	0.1055898925892151	0.0323488784335879	-0.1463033081406736	0.1069624932702331	0.3854426232399528	0.4275634900002973	0.6275849387477062	0.0216963799663779	0.0990521331724646	0.5767947686965673	0.2503092144859661	0.3188798068417813	0.3445653027116009	0.6034463162665031	0.6101354842511449	0.2060022346748977	0.3296852371127038	0.4016813433495784	-0.0246218266892828	0.2045363212546317	-0.4103279911184558	0.3344492435680789	0.3020414576158676	0.2057409260014332	0.0596975226420622	0.0457352475598767	0.5322851570331176	0.6299436954285348	0.2017022866127311	0.3242035840838456	0.6085485051735684	0.3684426087499496	0.1160938673181813	0.3330449956280412	0.1631670494580523	0.094250442369267	0.0110280445253612	0.0380828801631732	-0.1544152324623409	0.1644576589115549	0.1108513578076464	0.3167129132499188	0.6728161895793198	0.35485647231417	0.4300112075659513	0.2024201518941626	0.3768551866917866	0.3389110723323328	0.1060952664797732	0.0673343282266405	0.0923697042654047	0.4124704477261163	0.0308019438551255	0.0317731122910941	0.1768931293928882	-0.0067316595969276	-0.0568962095393746	0.2383067810763373	0.0429721114556964	0.0992015298634974	0.1546311072338715	0.363008055493867	0.3293920046056764	0.1212354348911076	0.1469311658317361	0.1525855679213555	-0.1685403801078917	0.0813061261208574	-0.3402407036930511	0.2243161447037783	0.3700300722462017	0.0700775018201317	0.35599277961843	0.5200274563746662	0.4755536091484394	0.1714379158444559	0.3320055708019808	0.4208228914446974	0.3147348181357931	0.327106134126088	0.5898580955371804	0.5705774551858345	0.6256882915420149	0.439461944646318	0.2472488014545757	0.2576442453974967	0.3909766489304954	0.5011566584346496	0.1464543559928456	0.2313549092203622	0.2897310523037399	0.3231619501082933	0.3977015781683735	0.6867621071550081	0.3105407973670847	0.3809783999004139	0.3472859217081661	0.5377718504163453	0.3642406398986606	0.401309562444538	0.6405456824083136	0.4857807500155791	0.1824955753269264	0.2469237150423437	0.2430584715321085	0.2862692495054947	0.1292109293991531	0.0081062489268885	0.0569007683910692	0.356198599183113	0.423775291342143	0.4430261877908603	0.4071229769616863	0.3513030837914882	0.2197771586534675	0.2710631545804463	0.4852603727718144	0.1713492303801699	0.3509232806932624	0.0753362182103233	0.43427037690707	0.2979039531215316	0.3890593159545765	0.2865022066644734	0.2954013732965801	0.2631594192235521	0.463040508406065	0.2817777017886117	0.2791075017370583	0.335153919237821	0.4550450302966461	0.6601442292332743	0.4923743047814274	0.8093755083787135	0.6007392726549793	0.4249581956073371	0.5406844021755249	0.3768818214507851	0.2943096400017048	0.6388802702636727	0.0867884571861841	0.4362287195017669	0.2986002696683009	0.1841712958461745	0.2456917877878785	-0.024812442016895	0.2543992745505192	0.2567265106594625	0.570756594130104	0.4029916624362604	0.2738353600131967	0.4050149030488101	0.0609364579067544	0.3942470610564824	0.178124253250923	0.712022597667865	0.2635043476702137	0.2138975676840713	0.3056697004437268	0.1175461650485004	0.4266365104981197	0.2394998183963693	0.5436979272315204	0.2205222315550647	0.2102492540924115	0.2426585529054781	0.3732171059692972	0.1456166246542179	0.235563582144802	0.4392555146642379	0.6726727043217243	0.4256668356882333	0.3384923467187198	0.5153258823144224	0.1308460426560599
sub-28034	0.5869139749720934	0.1499600432561973	0.1836998246468959	0.2074316198777002	0.2818960100683798	0.3403510708073228	0.436361207060025	0.3922599591737192	0.279610152691404	0.3153094093361228	0.2657595411386729	0.3646721671804722	0.5005151630321154	0.2024029458797459	0.5253229601995574	0.0688721785230039	0.2458256256816333	-0.221151013471313	0.2668704637751486	0.2707653194079895	0.0490389060009797	0.1529621275660365	0.5022662747707224	0.287340765860438	0.3358621827546262	0.2888662641002194	0.4825306948812114	0.3384780474556125	0.3419720422557512	0.3212744633689869	0.1521378979314488	0.1774312641515647	0.4057935640331278	0.1954062908331619	0.1884008636960222	-0.6409600173724759	-0.0601644008394069	0.603810701991662	0.73064629720208	0.276048467145262	0.2052154207881158	0.3424703120818722	0.5829358794539594	0.3442079301772209	0.3203670834800178	0.6338976089219946	0.2261073434941365	-0.1194666357219175	0.3251883656355193	0.1149249279203209	0.258210872612494	0.2016838287117859	0.1133572279524321	0.2142211679578652	0.7123922692521439	-0.0054007361507574	0.4042202417235919	0.5716844377959858	0.4820717369421308	0.3442173643790542	0.5221413002660168	0.5580127690190642	0.3540988449911576	0.1688005847257664	0.498506235527779	0.2378498194287997	0.1842898284473606	0.4167415978008201	0.3060637571607578	0.5332927142896589	0.2722890114630082	0.3279101368220116	0.3331689690684942	0.570052258154513	0.3331136162101022	0.4661237352665215	0.6849045851575298	0.3535116673841127	-0.0467213806463185	0.537580060241504	0.1222324397414282	0.2611905191177494	0.3478980610269233	0.2686582964622535	0.4876936197136552	0.413564246963542	0.2035490492227931	0.2359538865770154	0.6285309481519605	0.4075872487790559	0.2064070902687747	0.3317069816116355	-0.0587765120587197	0.3269990348030361	0.3464834652993508	0.5241642540916145	0.3163988488384941	-0.3808557948125693	0.3326019367477886	0.5286138406888192	0.229894340933027	0.6945723995627582	0.6240994914540853	0.3865058994400871	0.4589567121526781	0.4013494699532994	0.5606728866280254	0.6271196605028124	0.4989751533302488	0.6414031523354019	-0.044430157708163	0.5318033636973436	0.4083327921522938	0.501295136996344	0.4567254453897892	0.6215423692803406	0.4610741668404665	0.5132820466609356	0.3225750342482266	0.5812800770286009	0.4056466015445742	0.5366804240309098	0.0476721664824254	0.334458146760849	0.2674612471771206	0.3638044101094578	0.3806336187186343	0.2913598382607235	0.0409389966582711	0.3751516078851521	0.1898182787138131	0.1965377957376823	0.2468325544277514	0.1120482495095272	0.3659552746657881	0.6704911556433706	0.5287305877768027	0.4646875853361081	0.1062587990881414	0.5785683503241997	0.5063047660743701	0.5909199437725486	0.6784342639328734	-0.1981250468861184	0.3578749648241046	0.4699569528974379	0.5779892210492374	0.2172492555050496	0.8465947773760796	0.4867796167866764	0.4105459121018955	0.4703260776261092	-0.0315676552583409	0.523639307727138	0.4442790790779731	0.115667795130555	0.4483055131863622	0.3450021367408193	0.2762004022062325	0.4515780170074123	0.1266062502002621	0.1695428218771498	0.3203399008987768	0.545441954999624	0.416095640478864	0.3008593600625444	0.4568827708217279	0.0590594209234022	0.3288873538536964	0.0823080589379897	0.64838285777847	0.0676401391407807	0.2752598039588416	0.1570463463343612	0.2154178490842855	0.292383642675414	0.4317998158451479	0.4630262253144681	0.143098901143401	0.5781326649934838	0.3264120794832326	0.375386370761872	-0.1171887857992035	0.3164396726597125	0.6543497665950465	0.099193714839647	0.4859251117172481	0.1977787142669297	0.5297817897477108	0.3088580761247055
sub-28043	0.7023033019637972	0.3743813495246544	0.3365521111430028	0.3508499059068763	0.4949163438049573	0.4841004300192027	0.3212814696511225	0.4330162996102772	0.4186499509618889	0.4974754727989843	0.3689624117036379	0.222681274831056	0.5462160095327778	0.4776661047757657	0.3876721913635152	0.3338650483383825	0.4369426440492095	0.348172855213478	0.391066218944242	0.4146031494649388	0.4276821861113803	0.4053958167530379	0.5163385455021825	0.7368806931534477	0.5649769460040153	0.5597659893165119	0.3406324083540805	0.6966958216943403	0.6251809032465245	0.453272187805067	0.735333666175915	0.7159605493424996	0.6580898639666584	0.5595747801429303	0.6209505801508208	0.3901242769442352	0.6193010481524822	0.8490818779235899	0.7603769104984788	0.611999324912692	0.3740689302881272	0.3725025228116978	0.5109020518698373	0.4748323585298205	0.3770027925380367	0.6102782300211862	0.3251418301827207	0.364165948400322	0.497815042694903	0.4841997977814192	0.2787905293065013	0.4390045032546794	-0.0142546846753089	0.4004164246545336	0.840912604611096	0.615323610825498	0.4429315857590659	0.652295160946398	0.499636504963006	0.569285197475496	0.4849455108905737	0.7460705257553089	0.2993307355923363	0.3515989048203278	0.5726881598934177	0.5225333395300117	0.4580428696414339	0.5483633091998333	0.1467730109161973	0.4636480608481432	0.7808751469812542	0.4167811340352789	0.5286842774083746	0.4733220193843697	0.6717115879689219	0.4399215355346659	0.64581717441278	0.2959214831998636	0.3760879444609684	0.5646889209067777	0.5446832767135236	0.501349227149673	0.597516584231441	0.2307802628357853	0.4416076162999277	0.4044249118160197	0.3815824740613044	0.3863024319167856	0.6032786037842507	0.364146206039763	0.4798770535367842	0.2714744561180742	0.4353703425963622	0.5055570458688433	0.4628571440621038	0.4958039049325989	0.5789478086316033	0.4532247802943403	0.3629642890624514	0.6438660433793081	0.3067840945153244	0.4914947925621412	0.8418656643242096	0.4940269376848935	0.51023688295108	0.7180857887990717	0.7332129510814265	0.7281553348385669	0.682877898083471	0.7575609710659883	0.3100681532861793	0.7092915124302706	0.2826077933635208	0.3896158934651821	0.6547874330934064	0.7266330089060967	0.3557790032574829	0.4370960844522934	0.6675591672108452	0.5797892892072299	0.6201983204315861	0.6435947975297781	0.3584747211566891	0.608554946119232	0.1918366947152799	0.2620802422153468	0.5157755642049539	0.3122833516625011	0.3503663528105761	0.3708455692355005	0.3723912646956899	0.2514168242469423	0.2885101759222997	0.0427922544215918	0.3753960406363787	0.5310890424073038	0.401945682565141	0.2733079084059493	0.423654902031049	0.4623439277517568	0.3968624122619309	0.4572855772852033	0.5528776499873311	0.1964656035362826	0.4605169128093845	0.5442047789011711	0.4439728090972403	0.6549431110031638	0.7442113909831505	0.6757478877353337	0.6925366406936543	0.7504042664692354	0.2646571610996149	0.7588078463465002	0.3481033131706483	0.5190583154745585	0.6866102034136062	0.5607151543905197	0.4715778235787125	0.5499916733013742	0.1578535324826609	0.5681661568549299	0.4414279730758733	0.4329687298983149	0.4542157779600929	0.3496824235234553	0.3976726332960009	0.1228830616455348	0.4514407370147093	0.663191442256589	0.6350011165073394	0.3739381359523642	0.5727735863251451	0.1504973534156673	0.5923905564603594	0.721029143285479	0.6238863760954044	0.6752805970816904	0.2498432611880928	0.6608027823356927	0.5765881807994813	0.6513961861799471	0.2338410622842147	0.6137244004395082	0.7926370650009337	0.5947413354208496	0.6342876369548072	0.4518078493401632	0.6779401160775166	0.1990529887645475
sub-28096	0.7885760791341554	0.6175078079934716	0.2381399311596219	0.6711647457481216	0.6840069931983888	0.3751294280005561	0.3556229542580834	0.705055635959206	0.6263163662340042	0.5598386015503176	0.5620744341656003	0.5501374739562793	0.5567518887451567	0.5350823222674568	0.6706763851835771	0.7197354233893837	0.6723989705275993	0.6779334352643598	0.723795086736385	0.6180395506361063	0.305850241344031	0.5226245480466871	0.5864580487968185	0.5174425576568178	0.4793792713323909	0.6176694321180095	0.6644829096098124	0.7386845388765209	0.6215361653837047	0.4148728944360977	0.6503125102769711	0.627932693053839	0.8038557999355891	0.7750593894102571	0.6927005045912942	0.5911917796732082	0.6942608894883723	0.34222805492336	0.6818827749666956	0.5272964508658701	0.1788019346275458	0.3128378863520514	0.7884367383544584	0.5828383223293665	0.4443695519091861	0.4909617594417961	0.1650931910119664	0.2141062698215439	0.3865371422371561	0.490408467771665	0.5782513840499897	0.5437109532056634	0.5753522685915138	0.5381394485453208	0.3793202690840897	0.139304435805113	0.3548867222097187	0.5087321692199284	0.3048055863155514	0.232025670917327	0.2584204385423302	0.3386250356628169	0.3354211287679259	0.3199481317729013	0.2219010268425025	0.2733663186943805	0.2742820018017841	0.3336437596699106	0.2182561641625116	0.2930946465441462	0.5859726141411536	0.1875917682823991	0.1542123038795026	0.6620322171654466	0.581269879054321	0.4525711873952938	0.6189172458628837	0.4606334832991466	0.2662184613706131	0.3573409316330581	0.4734464172872674	0.5098608366750341	0.5059122087609291	0.4714291061353396	0.5839962208659786	0.314008232237715	0.199138276030181	0.383872027860357	0.7016372186862391	0.5067509684570191	0.6274631863633288	0.3129799644886728	0.3328160537449519	0.6306691247036457	0.4960221410161535	0.6922089124831317	0.6372910458094667	0.7639340972095942	0.6600289849820344	0.5144126236399565	0.0873666289641681	0.443543307735349	0.5977848593965369	0.4065470717379613	0.3780649164710287	0.5126032878638589	0.3899045749668854	0.6178841910440711	0.4880725516303997	0.5576582274814395	0.4364464825922525	0.4025281445161737	0.2755098123184022	0.2070137021095956	0.3533586512227495	0.395391933709753	0.3327260342740534	0.496179984414406	0.3846923189383081	0.3964472391983279	0.4482587577033253	0.4718996402977189	0.3806950062121897	0.4578582336445633	0.4816501940357575	0.3795820427747889	0.2998969255752608	0.2488821750740104	0.2898192769879199	0.2584306703183646	0.477142374942329	0.5396860259146818	0.4975317723843005	0.5162901393678263	0.5204921920523709	0.7026205859142984	0.5436766786302462	0.3787396195131707	0.3763006233043661	0.4934845524466709	0.5551253864664565	0.6784689852859463	0.7067249089116037	0.6718797173296632	0.6762517700054517	0.525988242563423	0.4434913169131482	0.4842519218997605	0.5761580851707399	0.7536872693186619	0.6978360231876347	0.7027503511878629	0.5236584103951412	0.6025869820462485	0.3875869951289388	0.3748919696140323	0.6435107449922579	0.4783309221592424	0.563503713661253	0.5217285705671433	0.4640106277845461	0.6128715717699466	0.4050465043766938	0.2970858278960209	0.4408325327420397	0.3453845849717978	0.395766974764293	0.2702020932647051	0.3957395993728139	0.3646619208599801	0.7229119843161238	0.6350684935155358	0.6338869597440712	0.4127280374393415	0.4881835014970245	0.4839446508920354	0.6678999600599052	0.5544087720798812	0.526189760149002	0.5499716875999126	0.7010692747316437	0.6640909698604593	0.5225716375963289	0.5824975499682669	0.8889974926970861	0.7545690736900483	0.7319157434568905	0.8124375007530555	0.7237758844173067	0.6514078334543862
sub-28129	0.8425824747791058	0.1033625968529507	-0.0433288268960606	0.1222291723434175	0.1235250824819805	0.2711113837455083	0.1651303079631453	0.4951611609548995	0.0510365200541569	0.6679577852802159	0.3010398376526579	0.5506640132268362	0.385063818442926	0.5196504902057917	0.530396516798396	0.3582621171783373	0.4218411139625397	0.2235123373432226	0.5570083703706524	0.3126802918927643	0.2372876647567499	0.3237695130357631	0.2849672740191438	0.4754040609478164	0.5247978612834007	0.6330780636477373	-0.0077731019000364	0.7813430342782143	0.5193572371058194	0.6013458273958536	0.5804659981021436	0.5557474219544798	0.7175804231003826	0.4185142007697789	0.543342479169174	0.2193462358367155	0.6901529223120395	0.8463207160024129	0.8183462224288134	0.6228646636580919	0.4214283789370911	0.5760136653860627	0.7602328712708621	0.2930082872968668	0.246897702523804	0.6747665758642307	0.2180442754250413	0.5433511862650139	0.2325274655335922	0.2486004342247645	0.2183003938111352	0.28584079011253	0.2125521443549939	0.2397594015459188	0.8002423148359505	0.6605688247382309	0.5744337096855509	0.6609013759214027	0.5551794284615886	0.1870656655049195	0.1979963789245686	0.6959788340999682	0.2038811152455582	0.411813096995966	0.1490908642587513	0.26975948235588	0.1434083706096907	0.2990430248007678	0.2370866826684291	0.1722871334744756	0.7758698854231101	0.4281769229064435	0.4185582883936952	0.5416424866462216	0.3708210128899906	0.2813576442694699	0.8036022048568492	0.2105741700769247	0.3976944858436473	0.2309334733205059	0.3086821056948935	0.2671052380308138	0.4217369991218757	0.4408655972700102	0.1319702660530953	0.5867206629454581	0.3509228595953316	0.4428957799327014	0.5045845030432488	0.3219326340920198	0.540875044650921	0.1834297647420359	0.2231758014011856	0.1563011603303542	0.3790556854249337	0.4782477391166273	0.586672081229692	0.6487021689453591	0.1920125599329763	0.634651834036293	0.3833073130452592	0.2325355963688536	0.5377670648112738	0.3801503065206962	0.4657785003876553	0.2288747783899639	0.3910739521827295	0.5631173602436902	0.5528600097392881	0.6046582275540047	0.4458677890741389	0.5107660616022074	0.579262383594506	-0.0027474644447472	0.4184731359437824	0.4533460529336701	0.4032213538548196	0.6211934417854219	0.2632488658762297	0.5218365585698642	0.2757245283752365	0.2889015222528627	0.0624193330582404	0.5102780529890901	0.157460922752204	0.4290641401666977	0.5492021489025916	0.3845203975192892	0.7154040779873745	0.3191291061015016	0.443410778293227	0.3155328798574504	0.365189081140105	0.1667847340688332	0.5199981134228235	0.1395848117823569	0.160145075737049	-0.0324343024364908	0.0045553803398486	0.2365695242740671	0.0465897173111548	0.4085920772605151	0.3403959218439451	0.3879579481017628	-0.0647598841449987	0.2789340174856369	0.6127917315075168	0.3321867241717346	0.6900788032662061	0.8022626584644209	0.6250169874757515	0.5760648539224346	0.3604755010592098	0.5863036167267448	0.2706293290704389	0.5903936687462775	0.1646075438379087	0.2920874203425417	0.1243242535065177	0.3528524139861157	0.2563790385130723	0.2647052930922092	0.3101476046236485	0.436830251705433	0.5217848625473518	0.3725615601584218	0.2652994918857749	0.1652166736849177	0.5175648287523666	0.1660693568940289	0.4046437920157296	0.1421804399189351	0.2078438900805054	0.0499385164167307	0.4885643285666681	0.5090013706090005	0.4777246450595837	0.4437030751651122	0.1601801287496256	0.4022706517675671	0.5639013113315275	0.5510782738242651	0.3080000085518546	0.6124487873915002	0.6349557370890105	0.58655761796363	0.4586427452659475	0.5574965320845081	0.5177711516442681	0.10615265019645
sub-28132	0.7949819076267087	0.1354619858865934	0.191286813723008	0.1849235467441885	0.3060799551119989	0.6364811644440158	0.0171848286487188	0.5499905092434705	0.0863244738331768	0.7676146674262588	0.1815070455906821	0.7330873760307371	0.6598035515899816	0.5958680027154376	0.7421870696859176	0.085321214214932	0.0194419057076072	0.204769398567059	0.2547681850576602	0.4022836803374003	0.3747549375562252	0.3966648409490134	0.3809966485040338	0.6222440590271692	0.3083720777381992	0.6142304412813933	0.1161189838879426	0.821466545356504	0.406623112522841	0.8114789895792219	0.7611299334013992	0.5913770854580761	0.8084766936582951	-0.0143579324179248	-0.0292046648778872	0.2017805570989542	0.3087919121956817	0.7663278055794563	0.7128754403124826	0.4920424992230157	0.1634545733391834	0.7374549431053858	0.6886351696664946	0.4961254177740981	0.1554519955835593	0.7753251863136964	0.3384041886361888	0.0868727635621401	0.0709569528015424	0.2225180816741043	0.2674572860424813	0.183344578617293	0.348508077925664	0.4353302053047799	0.5984618501785401	0.4326490887692434	0.267626659482536	0.6206210771552648	0.5980903981060309	0.5287558186726524	0.2176186049698305	0.7516370070351237	0.2862011704642149	0.1729723774998368	0.2885264622462484	0.2561719982071314	0.2881343202543687	0.1396177124465924	0.3903925967219614	0.3283713747253122	0.6468024604166062	0.3126437081323978	0.5879616462294706	0.5025902137447412	0.419100339213954	0.2374003504376818	0.7822242029233774	0.3596894279388938	0.2259495408058151	0.2935147509424206	0.2819390352590369	0.1603220793125354	0.2213674157833227	0.398314174454892	0.2221055403588765	0.4113416535980583	0.3699714306995764	0.5568551754999961	0.4768347379589188	0.2169169552634528	0.4590654158638248	0.376010971793683	0.1148806653084025	0.3659121723050713	0.3545074763713367	0.2981082410312362	0.3837030390588515	0.5716231496665904	0.4278879424794437	0.0237982851858655	0.4300009130534331	0.3499498975293748	0.6341026378528076	0.2552106547069501	0.7547574506664071	0.4816833589741344	0.8257562901025937	0.75398427478294	0.4796173548989486	0.4399318620066761	0.4495639087788139	0.5093811518105333	0.5734526897970403	0.424818894883139	0.0741785001026542	0.7768009485185359	0.1347832999526971	0.0749460697688075	0.0660051089548323	0.1153917213447943	0.1597769560729839	0.0416343870166958	0.2419455266478781	0.2920617020456232	0.4252135587862504	0.4510722973118696	0.6601648428585384	0.5997931711261255	0.3198874104598578	0.3753505428282408	0.5693462222132881	0.322440644890517	0.1076963225861012	0.2509959395740527	0.4142363033695016	-0.0635324880697652	0.564300928048203	0.1543595287685307	-0.0615898636978668	0.2600253124572951	0.0843253688124031	0.6835980037448357	0.5300800592582554	0.535587628083146	0.4946913857095265	0.200762597005425	0.8122533886784192	0.7754084139030508	0.6034308515268781	0.908376583979887	-0.1013939101628866	-0.1501334423120053	-0.0012230554946101	0.25724324373326	0.336625991385057	0.1279228659258998	0.247238055300683	0.2468746354637673	0.2955629222591657	0.1303113428718315	0.3611608060106063	0.2656670103537136	0.6268860022697322	0.5858436984007276	0.8793634544519817	0.1630007519626011	0.1085978240618885	0.1789921586772112	0.4063532637836638	0.5624441971118915	0.7239375176936992	-0.1942842279075029	-0.1466837157230641	-0.0061531268586438	0.0933319220408351	0.7016096878760412	0.318931973679274	0.3042761655285588	0.3666244580045005	0.3081474939928151	0.1130630318431861	0.0272019439931348	0.1208273998130256	0.3528064079683677	0.7776247821522164	0.6065299659744295	0.6435496436525311	0.7623666574610561	0.6104509072176498	0.5860397645862363
sub-28146	0.7304429339744903	-0.1175437804538807	-0.1619943963361294	0.1551335609347816	0.2895119516841161	0.3770634590576576	0.0572701874314235	0.6834486776844939	0.3541316877349369	0.446739021814264	0.0783451867874447	0.4079821601904879	0.2053261846944704	0.5786469666286331	0.5740454803520836	0.2632245403980038	0.587542943494426	0.2274534068310532	0.5566073400436603	-0.0975142864479826	-0.1051274499240081	0.1948340626947731	0.408698524866613	0.5135983290922103	0.1949964348733789	0.710474673859203	0.554414674283502	0.181555699199045	0.277827403724581	0.5455467500925031	0.4969617437392933	0.4486516226840046	0.4440814287353359	0.3751545053877093	0.7184878683588527	0.2395444822487339	0.7054426566840886	0.814325412147597	0.5627787095677967	0.459427149990424	0.2580177225506087	0.5977146842071218	0.2236143567515938	0.2193757740585081	0.2228277733375852	0.6756762699068364	0.2354418724628245	0.1387326789739049	0.236551159007673	0.2009320095278848	0.0560853558930413	0.0022563721249919	0.2169679524847421	0.0064579604935173	0.6514292558406948	0.5753794169201742	0.3014165452520765	0.6058368194201091	0.2421629763679215	0.1420949021236359	0.2461054724670502	0.6996682996646203	0.2997173656618067	0.0789641835863012	0.2891488003797366	0.2595606578750273	0.155437748524341	0.019053206490282	0.4151016558556338	0.019894345178025	0.804855616835246	0.4309164445036813	0.4053208428265886	0.4162113763686575	0.4265502431818052	0.4257845287400431	0.6248934039944164	0.3914701041388158	0.1160714067595994	0.4736463243233395	0.4616441257060696	0.3333981856374108	0.3158384080842493	0.5472107297110628	0.2804871733981797	0.4428630050275732	0.3846046019696493	0.5070277185161434	0.4796139769558362	0.3679478614710396	0.5967189729832587	0.5024274247070145	0.2831247238569286	0.4863820575178663	0.4552158841159702	0.3897248566627879	0.4227787627824028	0.5271895731506784	0.3941566601352261	0.4889529291776946	0.5821049479159771	0.422172445409349	0.4926191188607553	0.3551704329364187	0.5593104134476649	0.2910383385344311	0.5080103551109105	0.5295322905928415	0.5592128091829757	0.465519330064666	0.2981752394211969	0.5882936521792963	0.3618890137720181	0.5084444890374652	0.1170069919188234	0.4859904692028323	0.248143668789563	0.2566377025527612	0.2577573817067217	0.2130187618508277	0.1852464809675524	0.2170400792146437	0.3000670573215304	0.208871839304036	0.3912682134632863	0.4350009175185039	0.4002908346985705	0.6287999537128677	0.4651164244791544	0.676345753310603	0.7062436572601156	0.4565333031103092	0.6342355577043461	0.3873905052060564	0.707111506178639	0.0667216189167637	0.3449424627024791	0.2884595475040171	0.3015579518953459	0.2842815144798862	0.1607910367442347	0.2054523690298021	0.4432877782842149	0.3351746972986991	0.3563809864327146	0.1158317303388768	0.3475150330687802	0.0334961167401415	0.5916218178354633	0.6857293527311821	0.3783088309297344	0.3062139439382676	0.2908053806364309	0.2386241883296364	0.4409518857744798	0.3017350676168846	0.3382379233207056	0.2973099615606031	0.1913950597747215	0.2335835654924501	0.3444434918773835	0.2348371168812198	0.3704181516869716	0.5330837099852023	0.5452095953017576	0.4764022050475924	0.5315660168796779	0.3761387729890311	0.5992196303643176	0.0334590642237842	0.1170066979156079	0.2356309918916485	0.4098636924653462	0.0424080567196671	0.5563894013225874	0.8202651870114954	0.3102095666534141	0.4707809405764854	0.36145730235292	0.3684295603620925	0.3311712853963039	0.4599659680317447	0.3314054137665448	0.4314529004814159	0.3688108897938326	0.278531699981389	0.5920595791210734	0.5188853685321139	0.6023094795862155	0.1694383268498887
sub-28167	0.8709151598193926	0.3628629440917031	0.6026960959684118	0.2119976446659268	0.3959125087041673	0.7862716414735177	0.7352127655771143	0.7012998231468874	0.6122508362299999	0.837201729862183	0.5030604393361272	0.6553696506962512	0.6713468971054664	0.7810097806616504	0.7750631379044288	0.3673041221026419	-0.2147928859228323	0.0927280444727902	0.3768644947845438	0.4696866703870531	0.7570932500683786	0.3341664059870176	0.5278110488626265	0.8800343876778516	0.8783527616850053	0.7546476731148024	0.7516531261514767	0.907159351431412	0.6928989975590092	0.7978560417711378	0.7053992772145444	0.8686322272202601	0.8763826281738609	0.4780040160170692	-0.1161642900108541	0.1697341542643387	0.4606533033683773	0.7092936063669685	0.6810718372392532	0.3215707345369585	0.4487123376376816	0.5699789194407017	0.6630621760584438	0.4510151089335555	0.3983106427345483	0.5627687885174489	0.4657358595524302	0.5833935125753603	0.4517974425781929	0.4876663300929411	0.256916482731058	0.0325028003011674	0.153767540058623	0.2611812876194245	0.6335424790175782	0.5307445063888091	0.7346884177946634	0.8250559742601274	0.8216614044413028	0.6246946984069998	0.6696566329031975	0.8489544289518732	0.7208965785635912	0.6816309559254122	0.7154728677369375	0.7076629215112927	0.4033952210870437	0.036948117110768	0.2450392767905349	0.4379549249799106	0.1926167215970007	0.2795259155144667	0.4052903979374872	0.5804940122129503	0.3814300214599789	0.2315871720216737	0.6022170982966684	0.3995121959034085	0.4003098203031114	0.279908063785639	0.2772898066152635	0.0973249324854331	0.2381494293153635	0.1626355055493142	0.0883427555404436	0.5920142276528596	0.4971430195139843	0.4962070169318007	0.4990731219648077	0.538681127146079	0.4893254711232704	0.3601926108346895	0.3048618981745483	0.5502609341553835	0.5516620756084729	0.5003465199474569	0.0469568462116671	0.602588480291636	0.2252258795176182	0.8638686749391328	0.6899909667331127	0.7601014713031745	0.9322359894477492	0.6456604790654259	0.8019147616077711	0.681025595418768	0.9450734952494576	0.908007831583613	0.4774090857508374	-0.1616038925976712	0.2302979272364904	0.4972710631688625	0.8156394187208923	0.755563472451184	0.8425731550213714	0.76234373715284	0.8123591571006633	0.7366078002647819	0.8664452262695116	0.841631869542731	0.4012784459521308	-0.0914573910321819	0.1927319992951515	0.4764299039047523	0.6158589634568422	0.6841677753286801	0.6974818725590516	0.6519194845262871	0.7130103790511169	0.6656609336263306	0.6746382392171685	0.3802096296063979	0.0122368552824648	0.2358066769452003	0.3003981804514484	0.7190517828558607	0.6004732783769943	0.6973387477068286	0.543991677915515	0.7934004449884717	0.7012846370415297	0.3611164301048601	0.1393241616324344	0.3313498703203869	0.3809397121488815	0.5859123262492066	0.8169892441698207	0.6823166396561307	0.9171605690778324	0.9455092585030758	0.515144785209923	-0.1416062718616073	0.1483099802168875	0.5129620907917258	0.6366228388382931	0.5020087517769581	0.6333041557952612	0.6120176523384305	0.2646303317195167	0.0297157466466087	0.3022568460051507	0.3294247407633593	0.681314721450004	0.8001819606000309	0.8131524327282165	0.4571103781469858	0.0532043068855081	0.1614533814405375	0.4887985214794246	0.6445939963277199	0.7220079049913892	0.2588908376559438	-0.044458147252831	0.0905357894386662	0.3607287739072232	0.8970917335985814	0.4402800870970665	-0.1502737431376904	0.2207242805281178	0.49405144896083	0.5682856011036336	-0.1224016095789139	0.172287575892877	0.5311953660876926	0.0011874531774422	0.0501093573868372	0.2696925237351881	0.3097896968366752	-0.0524371599255639	0.0357078507861237
sub-28176	-0.1128593735782729	-0.0098695518664671	0.1916201292104669	-0.0280622303211687	0.265264420944198	0.234246671362539	0.1217702828462535	0.2437204691044809	0.2485832523692113	0.5032612156665633	0.0820763716648195	0.2040202767566672	0.12209961206874	0.393432698974281	0.3244477404282936	0.1968244286002841	0.2187609555562311	0.2180914282320599	-0.0357590740936595	0.4506290405596358	0.3710376234007397	0.4365816349604517	0.1606202191737741	0.6155941732800445	0.734685659821554	0.2990377824049178	0.4541369548111723	0.2801709376489774	0.3148390042988729	0.2634060630697952	0.7516791039994318	0.443544458020395	0.365327273995765	0.5667383540448384	0.1736640300074202	0.4035754008387213	0.5205318832858676	0.5422603945882214	0.5996918111051388	0.3826044420515179	0.5435329410934853	0.5422329946547528	0.2702620432959449	0.5418283582112534	0.4032141610280518	0.6878492396251303	0.344378893503419	0.5188664152382022	0.5498348184627574	0.5760921442927703	0.4833934169463428	0.3343953737622629	0.4371904588545925	0.1127265812216342	0.5143913733081081	0.3411478954451082	0.6090981229032789	0.6825913474620323	0.1030759222013797	0.5305479370990911	0.3533928294013665	0.5428537657700921	0.3549618694711973	0.4941424293629554	0.5576935572737255	0.5084047835553793	0.6414167726155307	0.2577565461576158	0.3766790564909071	0.2045843985277307	0.2537548620103445	0.3675287372441397	0.5150318465643082	0.2103903236364599	0.4155954992258351	0.3032535249489657	0.4529230066521082	0.3439658909852446	0.4956763285908491	0.3948760813842247	0.4899583443445461	0.4150338047602902	0.3683914401670377	0.3330428208184326	0.1116620662136611	0.3559797875668266	0.312916412657729	0.1720318322216136	0.4790039858311357	0.3705577620755919	0.2839193413554537	0.302781103185681	0.260761356251802	0.3794858325593864	0.3845301625097733	0.3886501725893632	0.1852541424483993	0.6731878045996227	0.0664053330817149	0.80999746225649	0.3235361173869792	0.7362478148551099	0.5792603095091208	0.4103606934510675	0.5263240362711562	0.722328062070571	0.7953933725582065	0.6304294117697901	0.826607315948655	0.3991988567195961	0.5703858775889767	0.5398134252413207	0.4081783164065449	0.6209184597541172	0.5122382353864331	0.4862245206651036	0.5976373470735554	0.8341082776447426	0.6669904673467428	0.6400349502852761	0.7518696883154077	0.4047501210641163	0.4909407223101112	0.485917382646888	0.222179996939509	0.301801246819312	0.3153489591965298	0.2318917456155715	0.4176397874926137	0.3036712551693206	0.2942727521822729	0.2482251183662014	0.1348475121097682	0.280526391828603	0.1867397870435389	0.5671310671852527	0.4207193164104459	0.4384991084014241	0.5671465386108273	0.6277976356893957	0.5940122615850676	0.7018351213522133	0.2764268200937854	0.5153967931680186	0.3062576654331582	0.2894025239534552	0.4910494670139224	0.5406448127410651	0.5810451793228465	0.6439496168617018	0.4615035902757132	0.3448132010587376	0.5338597673648923	0.1112640829581584	0.2789094867587257	0.4055586605470503	0.4388447826303867	0.4700599256655453	0.4231574263800471	0.2126690319876079	0.3160654218397985	0.2228184671558203	0.4931135330951448	0.5138291778805155	0.5939258287819095	0.4851364773278949	0.3873980571013493	0.4122259814823545	0.2565522988484361	0.6633015023287799	0.6797621016642688	0.6431246391112372	0.3157525778931875	0.4991783475295694	0.382467376900557	0.7107264686761917	0.737793886378591	0.4979462414723986	0.5492432608471295	0.3494746757358011	0.551847190274446	0.3543736532090138	0.4593611102270641	0.2584209949040253	0.4139990654367028	0.5741052359903206	0.5192288247042496	0.3004671782933141	0.1230147887051607	0.19795824145198
sub-28177	0.6288407889742581	0.3681642624829868	0.0107917459185935	0.4122723325216695	0.2644566870030634	0.5147268677370479	0.2960523536294211	0.535723877458212	0.4614313775397988	0.44284839410326	0.5379892966618529	0.4645702070692322	0.5598449170691459	0.422899981917521	0.3207966598366426	0.3929733585465957	0.578295500560126	0.3347430191883725	0.3415688451405917	0.4113029746558382	0.063413434867324	0.5253100385846959	0.3158417275263875	0.7309755865865482	0.4365810080338727	0.7427442532584037	0.5450811574813544	0.6706125525051664	0.7542578199146343	0.5677174578061097	0.6525203323642209	0.6143201151629951	0.4088128065885862	0.5837215585011397	0.5306696058290843	0.5974500857188619	0.5510723060274417	0.5124619763752394	0.7164415180653158	0.3038941917414517	0.3246746423242825	0.5623657367618935	0.6297498762453452	0.1933764446576842	0.3336920600258414	0.6109202288605969	0.1791169628540911	0.1104208643592473	0.2481055491927714	0.1553571510086819	0.3346513295744262	0.1758976692625466	0.1629790464600853	0.2744161779960407	0.6084678119860149	0.1140358557999259	0.0416230972573954	0.5991568528957834	0.2354934968220119	-0.0891962038668539	0.0558821367899853	0.2673838867727722	0.1085669503575831	-0.1069482694406996	0.0992365937460126	0.0811465246155828	0.0054489392336265	-0.1370517413589113	-0.0228345152302218	0.0374521250684738	0.1442567219678445	0.4407558865120383	0.6188871461806269	0.5564011475798043	0.4471301481864809	0.4238667905622958	0.7532819143090347	0.315029552410921	0.2437254722493617	0.313342090714534	0.2937748038828504	0.3585244652947906	0.310344389072613	0.2993465189951226	0.3482683876015792	0.3072609504849861	0.2541460343647496	0.3881923595155588	0.2422141190469008	0.4160300119841406	0.1742995004548216	0.0123936414301931	-0.0286040249125666	0.1927316363823265	0.1453527469713474	0.3653252496952219	-0.0094464673845118	0.0868086416934197	0.2791912268537926	0.4107006292014438	0.5875619633421733	0.6931097631460064	0.6810746587698284	0.5901068024627736	0.5294754574431282	0.3602516951424866	0.7757377858453136	0.4795276225467163	0.6197597900154982	0.6157141558196938	0.6433300522292105	0.744169887731691	0.620967206905102	0.230560954633112	0.3629298926495561	0.6855405307358927	0.3826086698746461	0.2314229730351795	0.40354357420562	0.1217642538505929	0.4209795848952005	0.3293474360065624	0.2016799102126304	0.3842889995561409	0.3591671009299748	0.5499930916797081	0.7218116592643964	0.3808052803182149	0.5024210534386538	0.5062914722231326	0.2364951449489001	0.459731284665226	0.338468646941873	0.3298081987365817	0.4478580782430041	0.6044636380248002	0.5333188645791486	0.3728482851291572	0.2537719532777878	0.5383304008224754	0.5840192131586391	0.4904762003983898	0.5999620001414607	0.5671289141811404	0.5879041837054053	0.5728659231847408	0.5243784589414607	0.3886707418058427	0.525977181552097	0.5503335186927106	0.6286456560041195	0.5080414936347238	0.4973690331293959	0.709091038913013	0.5437224487158632	0.5307664912015282	0.4934188184920857	0.2438703572145959	0.5898493100398007	0.5806397396431418	0.4252274852259675	0.4610919090596888	0.5258870866032971	0.4963928730433412	0.5027031581626661	0.492609198717089	0.5361837844335804	0.4808110340182228	0.5152907903438797	0.3013889297388626	0.2917623548097864	0.3276299631920183	0.4450809821166573	0.3380151114995092	0.2306854819711303	0.4382990268849355	0.4695166195140705	0.473321335278467	0.6038577740100763	0.6123508894508025	0.3817329772348377	0.3873262651372951	0.4820634638583922	0.586481404151468	0.733576280396192	0.5885468390027051	0.6676702097142863	0.6317341905274589	0.5698887522525903	0.5481314306579689
sub-28178	0.0936749516830504	0.1874353144530065	-0.0958271020586487	-0.2651058574552528	-0.1275897830080314	-0.5696696446524945	-0.0151422886147663	0.2119210562547643	0.1167613505584368	0.6050263751074433	0.1364730201066149	0.1294036881170185	0.4313692353517795	0.0863547063493919	0.2011056394953814	0.1960152529314783	0.8066363349518104	0.7205862735322869	0.128236933323808	0.4735004500972886	0.2322756146147201	0.5512061027807598	0.3188866790610529	0.1175003825258129	0.3475960710188432	0.5256772445680727	0.2809458822055664	0.6207714932398369	0.4230979037227921	0.4271305007376474	0.4189173165421736	0.2964937671306613	0.3852931052029245	0.3067994604683557	0.3668422411641472	-0.1177882533251415	0.3141382099933553	0.3225134317341078	0.6751760498286492	0.2935813407525048	0.0942643928457107	0.3172041080765408	0.6567534740528044	0.399618507681465	0.263886934571359	0.7560087796826461	0.3377751737768287	0.1791444600015879	0.375363856080248	0.2643063722526235	0.2469377767760475	0.1826166548272426	0.1886764951126294	0.2957861524427482	0.3196337087894494	0.477083150369205	0.2744896741261166	0.5362026303165669	0.1334170858261103	0.6021018637263519	0.0690784052280028	0.6198053266595147	0.221206634216745	-0.0785974236652646	0.5444885683664294	0.2098641572820646	0.308259316331018	0.1087372506594141	0.045698082926808	0.29081657973555	0.4355566742683521	0.3981934356633724	0.3271974350884943	0.5283498797308602	0.3439179767723286	0.0382753185480443	0.5448003867441873	0.2486258966471758	-0.0492866259957637	0.2952416058475908	0.173503082699498	0.1455120172523712	-0.1463469103492595	-0.2093219599196784	0.327549449779959	0.5687757425797576	0.4376174899564762	0.3529470903531758	0.4816564121866223	0.1377160775332092	0.3889385523225951	0.3739853252797697	0.0633976203150454	0.5787449897962648	0.466206402593095	0.5274001981939639	0.1279438726940203	0.1680336380206397	0.4623595554840711	0.4792882063201731	0.1582604915849524	0.1894504404546222	-0.1684532734264573	0.2688195955533412	0.3555391288844	0.0029667625735762	0.3183001302372075	0.3232547181447979	0.314802672782964	-0.3702583733786175	-0.0418420226443344	0.2347639880893676	0.437328506622488	0.4084403205357016	0.2526465090660612	0.6002329669833393	0.4538665619507667	0.3709880461838573	0.5871136197596255	0.4582299221522096	0.6418535031937981	0.263203092252145	0.2344184587464505	0.5160510177474426	0.1922346873700443	0.3989938021298121	0.4806582762439926	0.4100201945032075	0.4671353654756554	0.4893551387827982	0.3979224399652501	0.4453025059955997	0.3743804924991062	0.266978912250093	0.3685507067529436	0.1971877974091841	0.5503303667749736	0.2492629684966147	-0.0302994556076746	0.413751372912228	0.2578813014202546	0.3463473323403838	0.2748360979558459	0.2327270799600791	0.3108686786921835	0.2536714831319741	0.5097204099189223	0.6416422194426417	0.2469520903777484	0.5687814344675914	0.3857062606565454	0.7556294742686567	0.4283315659695732	0.2653420124384649	0.3890566273875772	0.1854425362463642	0.5577512152001868	0.347919322615651	0.3832957232178958	0.2190618677055784	0.2627368323907579	0.3143331343738696	0.5263798406495886	0.4288684453462831	0.7296803492524252	0.3671543494994567	0.3162813858399458	0.2756539307920775	0.2217294933312974	0.2661154053244748	0.5057762634142543	0.4584179437372843	0.5766523866496421	0.3994675550384244	0.2172727962074503	0.4481355456343893	0.5486313472664675	0.3177132453366894	0.2828958353772581	0.442125348665857	0.4245734432835825	0.3758898306035215	0.379094559603	0.2545923015229062	0.534030980968941	0.4335765728989857	0.6447172193365128	0.629951124777566	0.4310203049098972	0.2214423987687119
sub-28265	0.6582855208535432	0.6124046871505833	0.6496943813396172	0.6242252191129125	0.4432854336500076	0.601068522762312	0.4598717752516321	0.6180748826967434	0.616624173783433	0.5804045924022295	0.5701958099197959	0.5859113668212861	0.2371124326442424	0.6330730070703166	0.5492798634439694	0.5135158840106802	0.5468039963777187	0.534263761633408	0.2240252480907125	0.7318467580146143	0.7376480515130749	0.7082174238317409	0.6289484590638382	0.7157260709963054	0.746813151455623	0.5077906310617355	0.7783485528141456	0.6475246003738478	0.7000301823268565	0.731004038920134	0.4628886641792361	0.6329608215309624	0.6701971578859638	0.6636624421882316	0.7184691593318073	0.6943157194465394	0.4463710221947933	0.8373613101293652	0.805919570981626	0.5656278344479688	0.6466875737135315	0.6529825477344616	0.5673047621998291	0.6318797964816901	0.5842475617491601	0.7454202607099905	0.6234846977420833	0.227678715191028	0.6463589255151835	0.4443610587477516	0.6947630614960014	0.7320401429339969	0.6279901270456819	0.5987311133899232	0.7700320049524574	0.5427321876509766	0.7390116617008675	0.7391427144673328	0.4857174592604394	0.7271368585632971	0.5969256215908795	0.7621057807588782	0.6270767865279487	0.273285221188547	0.6681368868033619	0.4044455012177959	0.7171872696616997	0.7581639703485585	0.6702895586230543	0.5336301225851916	0.5798648880361393	0.5984644722486384	0.4659444995868347	0.4877755855821651	0.6509633338700402	0.5597398662937944	0.7914520429189951	0.514922910721936	0.1516999915714957	0.7314385839007546	0.3523755669099188	0.6624616461933193	0.6708361573048622	0.5900645514003928	0.3895770074208825	0.5183554954031083	0.5894729875738451	0.2006858973530315	0.603449632954937	0.4733632935071938	0.5398538184928461	0.5070584559878284	0.3916044222700951	0.5962496667186387	0.4558493990961192	0.6109509205375041	0.61287442225142	0.5526285557868248	0.4961317674590392	0.6800723914739248	0.4524776475798063	0.740806174343467	0.7908894593952916	0.6539636340553044	0.7984546969731964	0.3852786703842544	0.7763525292871808	0.561951201131121	0.653308636206131	0.7945366018106895	0.631101879276324	0.5061763987777326	0.4076017752227961	0.7208277551490748	0.4370093218962415	0.5764127264619914	0.677901999963799	0.5613064287277527	0.529396262951962	0.5103339924899993	0.6169488713601312	0.69850025627001	0.5663560811771282	0.5361975362163777	0.430478956352906	0.379999389871905	0.4327558629976962	0.5092778947882975	0.2142494748148322	0.4503933027024578	0.3697367347282378	0.4103749017623387	0.4275471178559611	0.2901985324611985	0.1880042529382424	0.6076894658126796	0.7153105626955008	0.7284542593964443	0.4868040791842815	0.706429735649766	0.5647779290396291	0.6688576412520025	0.7144974336882861	0.6362025453960063	0.4661361446347367	0.5368024992242751	0.7297198259094088	0.3336531724522307	0.6554385353870882	0.622338020806491	0.6696213296849346	0.7042596323942272	0.5903204840739055	0.462703534743887	0.6522259249680269	0.3018909792122387	0.7165379364166479	0.4731561131188087	0.7018356224864649	0.6884741583853484	0.6165341139750005	0.5011971886302444	0.511597958853181	0.6871580597649265	0.7310150058935007	0.6218047455325936	0.7218637496488531	0.5934048477780715	0.4989478211022402	0.2920934672086944	0.5228552335775413	0.4243452767929786	0.5246084297867972	0.0371723060647176	0.3648893702423773	0.4720613394013833	0.6275931583554021	0.6833460552285621	0.5785621013997726	0.4709957537409138	0.4959163863474718	0.5725183212581297	0.5050267272524374	0.3389415384386718	0.8707981627084503	0.500360157962833	0.6737348379017737	0.535587316969137	0.6650875324774231	0.4790732300792727
sub-28275	0.6679458920670072	0.4387054734853639	0.329515784318788	0.3102209859941297	0.4414461591330237	0.416789479473844	0.4316620905095591	0.7198241177521936	0.2294530655908246	0.5990794096618096	0.3567296074873766	0.520193455936249	0.6723986511221636	0.5270239095048171	0.4708977303367935	0.3671416610643788	0.4469177554058462	0.3801376384931099	0.3130870708945682	0.4664076502116493	0.5253194536686043	0.3505889250158998	0.4928254690596486	0.699717398840569	0.752508543556137	0.8395985279343653	0.4249435569426411	0.5327161955114861	0.5111105610149599	0.648430768774434	0.6848481800114535	0.4242191636767	0.3533107157711086	0.4951948554826117	0.6336792416685363	0.338007507310302	0.3491824549025383	0.5627386635464837	0.68831628485886	0.6628257275371617	0.1108588464073499	0.5885152820734606	0.5621852735067769	0.550105553550701	-0.0045850178678729	0.6658596970511255	0.1267230624068034	0.2132264625335226	0.1700680539395958	-0.1184223462611764	0.3143358760439813	0.4255767213759053	0.3561918241061855	0.1999916912694802	0.6136425654379486	0.4730961134711185	0.5420808154032367	0.8211755457692371	0.5813935761980837	0.4451734524272641	0.2204059949111881	0.8216957643587158	0.3101960609450011	0.4652407290596053	0.2576721591747399	0.2002529346522578	0.4605053172812411	0.3093910452347769	0.0932527562346935	0.3337393958253008	0.6824588344344809	0.1357261510803149	0.5573846229162752	0.3659663226321111	0.5478166509302939	0.0830742070300468	0.6653768476716286	0.2102137460643422	0.2036289601827365	0.2581169221892954	-0.0428868400926576	0.4121597110927769	0.4499701006804529	0.4590604370373993	0.2571434483712428	0.1582237911807386	0.5755358671376393	0.52066011330882	0.6411843932247087	0.020185200253999	0.5549279568304706	0.2623407996273947	0.2432795437163118	0.1736535070995414	-0.0992972806319867	0.4013951194716375	0.5504612544556272	0.5801742114259019	0.2191176880205536	0.6037690036021492	0.5174507010554505	0.1830752502630008	0.6391008702221698	0.3438908802283283	0.5277991722715445	0.7022239861016124	0.4906224103040853	0.5868566917382791	0.5809381724699271	0.4052629166587458	0.0152909188130454	0.4633810390698344	0.7105068083926865	0.5836888530583416	0.1721988728174912	0.7499197699122737	0.419103211124449	0.4383225491637115	0.2604132261324585	0.0789860287233855	0.3955901325216859	0.5313449817321876	0.1545710851439873	0.2178335872895968	0.4032881645753917	0.3989651782334255	0.5739893280197218	0.541421930747288	0.6308194497476068	0.33363655296564	0.263767958490492	0.3536986954533259	0.4680743056014474	0.2881839610846323	0.2349038966142961	-0.0096104016134814	0.4468197579338465	0.1273060131843761	0.0325315879157045	0.1780219142267992	-0.1334740374626568	0.3292539228786489	0.6228366042866721	0.3233911778378199	0.1800541871612935	0.1242282872964712	0.5438862442470458	0.7770479518143977	0.7022666845412444	0.8681346913218241	0.5406462854418529	0.3377923095333387	0.1071463801729137	0.4700859100176986	0.2906817546440632	0.3909434321403054	0.2664194195827363	0.1020819657879437	0.3513889975640005	0.2857787395358812	0.3078118868125357	0.1507765877966417	0.6846011610020164	0.4901377250894924	0.5096505007435981	0.3173649307175512	0.4096700674228179	0.2157669910535595	0.2611207840401772	0.5554199014493437	0.7266452249517663	0.4542010828134238	0.3801559328800219	0.1572502659505699	0.3594916526990526	0.739794588754977	0.5568238938419349	0.4037419032909873	0.1269862920534133	0.4852359811738533	0.4389798349597994	0.2049089671475513	-0.0572388097296581	0.4371733461802057	0.407223531143226	0.3075142261862409	0.7586447524112566	0.3876787433519532	0.2930097302542933	0.1691061624754635
sub-28279	0.4348276509191782	0.7672334358359986	0.4991786794472189	0.7276919711112817	0.1859508141759009	0.5594304435788655	0.6797447414983598	0.7358956188358841	0.192830673050639	0.596418307673536	0.474866316919268	0.649421488136643	0.510848835181535	0.6581988614703991	0.7104119671580158	0.6439116064146212	0.4424847674425202	0.137458526556034	0.6184341117287915	0.516447917800091	0.280701727241923	0.3810713498693388	-0.5109170228724756	0.2135184419699048	0.3266572803469498	0.4626763199587765	-0.6312431806798001	0.4587745152419465	-0.003513215951737	0.2847763834152742	0.1430825854930061	0.1657377701334547	0.5410513547376293	0.4058316209480717	0.0184920872128592	-0.7078400633131732	0.3004494620247405	0.7426160141237993	0.8353903613167439	0.0463539481129397	0.5706359467535286	0.7545303111413969	0.7327466924842716	0.0278613448629841	0.6060679170080137	0.5603815901326109	0.5300628020957383	0.3909071033892207	0.6272816512481023	0.6649487974996553	0.689772710105605	0.3637479566112317	0.0100740584534446	0.6842523558283975	0.63068901107825	0.149563371965099	0.5722437552187548	0.7044390241342947	0.44736273134286	0.1047722467833568	0.4098395904372642	0.5607511478209393	0.3693395764735915	0.3283881078878	0.4193895643271098	0.4437162087745263	0.6431723032366028	0.3649073816632479	0.1644559173689006	0.6378243956936941	0.2016189153755251	0.4887134106322536	0.6330730923813628	0.6115229218412421	0.1358741622934986	0.5281003472033701	0.5596184314129832	0.5191658589401476	0.4949895413590416	0.7246502576713022	0.6155405585614329	0.5636714249122666	0.3504004372340779	0.1424584349280133	0.5692496100523928	0.0907236036089701	0.0621436138866191	-0.0941614484856878	0.6956481492424588	-0.1283897136644114	0.5289309013515594	0.2550931505339445	0.4621749383954186	0.3325755675859529	0.1323517217435188	0.1065065557967539	0.0440255646964649	0.8291639870470889	0.3044846571923736	0.8488738049801001	0.6520155359025175	0.3911474854465344	0.7517825640103668	0.4484380892384275	0.5973396415354949	0.432481988823464	0.4182666527128442	0.6366158221137486	0.8329830833849148	0.789727772590421	0.2948855543042204	0.6801338629222187	0.7103410028220358	0.2541810873451011	0.719753406145891	0.5462633720649184	0.5735398149693403	0.4302034538567176	0.4675903337598507	0.674694437955103	0.8730037703156946	0.6622799627397307	0.2181648569174605	0.7402611702383021	0.2117989874385708	0.7805470234878449	0.3229963362137376	0.6200827564857756	0.2869515521724732	0.4435111884994426	0.6215926997985972	0.6560982223984941	0.7139597921220249	0.0344225640860625	0.5827836019801003	0.1283647945299993	0.4144671967132664	0.2939158454841666	0.2313170431816886	0.2625028963277467	0.0834404650235466	0.2014260550511213	0.5394620778235333	0.8917058770152687	0.2741157467395975	0.3439903141233411	0.7214638295937243	0.5157184527949951	0.3245632941155816	0.7328114240095589	0.7172025378627082	0.7319597588546926	0.0334200024969498	0.5377557021017498	0.4798961798025897	0.5056122272010024	0.5664452632419728	0.4699938867822334	0.5240155787354193	0.3237544262974081	0.4893167469852682	0.5939225408944346	0.6383262016278124	0.3695939813751882	0.7979736051012167	0.6165698474312683	0.5470286047715154	0.3057227030259028	0.5080651199475277	0.3616733676492465	0.5486138713589374	0.5100444303903662	0.3361876069964152	0.362827819903323	0.3689660980770528	0.4886061418232129	0.4522510946787798	0.263914822671518	0.2299903038603639	0.5136766533381644	0.7412207426568173	0.3829614070518812	0.0710765751092098	0.6822299545408959	0.6338644905893286	0.1675520338255992	0.7702207322769139	0.3799997931299994	0.438463793136233	0.2700654586810913
sub-28280	0.8318923915006161	0.6606588597943713	0.4473644065898767	0.5341219608863571	0.3920815086811061	0.1831114330993959	0.4329252170529628	0.702044142412972	0.3293005181197834	0.4562391625773571	0.7460693866087231	0.420415788176809	0.4015755422654359	0.5261155040825483	0.4169042925796195	0.1959287323880713	0.3565628250710326	-0.3445821913094731	0.2834778407125023	0.6445204748579924	0.3703907489112879	0.3017284519892964	0.1720992647897178	0.1190907626405559	0.32054575695809	0.7365595099709775	0.2965960940409834	0.6490664448121245	0.7426268058190171	0.5079914747562693	0.5373675400529214	0.6654932702754071	0.5541554528783311	0.0948879411581303	0.0499490422016421	-0.0150232786454625	0.300529444056422	0.8501910578525875	0.6646527990964144	0.445311494801125	0.3195323567909339	0.6916447138731688	0.7102430952591111	0.406997735443314	0.4728468357470389	0.8475964642062249	0.4288551793314068	0.4775219922658075	0.430221012219596	0.4126842119144185	0.1940763407740962	0.2531536505685804	-0.1534339832097165	0.3105778812352246	0.6843567902026859	0.4540412367886339	0.465996115529266	0.8387293566096241	0.4707479970215578	0.534157115341441	0.2585049809561915	0.6935792268359217	0.2172023208697767	0.2408725394941434	0.2276716591171552	0.198870436639341	0.2221044255702648	0.3073554098964942	-0.10234614110857	0.3257698839460581	0.5823680737328307	0.3529274239542653	0.7687944902101885	0.4306516301326629	0.425607136742602	0.1689105365309934	0.5944725460916591	0.2821862263937206	0.2606682315815828	0.3071653205522394	0.1905443852384352	0.4549920519245448	0.6460596222822788	-0.271532589844791	0.3234409879963679	0.5283424209024618	0.612007284106533	0.1655092261969182	0.6412358000028759	0.0707590697975074	0.4342536821566841	0.1026163038075792	0.0389920554296944	0.3072833282533955	0.0702225766697501	0.372837445968317	0.6141010081436298	-0.2081736800790373	0.3862754877787649	0.6082009594384201	0.1357394235190109	0.6979714827944908	0.1545033872614028	0.1764875046234812	-0.1016406907706328	0.0970806975382909	0.219063497705121	0.1031125590781961	0.7089134952708724	0.5937144062438297	0.1541412835582026	0.6143549907873733	0.4083249659836626	0.664652320605681	0.1453379592901236	0.6416646734537959	0.1163212706819015	0.1413658637767749	0.2177146687415824	0.0698849457207479	0.492287093844026	0.5156978672783651	0.0452906730482315	0.4522383883714123	0.2171879276953003	0.5337638586587453	0.7011300581988394	0.4083219779230417	0.4306486330211808	0.4640666249965626	0.445458311872399	0.2508548901572406	0.0960105719839109	-0.0829602302442172	0.2667757406186866	0.1071488030148085	0.4421637295138966	-0.0580444454059846	-0.0671055506164333	0.2410405471215831	0.000279385400024	0.4869423786302261	0.4659190015990703	0.221250713750123	0.4961064815842297	0.4003785726087256	0.6939281682475037	0.6965460634874755	0.7237800845020838	0.8607742711194536	0.129149229365524	0.0226949468013275	-0.0681832716849598	0.4304395688632431	0.403324172712875	0.3225046363214166	0.413176634062285	0.3153491269364957	0.0960018117447345	0.1717376498921125	-0.0764446785064825	0.239364907135291	0.603148779914048	0.5769380975868792	0.714303257411727	-0.0782491121555578	0.0358610123860444	-0.223653620305663	0.2495184085465726	0.6743098699106052	0.7688219297078349	0.1021140408245891	0.0411621899354911	-0.1748650079322622	0.3158697333517375	0.7949708689333654	0.1646007294177723	0.1715856981095716	-0.0706077702421093	0.3483126058902513	0.0930000154978643	0.1062777288968729	-0.1320170010920216	0.3852292425141571	0.7259493303392277	0.2457332321189163	0.6144841733502825	-0.2270777389849175	0.4496104098269383	0.183592641848793
sub-28281	0.3616762336812024	-0.5633716528810384	0.4496810064290412	0.8058237778695726	0.92657630435256	0.8981554801960377	0.9266890138663992	0.3260151045471456	0.8956330408762675	0.351358222512037	0.6204842516127224	0.1022670143062445	0.8593837319801403	0.0072644614414673	0.480600435911601	0.3374696464760394	0.0709802225690589	0.4420592457407041	0.4189382663052329	0.0787860427936851	0.3451995081924377	0.2954448959252276	0.1565642454832342	0.4906422559265397	0.38239380811245	0.4623139531338536	0.3901574318468875	0.4263670783722012	0.6460544360369476	0.5041933237169304	0.3046273573366409	0.104599188918734	0.580921129515018	0.675988178224893	0.5640708399158231	0.6577619143791196	0.2819726709588601	0.190714503596855	-0.396360160872638	-0.6079428421784597	-0.4289391463104363	-0.4353648252029896	0.4383100004219184	-0.6360369917098412	-0.0397700806315994	-0.0904334151330532	0.2787967746822819	-0.7865401627483977	0.6919101147505893	-0.5181808466456298	0.2650699996110464	-0.2016876429598081	-0.3375546643660873	-0.3490377413643353	0.5938809865715742	0.4057512210897678	0.4758587558914565	0.5539684541049169	0.6699931771475099	0.4021525108967319	0.2838939540755874	0.6146427810041317	0.4045418333660819	0.2612354926327682	0.361211170034626	0.0947314594910064	0.5260336551301802	0.0781246845670403	0.2747314972501037	0.2878891791077796	0.8413338457922815	0.8083590471015123	0.7979801570009125	0.3739489095905804	0.867483032805637	0.3034538027975303	0.7145415303794632	0.108060530307085	0.7726531670667949	-0.0067103653014503	0.483382934630038	0.365312776042114	0.2223751735134	0.52697925109457	0.4136505057900735	0.8393530719988149	0.891475546690474	0.2438050466640082	0.9057762240453248	0.1904813066347966	0.4752670031915493	-0.0228425836360846	0.8358066817771936	0.022873324604581	0.3554217199668065	0.1778677584418325	-0.0792746450059986	0.2933492415049004	0.3545951105380315	0.8726012876628318	0.3832974687641378	0.8711595173325622	0.4874408038909025	0.6748831476811352	0.2333546308450013	0.8049259372977771	0.0482473161040312	0.5968850629195737	0.5302174805133311	0.2408541733845281	0.5785934657968415	0.4513022506176666	0.4782424444604996	0.8401638766645911	0.3575575101349741	0.6538808744162614	0.1783787419844986	0.8198459930547931	0.1206765697828806	0.3981383851329779	0.4204536872591843	0.0420255581350182	0.3977358316460327	0.4196675445356044	0.2347840335745864	0.39917744782307	0.5647787815014718	0.4738230688244645	0.0559320498649634	0.5886818504798865	0.0055647571257993	0.6117339370706114	-0.0002567257868647	0.1867626972243399	-0.0134266165592552	0.3475113025326439	0.6247034470338572	0.0953005473101583	0.8872724998111646	-0.1776505218943912	0.6122029626518372	0.3365060225469656	0.2802332723893322	0.6004613134503051	0.4460860783259761	0.4707777768701545	0.3785627374994788	0.3308956930042069	-0.0671025373977506	0.4745302275998456	0.4882062879101495	0.4651476448002146	0.5413030931858102	0.3365168932101364	0.3232920238093278	0.5633405225423064	0.009926274017393	0.5998860263617155	0.6410296224005229	0.5171450359032473	0.7070099205109036	0.3473584878205689	0.0597821506244342	0.2801381863579671	0.1496977990888663	0.4963682972133925	0.2697470793118859	0.3234736487092092	0.0729568755561621	-0.3729181627284371	0.6862511166885783	0.2086176171436573	0.3396611488295427	0.6091708534823161	0.5055754678883775	-0.5503961554610274	0.2840546894764628	-0.58332452443038	-0.4325361377759022	-0.2705142761935688	0.4282581019895042	0.8093972429965619	0.8794236948981048	0.4662399869500725	0.447573561717152	0.5655807224200928	0.2541280718213352	0.8943529991962876	0.3462091047020254	0.4331562758751836
sub-28282	0.67006051575988	0.6523303926140446	0.308637600846511	0.792616492080738	0.5628512690426865	0.3795146302314292	-0.0352846892824351	0.7760396464788404	0.2479876014093023	0.31404902350775	0.5350321517130311	0.192249624515929	0.2489489889148708	0.7478594492493822	0.4323516007093707	0.2777284629278318	0.3822363983032379	0.603116300028698	0.5018471093340008	0.6088841534578575	0.5049336043789983	0.6450584968705579	0.5282858111001657	0.6601697614223412	0.5003044457457978	0.59042439510583	0.4899053761589502	0.3456034856944061	0.723580453418282	0.3481244296532859	0.4794130538433004	0.6609465966295799	0.4901435125471542	0.4967806307310568	0.3297808832782206	0.5632745088627763	0.5304684176629735	0.5535827525046328	0.6981881542989262	0.4633796293683327	0.3328223742231838	0.1508098312479912	0.7755728808892373	0.3246166816947589	0.2771143692525874	0.6946070666107047	0.0394094042291555	0.1573352720861397	0.7012832522990683	0.3206403000346022	0.4417645388514143	0.2613624356568576	0.4538694264955201	0.4744636555742061	0.4391099580151461	0.2472661433155021	0.4134279013218929	0.5307186739455573	0.290525902710118	0.3920399281322896	0.2949268244834121	0.5985038797840931	0.2690811276270586	0.2964175142357774	0.3656943543291737	0.2584046542275815	0.3177426354299851	0.0994914132119565	0.3431418782056616	0.3389094784541047	0.4960415318402741	0.3320264651356887	0.0303529449201639	0.7520503243137395	0.1918791449087872	0.3893367527271834	0.5818703476681941	0.2058568552050706	0.1423384292641269	0.6375829763982902	0.3096743119010295	0.288518835552697	0.4467179017850848	0.6332614259969761	0.4869460642073802	0.389151423571414	0.1772547765639319	0.4840259077964415	0.023658371945416	0.4856444739190733	0.3974384306963455	0.2767469332756797	0.2585805003549964	0.4292817605226304	0.4144283994704544	0.6036542013618162	0.6204767444863074	0.5776754954790165	0.721196613498263	0.6780846049645762	0.3133942973037058	0.4663113833019274	0.4103298045821132	0.5245427130777394	0.3930964988544843	0.5447182039839186	0.4631040800613229	0.4593280817042431	0.6174002179716337	0.4026454166746028	0.4802487514119094	0.5978477445346749	0.0136553898581028	0.4785078344010451	0.2755900114520207	0.4175529936996449	0.3753771853723224	0.5896367043239145	0.0636438283794245	0.2950303501007943	0.5481211438945127	0.1030419938178459	0.1451059356046363	0.3731982302233621	0.2083158773328898	0.3205392688724939	0.5157015201261512	0.0233639944476599	0.1806982855926148	0.6001128797205411	0.4308219308995115	0.3070281680962279	0.3046251031466983	0.5220829865091583	0.4569383183160935	-0.0738788607545599	0.4468828475264844	0.2097874936975579	0.4652468487435508	0.3578440086406597	0.2445224631460895	0.2116890986103314	-0.1153076616305524	0.145682183043865	0.143667003917308	0.2092169147568328	0.4444016706917526	0.1864293549911294	0.2557494551835295	0.366821654534927	0.5122853757994731	0.5842850475546877	0.6432553138372638	0.6040952467178055	0.1687420149454674	0.3527579694462048	0.7165491469803077	0.387635125168461	0.5153016947404947	0.1994585743568619	0.4225753667101385	0.4597693702285403	0.3019751757696572	0.1525077536954121	0.1963504207197751	0.2890792295506323	0.3046319972066387	0.3434833442828988	0.2878984995812579	0.1486714261402615	0.6837156297695555	0.3170878432901803	0.0843724483528356	0.233435448169068	0.3022256386688716	0.352974471684002	0.3770133549924621	0.2689973071643255	0.5614664157210185	0.5028527710190582	0.4506135239187505	0.2545160626768936	0.4947593018597848	0.4964001682550894	0.5555262620779567	0.5203823381513922	0.8052673557718356	0.6870368766105599	0.7435271929753686	0.7336930946903091
sub-28284	0.6951521023532273	0.0205522871821177	0.537773257167173	0.4087707343278859	-0.1223795340050974	0.5297314649951677	0.4374988808092989	0.6328684757344353	0.6077426319381714	0.4897684250848998	0.495322673456019	0.4118734269512775	0.5204483881022913	0.56710315297411	0.5081004528557311	0.4079015330681066	0.7060287232845636	0.4831618192894469	0.4796939379691502	0.5438411228948903	0.6979697344034381	0.5588656930196447	0.3686855145937139	0.6251770243012608	0.6154557818441533	0.8569667162349004	0.5497432100153202	0.6678287707308261	0.7544541315821618	0.5075429864389807	0.7152305963748629	0.761647090895408	0.6935259145153481	0.6176509160384822	0.4356014290722762	0.677727248288924	0.7182377553694993	0.6615207502016481	0.683414815822279	0.6668194324780538	0.2063640823593049	0.6366401582725835	0.6497759519942035	0.2307194995228541	0.1278190085037616	0.6451449667040673	-0.030688027715377	0.2010396173025485	0.273928272734822	0.1089972710603579	0.2234519114909604	-0.217781500356931	0.3728009206009152	0.2445346357489032	0.6719955892274241	0.2576573899215083	0.4711316757485418	0.7819615003271563	0.765275359633761	0.5430755619628128	0.3918683139768157	0.8398101286083968	0.251374972722541	0.3890239967007342	0.4255706125207297	0.3564009535781209	0.3737645117621668	0.2790228133795587	0.4325197149404982	0.5025050630217001	0.4600133892691924	0.4544058042023858	0.7016523873493089	0.6561775711603614	0.5034490129490176	0.2354942170196719	0.6309052273014916	0.0757013419225593	0.3234656903341237	0.4893004765377952	0.1910372602671125	0.3229459804636909	0.1408498103988576	0.4953748560089593	0.2326384646881901	0.1664805771607546	0.2856905756715949	0.4150863161001363	0.2900152447689915	0.1025052455236059	0.3348565041165393	-0.0530357744504022	0.1523389349513522	0.2392184917181228	0.0779330270835335	0.2385906245030546	-0.2124303964995864	0.4273697414516391	0.2530559172498386	0.5286037165516135	0.6203299038531607	0.583093143896792	0.8445285777612008	0.4487219517824552	0.5559179932328321	0.6720618039764806	0.8456934410667711	0.7075850388497072	0.7899385250628161	0.5973669812616316	0.7362129916360979	0.6057849363466694	0.6928717444660859	0.5014237937679333	0.4065153748755147	0.643400970431391	0.1113158521114987	0.3360483018680544	0.4644673083644677	0.2680676240598622	0.4199269484985785	0.1774609774125835	0.5076484358925284	0.4405550770282277	0.5481300817332303	0.5935512049563837	0.7891159288298601	0.3331041758462427	0.6590051350100458	0.6873795076288255	0.5945768929071095	0.5269734303146518	0.3976714830932462	0.7030722238435932	0.5673538978501134	0.3484086796853517	0.505598964437006	0.2320984648232258	0.3589582846223605	0.496120226256587	0.2906086289582187	0.3519403533595289	0.342365809217987	0.481830795865697	0.3787456206481003	0.424263263243128	0.7050810168448798	0.7819986115504314	0.8408492621273831	0.8741047510888728	0.8242023183548143	0.6239817894165048	0.738614881545724	0.7434799587513073	0.3573730974177516	0.5198438203301851	0.5316836008759054	0.4662758359366592	0.3262666829426585	0.1951430806110402	0.3806719720979828	0.4815276962935453	0.5439651279369025	0.614978685937244	0.6575782344840174	0.6328199485778802	0.5749678544281781	0.4334486263377909	0.6254201040411943	0.8295424235221835	0.8918789662460868	0.5545104973301931	0.4870013369892991	0.6470012308332255	0.5492006575631643	0.8226865154687482	0.7624902584377524	0.5293313994032602	0.7350311044679951	0.5900139493245775	0.6693099453344125	0.5687226700601398	0.6321713240728665	0.6626378059332021	0.6715207845626909	0.7848539308350863	0.7705565543316006	0.5782275713594158	0.5597756809372273	0.6341640064810765
sub-28289	0.1112142111394433	-0.0249500515900702	0.1092434280534031	-0.0413440352742758	-0.170812114517332	0.2575314325103047	0.0518388296124681	0.1127905346146602	0.1829316271663884	0.3655899906340802	0.0617671866955675	0.1928122710834425	0.333484655200005	0.3227610107550125	0.2325195625787263	0.3024097946274764	0.2783144886171234	0.4383471883608342	-0.2726655429552755	0.7984135087394266	0.6808687358591277	0.6724739654761467	0.6634707641472112	0.6948806990198673	0.5884563738956129	0.4837112802989021	0.7048347021606708	0.7296683555084347	0.8189017366411031	0.6858540969950015	0.5167263681732538	0.7589678920013101	0.6429546969790361	0.6398486160854436	0.5807941652710438	0.2876077092647519	0.4891435786742302	0.7353299450767471	0.7813094381324032	0.6561127774629372	0.4244535193393017	0.4909630578571987	0.5063460560924469	0.4673818904853638	0.4320138308467026	0.8430783535466442	0.5496617945184518	0.2942846597850727	0.6537823122394304	0.4126366401434385	0.5057943001937504	0.4279507639885964	0.2216578826790674	0.3748190000758364	0.7791878700888993	0.6146241759682156	0.3427088202276004	0.4824583094789457	0.4992809532748202	0.5194387316400848	0.4495121556326273	0.8641217385627636	0.4239325116111732	0.26356454610779	0.6703613271500225	0.2587366065370738	0.5319364718030499	0.396143320574346	0.254596694025061	0.4884219361487415	0.6051750198096125	0.299903314781713	0.3780375838807452	0.5630965521087865	0.3987661180383424	0.3663949600671964	0.7850901562637784	0.4509958313192598	0.1539451217104047	0.6180749501793523	0.3158691826850919	0.4337244286826487	0.305772391026594	0.0857577804813646	0.4937616350532094	0.3383763225684754	0.4855310197893397	0.4291409923366912	0.5407649305210782	0.3313949444521886	0.6797761680178815	0.3216770458469752	0.1079246519928204	0.5682164313534244	0.2836870784773775	0.423915286991707	0.3447876894353235	0.1850698356875019	0.3798755746095784	0.7226441309583768	0.3030975958577228	0.7034680791004305	0.8631708025836999	0.4353334516581595	0.7178007024788102	0.64776604442021	0.5059404534356238	0.6292443374731915	0.5582330528417543	0.4736714279206088	0.2916633620114394	0.3470488351496332	0.3507800092111243	0.6290464961325195	0.6097528265436621	0.4834173125754174	0.5834035963354309	0.3903096328585032	0.4284037722062914	0.4121712861802791	0.5412517216740109	0.4140781229747504	0.3329706814916668	0.4218708926021994	0.3563691136088195	0.3047652233995643	0.477157019768255	0.4783137915508436	0.1896346167266306	0.3692950280500282	0.3778748112039269	0.1980673928569673	0.3041487490795968	0.1448351169913342	0.2466750391515819	0.6731793794175365	0.5177388439484628	0.5515557748771303	0.4748685003907423	0.5651915903617388	0.5162988938795087	0.6390517082767975	0.4836724218314549	0.3666563665591724	0.4630374761588991	0.5296316827994971	0.6879792159482615	0.6746069259400999	0.6230178562271872	0.638342165693315	0.5608852346422832	0.4156808806533582	0.2578851522195905	0.3426596581491921	0.4925580906696434	0.3201782097562093	0.7359985920480094	0.3644391187846579	0.5364062968617235	0.4109090563939401	0.1739431294805403	0.4497313666923669	0.4910759432409673	0.4840892260074239	0.6796704721743847	0.4869893912853242	0.4723604299273748	0.2988695973238979	0.3105972646966233	0.4690687546118237	0.5901540988826588	0.428237982395055	0.2807561253949241	0.3113170386802208	0.3510828480983411	0.4791558809787856	0.6274787218028003	0.4284812541662855	0.358691518502904	0.3051143402426505	0.4708428650694385	0.3970164450913234	0.2752872377140428	0.2706641748336548	0.6373886283369858	0.4767535965926881	0.4717325703859628	0.5640897113778016	0.2569408962112037	0.1415208960143094
sub-28291	0.8180138034399884	0.4010565097585586	0.3270795108390689	0.4054765608212515	0.0593797250723403	0.545942477366661	0.5752220596331783	0.7894637961038163	0.420468405118718	0.6419593780930191	0.4412185812784536	0.6074984950011609	0.7473186605352221	0.5394299567310993	0.6359802271331534	0.4080552974241965	0.185443756129972	0.3592317646492678	0.597301317470661	0.4668212582544233	0.4563007419868439	0.5706812267256263	0.2544972152371514	0.6723528354014581	0.7895225948064667	0.5877920276325627	0.6224875590111564	0.671813521183991	0.6548170081886396	0.838802152081103	0.8844511152707246	0.6404686965649016	0.822775072608434	0.4580589708578841	0.2757002790119549	0.5436132083386267	0.5870754024580943	0.2312709057690343	0.5682352773347419	-0.1489968421915251	0.1591501957207498	0.3201085176381383	0.3560310073152997	0.2412991802793802	0.4367041219789972	0.4837326101086319	0.35675688010069	0.3875381322944715	0.4025938361504864	0.3042101261839647	0.0905448610483674	0.0900955834624595	0.2290743621862627	0.1798144209581573	0.4928144833966562	0.1264715811094224	0.4759206236156952	0.7417191493312654	0.2224542206958023	0.2468018469605966	0.3608793391815716	0.63301415282365	0.415508117409628	0.4289715798672802	0.359531531475945	0.3816526893403949	0.3184151170323139	0.2511952232824747	0.4653617159380112	0.1889585685854972	0.0091727273159284	0.4466640981085349	0.5322352296942781	0.3966339052999768	0.2436137552600523	0.3962869189699227	0.5964366755914698	0.4073913144914503	0.4076475379705198	0.4361644172190539	0.4316971059563481	0.2657158280362103	0.1076968700830181	0.2813046724061477	0.278063441881465	0.434347872625495	0.2962377766755882	-0.1484581639260196	0.3190396938663165	0.1852895438937581	0.0273869157403242	0.3988667522491644	0.4298427645905138	0.0452360703496228	0.4239905845172929	0.2801112738179787	0.4659624221795688	0.3888642009961718	0.4729814991342769	0.6586924336202845	0.485510632306045	0.5602108820206928	0.5823403410352728	0.43991963076515	0.646838804210322	0.6043753969069514	0.5435924732118934	0.7416435269720335	0.7774970938851136	0.5416865463309427	0.5760759275280922	0.7337154152477384	0.3467418564693074	0.5213821264933597	0.519038211221211	0.8055583933958128	0.7477299663039151	0.7659772608056232	0.5178964273634139	0.7419867941250556	0.3542587667323248	0.2011723238669632	0.431282637343182	0.4166246631948607	0.2970337096766125	0.6761568972431025	0.2439081458764412	0.3652553062846358	0.4787580330515266	0.6162288374532233	0.4936037131866157	0.4182823541698494	0.1716602908415674	0.2009561765483365	0.6156778950519718	0.5466493070356897	0.4198324220946731	0.5906438181137897	0.5987305703673668	0.4249354942021643	0.5899415724167534	0.452535268999591	0.2744941131534617	0.4268684780182078	0.4359426088299238	0.4192557383223125	0.710011692319544	0.6150504697757743	0.7914718200578266	0.6678340072272754	0.4577409467567387	0.272258001427018	0.3399464527681149	0.6679131643564021	0.6142571969552184	0.5957792697209348	0.376655742575284	0.5318183328719017	0.3259846649999733	0.14392091931657	0.279990687800468	0.1825570264073309	0.7912216041187808	0.6752256974054529	0.804971533483892	0.3787920726926407	0.1942891433153931	0.4028748577100605	0.5545357549000614	0.4984193343284844	0.8280427266591832	0.3247534736146063	0.2038895709504889	0.4340556631637753	0.5072249953652792	0.6365214495919714	0.3422619063566731	0.1453694814435732	0.31976881811352	0.5423667301909026	0.4176122400289924	0.2157212895935844	0.3990253013109567	0.6298104768592285	0.7914504740519112	0.630441544367358	0.68348736041943	0.7121646778636002	0.6240045744156544	0.4257772670612821
sub-28292	0.5136666397623576	0.2905475297603301	0.2939898309918937	0.5373115327071654	0.254819268742079	0.4607734644228308	0.3119302046061283	0.5343679963475954	0.3971631884752596	0.4517479609339122	0.4369736544904308	0.3566683802151121	0.3088399010815482	0.4362305684591932	0.4389415759078587	0.334039486577411	0.3231393387354493	0.3894507055173554	0.3227291239780345	0.4203970565373985	0.4037296373703177	0.4468338706012775	0.2023934662091208	0.7132861120634539	0.7919271303929484	0.6337554231013955	0.4948033279686422	0.6908562128868543	0.4666466094283406	0.444216131084678	0.8178120856860246	0.2430168909979886	0.6953657132606824	0.5156888044860648	0.463719569255839	0.4939568985683873	0.5291402860593902	0.762134115227834	0.5557631573453039	0.3757841608193507	0.4999707081676653	0.4892898715370182	0.6772810195326097	0.5709751809260492	0.4802456930993372	0.5422424134881391	0.2731154091945182	0.3970507638147021	0.5120417111834894	0.4460437459398523	0.3661682357436165	0.2933891986839479	0.3834508869561445	0.4248615077579405	0.5603032129906883	0.2705814487468935	0.3702955808181062	0.3866976217721263	0.5820579507902816	0.4193292607668042	0.3128976639760276	0.5690746176469801	0.1540186686865945	0.2730771445214596	0.5569802082714288	0.3074215363993682	0.1180777657999884	0.0489835090675297	0.2084476967343614	0.2459848308950775	0.6235644846042052	0.5105032697954985	0.2538115700268105	0.650850711338418	0.5711269140585082	0.5430194757775316	0.7912848698691743	0.1634550312472742	0.3496619028335731	0.8107458823678858	0.4450025285140754	0.3908474511948852	0.2929735335330006	0.4030389183167499	0.3595166860741819	0.3099886433690078	0.0162775673667174	0.3808895758612365	0.5163185195164426	0.3060672997267915	0.504473975570498	0.2656621413323158	0.2530210234581228	0.6140053072252158	0.3427326060487086	0.5556440903728052	0.4118231742478886	0.4579173400269355	0.2431823117966127	0.6874322949077387	0.5751504568351538	0.5298740845531501	0.7951239460231738	0.4978928163090613	0.4661912273468352	0.7381972793792415	0.3180290757308782	0.765236537347751	0.596157041116524	0.5077284327734415	0.5500955954051666	0.6118264795086885	0.5122836963091607	0.39973780518112	0.6317626849580905	0.4357129281679615	0.2709463216210976	0.7027287008449149	0.1310039372300671	0.5244064565501371	0.3696006737822953	0.3307892696041049	0.4110655682677449	0.5864796051400752	0.5186616526127906	0.6010310321620347	0.5317089166357528	0.3009153123559903	0.5658409704167109	0.4937783366952756	0.568357353540741	0.4522113199618919	0.3636562932681149	0.3863903488150138	0.4611894532106319	0.5834716166187348	0.5319299725681184	0.2609434150521348	0.395358803841577	0.4688253412574036	0.5520023168464399	0.5480406711382342	0.5234857448771797	0.5635851690788469	0.390632449687942	0.4686944879262761	0.4429404798971774	0.6877543240907346	0.3608725513743978	0.7503032471429455	0.5351364273703632	0.4305443735740864	0.4170508565417044	0.496147161440328	0.1609437144256491	0.3452206261314041	0.7620124804017914	0.3771905712203071	0.317120771206006	0.2024766648221757	0.365073903989153	0.3973065303238646	0.3938129632934195	0.1380745132627694	0.5978692678422368	0.5631827041969276	0.5171307327420459	0.4620041140785867	0.373105685714023	0.1405766298690076	0.6486271625372927	0.4871336558938873	0.3978867495562291	0.3929001938983383	0.4654129364429467	0.2641188886157357	0.2519329463872388	0.1298181321903515	0.2387651286844476	0.1575658366785707	0.6895793445324051	0.6486982841211373	0.5797222102726935	0.5520105761564124	0.8758973229846672	0.7896410088508923	0.6949387456267244	0.8513975422819137	0.6390175236784851	0.6449986078549717
sub-28297	0.3351405731049207	0.3203312255005705	0.4055672813873128	0.5029870707588988	0.5516455335479137	0.5576386010947232	0.5136686707877142	0.7073817232299372	0.3448607838649881	0.5924205035732448	0.4841948978487469	0.3482234983862009	0.4815848130353073	0.6826468851379086	-0.0556289884834682	0.3953853612011052	0.5633117571537647	0.374127101746724	0.3498768616748082	0.3570917044044197	0.2060132926272126	0.4801567956592541	-0.0218987104207624	0.4560784309103958	0.3349571560330835	0.5748256407186086	-0.0476018089707181	0.4866948152710448	0.2667921117822999	0.6722759568860048	0.2962641847834019	0.625123195205631	0.7815707905784354	0.3822587907525399	0.3044554886186291	0.5346080192330565	0.7398916183859562	0.8000263928097454	0.7024227917746799	0.3829539659001152	0.3574185129715979	0.6376979180402773	0.5505448623521806	0.345412937638736	0.5722230143156409	0.7838087393849387	0.5827789842197179	0.6151614291911652	0.5196673290615131	0.303493218101374	0.341360818690174	0.3598922420890948	0.281159429190554	0.4486335544684028	0.7755644590039621	0.5252276085416215	0.4588204215459262	0.8197620443989114	0.5696658752961511	0.5189520723951849	0.5395991849696419	0.8301332990371091	0.5175119582477705	0.5408800141461354	0.4813151714817335	0.130531245337902	0.5422021435079573	0.4688521605026811	0.2513021325448415	0.3373481006277734	0.529037744431415	0.4063428994123798	0.7207992121696537	0.6695298374648717	0.5174092646318371	0.5189490051174528	0.8179785145822382	0.5201986201639905	0.4953280511783199	0.5980659873459487	0.3196558728675858	0.4799179791467052	0.5190980879017753	0.4358102475549479	0.4433064650310627	0.4055554125765924	0.478181608378472	0.5449089229068036	0.720193530569723	0.4126771987110891	0.5821640948019764	0.2100010647645873	0.3728691848925943	0.4069888570730888	-0.316210374148393	0.3944598882851028	0.4771699973914973	0.1112954933710404	0.0868355173860525	0.6868565301003229	0.5732098551207895	0.374541697184861	0.7441351205503621	0.3595703699237139	0.5924030964130519	0.5645825409254054	0.7146109388747522	0.237262280751991	0.7388787983319828	0.5444580537770677	0.2654217492653484	0.5659004737581893	0.6375816032839959	0.4526212173906161	0.6506908981576232	0.752471144344922	0.6095996511096626	0.6431975234438798	0.5742189657777815	0.1722686463659126	0.6754605641576849	0.5075887064941604	0.2328881093916929	0.4419485638167027	0.2349578249427544	0.7270653934939001	0.6542575863951241	0.5989750160267516	0.4553095373378678	0.6513032006883587	0.1187208802119393	0.4457599053922556	0.3323973579825026	0.1737850153744012	0.4886004082667046	0.2255892581001003	0.5465777230175013	0.1012044798472211	0.3071785262856003	0.3383724718205244	-0.1361258627708561	0.4733849921692403	0.6597350938240716	0.3408286534710598	0.1087311578300016	0.4915986591328202	0.6515675776156404	0.7807548202514749	0.7715182104669143	0.3099027860250273	0.505700408282609	0.4382200015029685	0.2640698514478402	0.5443686929425353	0.4031769297080091	0.4432748641412742	0.490773836035505	0.087123605093476	0.3893006652188625	0.4034703993599208	0.2607702719533266	0.3027417994047349	0.5963129727919253	0.6539721506829637	0.5493947195183039	0.4630365686434322	0.3861505733698688	0.3778766005290129	0.6409900383111796	0.6273757729385803	0.2964073409625852	0.4911270109066224	0.5691210884964036	0.3784526976431886	0.5145353787252274	0.4461187437813787	0.4773131329851369	0.6077685481197564	0.5327789268213392	0.5699834562167667	0.2186483183771154	0.2240905797874936	0.5881028519380059	0.6418957796371916	0.7003247673966415	0.4004402623799187	0.6310685147496955	0.7788747030378456	0.4641496697206329	0.5448161499029486
sub-28299	0.9152863488179308	0.1850498704971312	-0.4785723499009832	-0.0157008802661526	-0.1690640635528685	0.1356010389538529	0.1019572589554344	0.8351314486102636	0.5421712265788019	0.6969061785155971	0.5072525988706524	0.5680616825586577	0.8903024536352576	0.7634138399934811	0.72924106057655	0.3894699875314042	0.4115292588196295	0.4946270481854951	0.2819065909055377	0.1981183424797423	-0.3430567646765051	-0.0263919439844335	-0.1166258674268828	0.3741124348028784	0.2479778260327368	0.8741539512340317	0.6585347151173908	0.708096460309464	0.6116625475358877	0.6107811397861953	0.8285830667472451	0.7975199262464535	0.709390256039313	0.5186937378173994	0.538457048777974	0.5273107602650293	0.4173129984334018	0.2094721518085733	0.3019771334531639	0.0385746618417435	0.2505161804124894	0.5088626282624353	0.1514984193405544	0.1828217038944507	0.1235770578731614	0.2723245772448772	0.1682659584486576	0.1888617716192185	0.15196353376872	0.2983462874459962	0.3387973163597282	0.2757240841834493	0.1271139327818727	0.2870435011866236	0.2882094348881279	0.2100697251131878	0.0756704613321719	0.3044391282695387	-0.2824027215810277	-0.0358444041639266	-0.2363624116534425	0.0489957315719079	-0.1288188531120462	-0.3571704157681745	-0.1662786245466329	-0.3883732150969782	0.0159549125771253	-0.1582838433570838	0.0638732664480891	-0.1071680826545909	0.384290002650978	0.1960380749867205	0.3761283265743624	0.0072110101007454	0.0656871459927313	-0.155606703625336	0.3044134203487078	0.0518519999594161	0.0484900277523143	0.1282607445238242	0.1958541286934223	0.2965207306324394	0.1336534025401274	0.1770586439867091	0.2209504025510377	0.085777970178522	0.2435478640878221	0.0054996937177523	-0.2069378960170225	-0.1296239915017455	0.1919508571623515	-0.0964227510986611	-0.0209503575741595	-0.0798528142504025	0.2007774871778918	0.0855221225712604	0.0082304741515621	-0.2692515699689101	0.1753433168194092	0.5869778419620075	0.3428219802151979	0.441192202932428	0.3455176005285316	0.3179539171045847	0.4779902685102229	0.2132463479878444	0.330460937572972	0.3729481271900546	0.8075594210381027	0.7115389033463559	0.4020277043859264	0.8080724615685099	0.1827591367219182	0.3175410074805779	0.1345710635845958	0.5025197881222783	0.4028696547968781	0.2753518801675385	0.2235321825374431	0.4276051911988421	0.5464708114789036	0.5893571607948845	0.3868012309630902	0.5261555245438342	0.4816621595587292	0.8060008446464488	0.5116683423052965	0.6177038624225655	0.8189460763811164	0.8256717626910305	0.6635683270532642	0.4519046205777285	0.3799933489294427	0.4313116549113234	0.4213649276348303	0.3748126388585532	0.5762724947234199	0.4547347154845005	0.4590872624892829	0.4642142193750223	0.3721258418177244	0.605977896395604	0.3763634559332387	0.6685765692183525	0.3265267754848071	0.3068024122699607	0.7431101391811115	0.7806531096325252	0.7685857568538302	0.5034472274193321	0.4360288190788782	0.3876038020433167	0.4050429022737044	0.3427423274676941	0.4107358208285771	0.5101894118444801	0.4661919395211511	0.5177430817237094	0.4989471897794372	0.4560659290267468	0.5231675603298694	0.3485557503202928	0.6966921236069368	0.740656609927492	0.4996274414465372	0.555196156708524	0.5436677367454288	0.504469812174097	0.4457500400982601	0.822631921262115	0.7754133847362797	0.4518912069089982	0.456900772638189	0.472213472323863	0.4025110481264116	0.6161742393956435	0.4609463662952791	0.4413404622358925	0.535370957321344	0.4458864799533011	0.5634867054240795	0.5855300421397918	0.3221946878223578	0.539454833523013	0.7205321497234606	0.5545692673212985	0.777531527909721	0.4800240119724611	0.6952836561304401	0.3592486402149171
sub-28307	0.9167268528045794	0.2213098487851926	-0.0006854947306057	0.1270294375636049	0.0374794231265273	0.2541066039548394	0.0354280606524984	0.5747626999206341	0.0556055032141706	0.5158716939510841	0.2771826185202726	0.5764382844105895	0.5797914298521604	0.5916198168019574	0.6606708424256655	0.4209836854375406	0.3333471301205862	0.3467221373180979	0.255908487359401	0.2992132134038099	0.0799632374081416	0.1768312419816253	0.0887914206811641	0.3181898867769552	0.1595229302238728	0.6629672719395594	0.1470743626015076	0.6048106110848902	0.4223121634506889	0.5480096807471646	0.6052748197909652	0.6181716174073429	0.6910469163422157	0.4581582427047992	0.3647607271152162	0.3541805547134856	0.2446078072449485	0.6443359046010005	0.7261069412228305	0.5460883452488794	0.0740630152268414	0.2836788668607121	0.5128212911647088	0.4630071962262854	0.1280902911034729	0.5479235740978762	0.3893283486012435	0.2722073394782514	0.2631255896135236	0.2954935156498832	0.3118593354041362	0.2907290035533891	0.1303902207407976	0.1868010513116878	0.5962671208344995	0.573157542283491	0.196563921403043	0.5097968969869312	0.3405579439201979	0.5439290682722545	0.0580439524551969	0.5686431776354945	0.1040416372025485	0.0507135568907292	0.1264791236110412	0.0968620397048035	0.2612696417023392	0.1296917873578054	0.126142149756305	0.2873073080787559	0.707553678902146	-0.1147550830224281	0.1108309452139616	0.3127049104115188	0.623391517844853	-0.0494147924375166	0.5130122695733945	0.2051518799404149	0.1091075435898233	0.1158743319186803	0.1833813648062752	0.0685779376598422	0.0540621478699544	0.0719502706865934	0.0820665431119941	0.0654422291094522	0.3205573903824485	0.3915113067027381	0.5560620234676135	-0.0315751712433325	0.35263264744868	0.1990349066162069	0.0959981575041334	0.1850612861430418	0.1153573752327377	0.1414592416145725	0.0042457585929196	0.112232664556556	0.178925710276682	0.7359363285188005	0.3739481083167404	0.0083904568842205	0.6720855989832365	0.2494625933199094	0.2833598179057427	0.4752172386530934	0.5046413294678735	0.5272806390372156	0.5546850858545891	0.4537315060018737	0.4437849060536892	0.5085606241021838	0.4411757867304807	0.2145894903398195	0.4955656121192509	0.4054383339747711	0.168402125160251	0.3398023829689366	0.4020414707634617	0.3286096281957092	0.5176651540321253	0.3778582430076175	0.2893273660021123	0.3884593902976266	0.1539764752712321	0.4312905270257089	0.5227343826002172	0.4486997345627706	0.5187328067103716	0.5353739797259778	0.4896660379481279	0.5775412587538582	0.3908096181929683	0.4380699056074976	0.2890800746905831	0.0961368145761536	0.3970797352611039	0.1670450009513433	0.096764266402043	0.1781394926501215	0.132822931719383	0.1905468808965491	0.1133248755411477	0.1965564722843248	0.1186976391357031	0.2372286886092948	0.3722516879988347	0.6194484294036003	0.5835002912963722	0.7217708872717262	0.6311177994508772	0.4890086767197104	0.4907855799885365	0.3609544212925429	0.2051117355629375	0.32014133287515	0.2614619428672641	0.3703432773176996	0.2931118806112617	0.2850801742602532	0.2543879098777319	0.1914624685981748	0.7193033531944771	0.5479634441149002	0.6635173978464862	0.3642253599758641	0.3609731245093359	0.2903487592312855	0.3124085011527394	0.4737139750092284	0.7797900897143949	0.4713287754148622	0.4491047864594686	0.3681583896157142	0.2741064716041663	0.5804419256471712	0.6468808710374025	0.4756272138706069	0.5185402228623013	0.6113693272211547	0.4768557180110409	0.480537390244323	0.4173756608925146	0.3549086887732837	0.6281243368715637	0.5899675084050983	0.6421909940933237	0.7258770610975254	0.4823899675092711	0.5757691536723054
sub-28308	0.7184436762500291	0.4612551986077516	0.3037374484868488	0.3735890070206691	0.6621368742690449	0.3339523382573651	0.3942076169628073	0.6414912072037182	0.4766329950438999	0.3963817587737448	0.4387362520234776	0.1743561465864883	0.3039765207372614	0.0945145149907465	0.5827486967740434	0.1157118679570842	0.2436073112840558	0.4466277010514728	0.3645589086563002	0.5932633231919329	0.4832478948534469	0.3867478531828016	0.4789714605024213	0.7436500147139143	0.7713249423490942	0.6429964774133158	0.7857594803970316	0.6161399388358255	0.6609221596326424	0.4363311784574911	0.6886694000751867	0.2049461952860032	0.7392865770682722	0.5122349383640193	0.531151571886485	0.3454971623353767	0.676843061334016	0.6568268401365739	0.5810354505702643	0.3986536359966315	0.3956428664815959	0.4614485562522745	0.7641100262597247	0.5892708323895133	0.2973122024169188	0.6944649325710073	0.2061754734745021	0.5152989262164668	-0.0842614339838774	0.4351800171902281	0.4096484977011006	0.5095013639867421	0.1501513317795967	0.5997279474653447	0.7181177370716755	0.4079346952129763	0.386094566077892	0.5156867387230374	0.6147561741278494	0.4331597195787794	0.3789199971438065	0.5434611913628673	0.1529231586415783	0.4998993195209863	0.0712576396655351	0.2816615806325758	0.4278216103572924	0.3431869102365032	0.2234483677713908	0.4104451402700064	0.5640565808818385	0.2537985347970288	0.38879678309786	0.5124626818478376	0.4064539425395488	0.2103007022150597	0.4654008836789561	0.0128054306738677	0.4009241409520188	0.1160378600077811	0.2587400699894427	0.4741321902337987	0.4145479107945174	0.4306892244667514	0.4524255583559795	0.3237976076248117	0.3867978492745291	0.5201126652286135	0.5714106121014209	0.4046157864396462	0.4979191092589325	0.0043888441140597	0.429732296088652	0.0238174488355009	0.5543351799610042	0.3422434896046608	0.323468833674838	0.73729313724301	0.4712455449099889	0.7967632557786486	0.3558989628342167	0.7100556496437073	0.8275507452198642	0.5786271825791476	0.6392116896322378	0.7135574873758321	0.3700444559213608	0.7420883684323961	0.7863822962660783	0.5984032339569949	0.4050747149221035	0.6832849951814728	0.3993231268753684	0.7021879120350516	0.6790727652057243	0.6967244671628366	0.4475000227336448	0.8638801130069357	0.307215601305653	0.7733443832439542	0.6467045060171961	0.44209361139558	0.4049451513692849	0.6360802409432641	0.4904472850636058	0.3107408056910851	0.6451084811036931	0.1054980312685918	0.4195423552526414	-0.0636289213722026	0.4149820353332455	0.2903599921745559	0.326917190092968	0.2472316721753293	0.5255125141453004	0.5695787153351517	0.6290019554376777	0.3680233200836839	0.7318806347635824	0.1211465713326383	0.7153689064941896	0.6641946187219084	0.6420571920864846	0.4812154995332797	0.7642089643363413	0.5314185087451713	0.7550226594478531	0.5876298075846591	0.4080534233296402	0.7652402323136136	0.6553429641244239	0.420985050388647	0.5482406579726979	0.5219430594255494	0.3544682195120214	0.6195587956090478	0.1899522688698529	0.5973475126238952	0.4507120095660148	0.3710660889153472	0.4213867809749393	0.5332720525637358	0.2977942129019591	0.4414840653057987	0.5158926744713639	0.4933390177662261	0.3187289667671775	0.2889514495163172	0.3861371501241832	0.3075177640725947	0.7798291342446053	0.6670517107954149	0.4710586004069936	0.4284905435545904	0.6511259214893845	0.27228440017941	0.3323116881566521	-0.0627758684762532	0.5348778651190204	0.0705378871288908	0.5650016415888001	0.3791840016625726	0.5692290735359511	0.6238420844943664	0.6470062471275357	0.4909918456480596	0.7687671419183741	0.1818788595058952	0.6473867113834735	0.3866249444522066
sub-28312	0.695062462944561	0.7053004905177367	0.5661094339258312	0.6572341757163195	0.3707370293278262	0.3330844554685859	0.6374992318891779	0.74216490463711	-0.0282523972049034	0.4484614743906404	0.7201757239075841	0.3212424510713529	0.7141800360176157	0.757462417557374	0.5501200008141497	0.3016187851553293	0.6084303425690903	0.7555757497132067	0.4565884129053749	0.5406262088662682	0.4406346749804945	0.3648473000961352	0.575576907898514	0.473946462821244	0.3906509275756366	0.7250800114898305	0.1204167975986754	0.6355209320515798	0.5839261237439927	0.3170527375859114	0.7362996281943591	0.6837826013415003	0.3545903504489925	0.0695001881949169	0.3729118850094615	0.3928385294654836	0.2973883986607722	0.7418102416361793	0.770064738303136	0.3878968493239928	0.3308101535667059	0.6516217304197273	0.817601592479922	0.1332974994856542	0.5567624106148595	0.7873193761639555	0.2476898788351212	0.6153116810776771	0.6616425921785246	0.6460841427900555	0.4209372827437771	0.6422826225183982	0.6355561168139605	0.6738362532952704	0.5173312343004701	0.4230954092931735	0.3974174267188732	0.7295905654176389	0.5543735907090598	0.2131576651939713	0.3888694721669762	0.5177663279714223	0.1453349052399401	0.2978604771260835	0.4043479651586764	0.4353905241882911	0.2730950254471951	0.3975985313649849	0.4201163822730727	0.4766778848992349	0.5254780395675807	0.2133886494865425	0.4663240406728372	0.6114651377060809	0.2950336898979823	0.4945967080010105	0.650337054351934	0.1545351655082877	0.4714798356496526	0.5091268496607549	0.6102813285952261	0.7331976793579869	0.8583066910559994	0.8734056598561599	0.6841928362663928	0.571349822728112	0.1162559340980148	0.3892206658957763	0.5641651038643801	0.6249010287750452	0.3630080929960093	0.1981687440112757	0.1785599323034285	0.3455877111917992	0.2694071547856542	0.4346535375114227	0.5144984403801329	0.4403071528308319	0.3646397946246014	0.2344538489024698	0.357716439507174	0.390626987726814	0.5954954883921848	0.2985476019834124	0.3699772933276636	0.273748884543105	0.4741196258077211	0.2274825587277114	0.2108235556891043	0.2429366176737679	0.1496873370884809	0.2934951833832895	0.6107433290214218	0.016096530313028	0.2099341465127926	0.4815637578787714	0.2452264669844781	0.4497322407549673	0.5357558380535853	0.5273517264905452	0.2831942573294455	0.456313672313636	0.4977406378257398	0.4564258201338074	0.0428454581086584	0.5090006751909477	0.6775486156394863	0.3007913193049202	0.754996670315192	0.7477991034672263	0.5948889764333656	0.2609532604623789	0.5605229931242002	0.5812247755864549	0.624947861572487	0.3145161387482454	0.0015398338466131	0.2022566637362738	-0.0522961953564105	0.0564911763793272	0.0955202049780251	0.5207317059824276	0.3011993991266266	0.1697437281832527	0.2857733276918295	0.4458377812097407	0.3274917459712017	0.5054517145960558	0.5274909893091654	0.5251757586472582	0.4834754547455838	0.5793140943643726	0.4104658975877309	0.506218464244287	0.2412887944406787	0.5776031695257231	0.714402329674005	0.3731691357031452	0.1935416563773085	0.4644873334235315	0.5092754556267299	0.3931603643799538	0.366386410794249	0.5412406802309117	0.1916440158906546	0.2171234084806589	0.1874984319945601	0.1792525619194823	0.1776261593449487	0.7539889790401177	0.5643590396389017	0.1995264028720982	0.4585655032154624	0.5278860009195038	0.4592407638147378	0.446045251426722	0.2277914023888232	0.4536870258369415	0.4882057449150955	0.3865273779580517	0.5635151856514	0.6948310954693033	0.6574210776176448	0.6774862719924697	0.8483507930919711	0.7126532906792811	0.6620830061162165	0.8946268665873583	0.7293383467615153	0.65213128293585
sub-28315	0.4279749173814692	0.3798591136481203	0.2978961582396854	0.4058784935366675	0.2372414846584944	0.4083434659083338	0.5123731532769547	0.3815701284997304	0.2361229560301372	0.4130799186388306	0.3220035814526881	0.2613897381464207	0.6692308369729333	0.2868649385402027	0.46308957092614	0.350772338103581	0.1371297353913801	0.1872195576579121	0.3520302153795061	0.3075517463878758	0.2824211555786013	0.0145670813384661	0.3265665360088752	0.4168897684761508	0.6030634003429228	0.0943785312730054	0.7831156244091353	0.610861795088212	0.6057486484607344	0.0827965546946939	0.4202916689690487	0.3112557887987726	0.516702741912095	0.4755873674638434	0.4137128088772929	-0.2946934611141473	0.4768040843081958	0.5073723179326	0.4402755212593918	0.0470203788492983	0.2630057041498795	0.6299413127732029	0.2252299067149181	0.1059659006408186	0.429435283086836	0.6082908350312457	0.3260648345168983	0.421668188203915	0.4815155178108176	0.3561001950428722	0.4078241057012112	0.2621950027442921	0.1865017375504794	0.3408693471789057	0.5995200075663629	0.1854661158690581	0.1173737845568991	0.3586937081334699	0.2541304966609514	0.1719464884376784	0.346654277377583	0.4716358746148601	0.1797264961988873	0.2708276731888389	0.3177555268785072	0.2661423049096965	0.4560265429182372	0.2048422108923852	0.046227599885454	0.2873222819408255	0.3841877913832113	0.1750899141570529	0.3971614579186924	0.0862643126704009	-0.1336952199135352	0.1282337847351586	0.1303459739440276	0.2965587044395452	0.429035201057153	0.2987452748773305	0.214977910197431	0.235423105092699	-0.0922627410630937	0.4349611601324971	0.1094042043433482	-0.0602083719610531	0.2420843527643607	-0.2890575838241785	0.139830260284748	0.1322640962500734	0.0384037536777738	-0.1514161059443015	0.253957078343429	0.0414844189946948	0.2836022356513684	0.1366689735875808	-0.3290626933075278	0.4829815908100666	0.3101545636752629	0.5933217703325238	0.0958215504539444	0.3084953272593645	0.6893963950768597	0.4370434897773846	0.522818975673727	0.629663281052602	0.7228275947403426	0.5901124409336668	0.6744276568045654	0.709321261943916	-0.0152677323831335	0.5329336035438428	0.1937178441507178	0.436970914902317	0.6704050169003554	0.5862451173802892	0.2900935925787514	0.6953912690213755	0.5794193667421171	0.6505697912924306	0.6244478819241354	0.3935453490364626	0.1148671477918303	0.4003130916101233	0.2451546680561632	0.1290182789551496	0.0421627724504791	-0.0363942175050437	0.150692145771719	0.0087439632827421	0.0419753425532322	0.1887988250472508	0.1477919688879847	-0.17986559510378	-0.1708857607588051	0.5323094170641991	0.3611708323326887	-0.0089137342920384	0.2312597394004683	0.2190733351859275	0.4681298687046348	0.4607760772495551	0.3713905335141558	-0.3602626264268358	0.207901572847146	0.6205427251121699	0.4281610665436092	0.6728457071404995	0.7599464761285804	0.7639405861285687	0.8189077395302481	0.6470294454974717	0.0273878111330386	0.5800033043617175	0.3947621059641846	0.393272756398072	0.5515808938792809	0.4995952974564962	0.526638319740708	0.5653775456136008	-0.0693697034433688	0.6088941131374596	0.3164981962632189	0.4999147491175684	0.3027653255946326	0.4402423898516833	0.507590824106798	0.1594124660331737	0.3431584285594371	0.5922492994524597	0.7573944988340117	0.5643857985085584	0.2390885945066846	0.3179690712275482	0.4745319205397075	0.6750521464397852	0.7442070061445901	0.632512043815628	0.1994358074020787	0.5771534965599123	0.6771998114162028	0.3671658522813644	0.3326133571971364	0.5248285312417834	0.7065097333066626	0.1367461296401829	0.5818365546694003	-0.2609492671478448	0.4605341555115479	0.1827559094986038
sub-28318	0.8031283693663501	0.588109562229514	0.5095262533432057	0.4488301387828318	0.3679722243105623	0.4785666784998231	0.4877911539388716	0.8021181911485138	0.2960796826286653	0.7604404330250091	0.488839120157451	0.4100802112058655	0.4893590696914144	0.6747483440518872	0.6943284588473573	0.3528183542682373	0.4596374057930472	0.4640643678829889	0.2792960290373809	0.4995969130490966	0.4937788073562317	0.408772406145507	0.5084207056260879	0.6659384955573229	0.483681155448303	0.6631837581642834	0.4812247650453662	0.7618737756045116	0.4564278985618565	0.5987758956603773	0.514118705674435	0.6438852738312997	0.7076820663689561	0.5208646649939083	0.668309347215384	0.5344186745849371	0.4749572065694729	0.848818698196882	0.7591980300079165	0.5345132183152025	0.5034105573777834	0.7947635136071552	0.7518236933451543	0.3280811039820305	0.6081757295268627	0.8776616114962776	0.351490943011275	0.7396984264010004	0.5962635679462424	0.6233960054662552	0.345554776967418	0.4029965930495661	0.3925641244318051	0.3126968980382565	0.7098717709565933	0.586782593426579	0.5985232247837914	0.8789136895086794	0.6470128812460759	0.5011689912029138	0.6359683305194919	0.7845910788816444	0.3884285999494058	0.7227783461015262	0.6733104346348895	0.6582460519509813	0.3325419456752446	0.5207450335892551	0.4494625076684061	0.3996759567160511	0.6228531350176363	0.4410655615587584	0.595624042721432	0.6188963959654217	0.4061366094446275	0.5477820611239221	0.7559704535557599	0.3495668697905953	0.6431979621120311	0.3925749699432078	0.4559711921554997	0.4733700437313008	0.5843321436948001	0.4608149218013812	0.5007486819446332	0.6194545267863951	0.5259387498784853	0.4434035565791845	0.7309859792163711	0.5798124581086501	0.6054854886994127	0.3914849439174646	0.5375455697268563	0.3837647979709095	0.3641406135752086	0.6819457935253408	0.7739634995115733	0.5408896202862172	0.7489002567596063	0.7383073729422478	0.4509811399843422	0.5681022740268061	0.6993535905492638	0.4930905926955649	0.700469874746007	0.7610729850690613	0.6655755025305263	0.72305984512375	0.5323534338843454	0.6972255539288238	0.5134354813009994	0.4652434619087346	0.6051972229100883	0.4666319252493772	0.6678299984862734	0.7533892104306363	0.4754782209289841	0.7995280936898865	0.7584756315794143	0.7595469392106835	0.3260457576853616	0.4573932231917587	0.3618601213707471	0.3056009848971543	0.34071919186777	0.7173844966175972	0.6439527293780236	0.4370890501227761	0.6465557694910473	0.6353604520040194	0.6749652716715567	0.2284877535633101	0.4198935057122089	0.3695825717673912	0.3342295608266584	0.5038325286314127	0.3774674807501343	0.3493007404158672	0.356419839489334	0.3414969990641699	0.3185556587363689	0.5067262368311428	0.7454148744771302	0.3433457731594189	0.6952895817188867	0.5672434108733203	0.625365760029523	0.6578900951016698	0.7633663538295967	0.7875043207148191	0.4537472410779544	0.6451929607230067	0.5238212006622842	0.4548252306148966	0.3108349041476265	0.678030586808978	0.5393537878545275	0.5514271738681346	0.3980959109262745	0.4241930144823181	0.4317721242493661	0.3681781199119318	0.5898941139954978	0.5446287247515503	0.6681147841845974	0.3566524538147982	0.4952254626338608	0.3133792367208441	0.3248488864637193	0.6431610915272431	0.7560685394234123	0.3284948649223991	0.4663421696996683	0.38803615700765	0.3282552306266094	0.8344919218861762	0.3011574849730555	0.4232771998694799	0.4709505748703788	0.1784130654157261	0.2287851408649079	0.4271714652121033	0.3958770344300795	0.1937683409327633	0.7099299959503396	0.6090835947412729	0.5908614037083549	0.6608399700261571	0.7614788063714653	0.3958149719163903
sub-28320	0.8722169575189095	0.414431000511959	0.3598054666831261	0.4007514317514991	0.3719349161414325	0.5182500377455119	0.3120823573647581	0.5924269455161701	-0.100078876586843	0.6989843085489795	0.4258355324983008	0.3569991838192164	0.6088185534662707	0.5324895042158507	0.5817064730569019	0.2687675845708976	0.4545833791194179	0.3741623606063631	0.3857367875428044	0.4369550018232416	0.3876643639910009	0.4173639255539315	0.5708694710351369	0.6142484886961852	0.5280384518673271	0.6128676400018509	0.186044857159477	0.7941205835990189	0.4938635481052269	0.5313053218379353	0.6388783252667076	0.630960790569304	0.6857566501396251	0.2774930765505652	0.3261503949295516	0.117464571872101	0.4980961674535508	0.8935311951986429	0.6839263680519083	0.2931321894870692	0.3089851560079786	0.5702313370241298	0.6796966631686348	0.2671868393012522	0.294123565309164	0.8553965292156344	0.0762785543754057	0.1738060236818287	0.2815820708382783	0.2246078380344403	0.2057882420830755	0.297071581743603	0.191080680674471	0.2971094758533935	0.726904780359814	0.2112494742180561	0.3417681540843622	0.6256399762593112	0.670829551337631	0.2439409923168737	0.3276995176471529	0.8102949756592116	0.0432211111056216	0.2117715117385013	0.3497301741417377	0.2207494536258538	0.29274088198102	0.391154103277351	0.2618540017409798	0.3710683903273514	0.2352167159884232	0.3975017426341154	0.6348720008361753	0.5201350753317525	0.3642990137184973	0.3709491427853998	0.7054819934622651	0.0492817427793142	0.2976983036300868	0.4552731525940167	0.3539761799046478	0.4425946630333816	0.4714312928490194	0.3654835543409205	0.4385018122527438	0.4565422889609882	0.3764311823238198	0.1969184880272303	0.6919780999930768	0.278240456906875	0.2346531332848809	0.5384954845372342	0.0255982546948049	0.1739336115843447	0.3984245695484278	0.1482343217746119	-0.2849567478879101	-0.5592841941814884	0.3210598598406998	0.6721731308009372	0.3305043836444162	0.2564171673601891	0.649809220665753	0.3845084182014427	0.3233951651271701	0.4124815514691609	0.3754191187370538	0.6114317494504301	0.4518840140618508	0.4086863975245421	0.1698183556994201	0.6629236650813414	0.4779868181755733	0.3997571156801673	0.4708059385904654	0.6891193559124728	0.2103962441216931	0.2904550963555341	0.3609445156361166	0.4217874083662126	0.3447471330591615	0.3262194020545952	0.1195673917269449	0.563371754019223	-0.004240824794575	0.5307580513575486	0.5799487005125791	0.266172113335626	0.4459935555701803	0.5029738871658261	0.4129979199981033	0.1224015946796442	0.3854775258228252	0.2540940646883114	0.3607571273097446	0.1098309641774204	0.2391622514698597	0.276670132048512	-0.0875575092479897	0.1314977068864234	0.2000467291645547	0.28178066562374	-0.1630192142669415	-0.4731216285843404	0.3766344523651532	0.3939316448327598	0.5229810204263776	0.8144739965864121	0.7344860704129443	0.7866285220725918	0.453298404567266	0.5401359760481076	0.359512165554426	0.6257903642883708	0.0992449328784543	0.2986265098509439	0.4092641488053132	0.2661354513827795	0.2524395600216769	0.3831628926320186	0.2849663492316878	0.3257318331009089	0.4504018850959158	0.3604484853799635	0.655916097856609	0.0986463664853344	-0.0718883769352198	-0.2597237098680516	0.3093460104883402	0.6229709598973797	0.6691058672919332	0.4085492907646065	0.5688033047081028	0.490503641024414	0.4890555360056685	0.6261408581514308	0.2841501089084713	0.4576461521420529	0.3115964389739887	0.3950083343196924	0.3721013597097882	0.3286688792004794	0.1674239807315826	0.5278686425857331	0.659394404671113	0.4781735893976137	0.7686033242278714	0.8749500170283849	0.5793867226060289	0.3024180524530336
sub-28323	0.13415656584863	0.1814699131164091	0.2339270372168838	-0.0093278568885846	0.7786770204273327	0.4654251730978852	0.1240375145071451	0.1800664744958974	0.0062819174962293	0.1847494822786628	0.1783444877539955	0.0562887673910578	0.3192149886561222	0.2805312144381045	-0.1439125759825101	0.4227257868960219	0.3079961102641354	-0.0857517886292663	0.3388784466252377	0.212024398321418	0.4655188467223025	0.2049951475751373	0.2522142050749907	0.4064047426969684	0.4839502523825097	0.7367409479528845	0.4033091447590246	0.1393883295973809	0.5574848506527035	0.6460140436879118	0.6966538738337765	0.6145713676245321	0.1670575246360963	0.260253775910177	0.0663088112023956	0.6532499661949709	0.3135284202938476	0.5592331121717186	0.6800814569364477	0.2344382804296306	0.505824142474533	0.4553052526196089	0.1940287231142995	0.4521610182092595	0.4987768449916316	0.5592101615163475	0.2049331218495569	0.1948122469006521	0.4570058403859034	0.564046554827078	0.269214464964731	0.3845851803024772	0.3616087289555424	0.294667677794195	0.5658856662891848	0.2808980088836146	0.4572327268517747	0.7735226980323617	0.3301434694490973	0.372999240531282	0.4500970978889091	0.8485717315980896	0.3245406895876242	0.3605805223506678	0.6630385475132091	0.3438358790599723	0.1254244426489257	0.3455193187337096	0.4313965767491538	0.1237758831135098	0.1517899169944148	0.3944551154821826	0.4763230026478673	0.0758842107335034	0.3531798029729738	0.4733951825998035	0.6071769683545276	0.1315490114866149	0.0969701469325934	0.4668723123724969	0.4715251566041322	0.1585848916306436	0.464456484940365	0.4087733645894942	0.046600355072062	0.5564751589748063	0.1154733097816214	0.4740122480491193	0.1559492297576765	0.3164059591911604	0.174262142047709	-0.0124758702026372	0.2463555871712405	0.3943734746346767	-0.0188215434819998	0.2579396045913321	0.1401390053421221	-0.0492107663677157	0.3006684342706734	0.3979243330546971	0.4125326923810379	0.4355964018765025	0.7280976808936666	0.3908882348859177	0.3553949851738581	0.3365983801628175	0.522655606771313	0.5342173265043263	0.5184859041395141	0.4837593551274503	0.3775259496771104	0.5408004586664407	0.3251920517300266	0.3545550430707814	0.4748827615965099	0.8169413007493184	0.3832349473651572	0.2688595587223828	0.4223844873634302	0.4299046441442639	0.1429280207404289	0.4550183643709952	0.51266533887518	0.0611731059843532	0.4776005180394809	0.2298709995710553	0.323080199752848	0.3079464588900866	0.3966044334188567	0.3556292778355578	0.1846270962985779	0.0072223277508819	-0.1529714672633786	0.2881520167034687	0.2171322994328069	0.4587734219736115	0.4578361412869411	0.2781004851331243	0.1811156835251401	0.2950609827353332	0.5242940325611235	0.1126625787543998	0.197970317757247	0.3281897840684891	0.1480095358588016	0.3927730728116839	0.1923017930079427	0.0028697153314042	0.3937725740445406	0.7543571327408607	0.1263015247636291	0.4634342456101848	0.2286801044617638	0.2224998960991632	0.3964935377495109	0.3697312012866494	0.6192314075751381	0.3696550717662624	0.1705126081330482	0.3759494937432672	0.5597616270667195	0.0549793936066065	0.6556747115190883	0.5306785641096537	0.3358415202959568	0.4442464645420104	0.2579934329976212	0.6057137079226884	0.3840637656760121	0.5323159570891663	0.031973374394846	0.4698963435603414	0.1699048523530284	0.5361016176187856	0.4049115629034943	0.3176179358887404	0.2564669535756313	0.286854587419536	0.5068834126672815	0.3323619648561673	0.1432297927990118	0.4304523628789301	0.4058239484366104	0.2305465308177664	0.5960258969604921	0.4170164670759342	0.6965705094061565	0.4352384621778715	0.3694339482881864	0.3271315992252947
sub-28330	0.8236980121453026	0.3654565917291726	0.355449459188035	0.4668332694094393	0.5007865533063626	0.6018694785056902	0.4606307502464947	0.761238304715285	0.3216659430564638	0.7515212247370647	0.3675264307157782	0.2730241694037732	0.5356486221516997	0.6009878964597738	0.6866006981060643	0.5832757238437004	0.2134168812805615	0.1873984169263347	0.7283296269797124	0.390006150606618	0.4236167032308682	0.5923641940736296	0.6268822292401288	0.7763769797262527	0.6646625943382971	0.8142441470363231	0.4659067095568333	0.8111455695183759	0.5516381118157007	0.2616695681578205	0.5411742324557305	0.6975729910012329	0.7712367402758274	0.7131463721082438	0.3364821131897856	0.3275013787658178	0.751212917577432	0.3397252681753361	0.1434955340215153	0.4028389064729601	0.3528123979055212	0.3996818284256856	0.4945657210351331	0.2227470762344638	0.3351160192098358	0.4803747833266552	0.1365488062289561	0.2048146401540377	0.2848620684270375	0.4259994734042826	0.269824978401222	-0.1944742796895164	0.1334145574371706	0.1859015292548007	0.1635578972666019	0.1364291029305557	0.2792294152672031	0.6661214427968141	0.5210516257619399	0.3930723163450401	0.3870041195743308	0.6273279520044727	0.1584557373610082	0.4026989885952875	0.3141015130045888	0.4330077319799123	0.1521695301295867	-0.0588923597732683	0.0794027968481326	0.2056659453395264	0.70619363833899	0.5635142519249601	0.4008693306472939	0.4919728976699986	0.6557218486804981	0.3849730690392967	0.4684299201426757	0.0532197211425956	0.5322755124791387	0.3449549228548851	0.3618803889881363	0.6686276809041881	0.6448021254382778	0.6522955177066388	0.579268051426198	0.6453302175460268	0.3307243664528493	0.4521024126130016	0.5933494664338042	0.4016840538476593	0.3815516710855762	0.061808538006099	0.3579101513398017	0.3482999608033964	0.4425201399543027	0.7309539155255095	0.4979296763690607	0.5074120329267287	0.615765948491325	0.4927787151200676	0.5827338159915852	0.4481746271525538	0.65329249534911	0.4155307273954294	0.0844800321195729	0.2888709681169379	0.5802227644314412	0.6064305997659812	0.8135751632952885	0.4354760242930625	0.469771099390886	0.6601862755197883	0.6984688843096725	0.5095749065640234	0.5424413423003216	0.7756218006333717	0.0265500221773408	0.6153523699354015	0.4555917849505012	0.5759812883451357	0.3504092006516305	0.0697237098248763	0.22987410126701	0.3581406976509596	0.4693436432485741	0.7359845515442619	0.5913723961773789	0.1811322132798061	0.5749709971440948	0.6436967469746979	0.7291706635762939	0.4711275590007722	0.1302740230417276	0.2984028631832168	0.5977772545848531	0.3191468615559278	0.5684405573334922	-0.0465922348487964	0.4677509918882416	0.2638270141913637	0.3289694803151085	0.5046006702821177	0.5140714614663096	0.5143055604570854	0.4924499259147903	0.3813539277486438	0.2530837067252516	0.3351255805379023	0.7846790855369966	0.8469047433111514	0.5115437938463249	0.2149980118600312	0.1928036769348466	0.648921389198861	0.0432148004865487	0.5783799723047036	0.3580624265234852	0.463734019620221	0.3760460371016804	0.1835888289325907	0.295677922967674	0.3342961179978425	-0.0127635754430599	0.2102526093093937	0.2350172867381786	0.1928887095463842	-0.0765459627831667	-0.0510773381820294	0.2195129479726791	0.2918401224632621	0.3963338704314128	0.3296602954805965	0.2475759088505755	0.186086524774295	0.4048933277303224	0.7441656719520691	0.4776044474434689	0.2177543852801911	0.1420399266345381	0.5813552770065543	0.4700179062307282	0.1861486447497909	0.142051604654382	0.5828861305903378	0.5781384861923942	0.5555160290773782	0.7548378427430064	0.6266212535293803	0.5422630612657531	0.3358634073838499
sub-28331	0.7839632467147791	0.5911514389404647	0.4042156600621505	0.6438939220255151	0.3187422953766355	0.600409056222837	0.3726712560247603	0.7533247136251517	0.5068416736762088	0.6988135548022151	0.4349693119672208	0.5102025599125303	0.6451412067578263	0.5504545447220898	0.6979774802935447	0.5584007325048463	0.6460798712712712	0.1388326242558779	0.6402993745448032	0.7402274620671863	0.7136215272395634	0.6752179941125155	0.3649540080255639	0.6963964890023516	0.5814686937324024	0.8415637871430729	0.5760801450017107	0.7913141079133563	0.674956437472158	0.5766056368704716	0.7103532899681759	0.6926160046272712	0.6998979745158875	0.5765292061061009	0.6083932930742738	0.1942160436662414	0.5849955369969425	0.6991042863362721	0.6675873407114694	0.4663807750633249	0.5054815326972292	0.5071682283939548	0.8814001990527226	0.3792981461503508	0.589232595494614	0.7079499030086305	0.3698762032276054	0.6536707304565551	0.6473991217332581	0.4689669277398557	0.4921325250693443	0.5423935618744019	0.3584109361542846	0.4682539177287239	0.4298820348377031	0.2381289366823883	0.5737239020624594	0.6560147846609525	0.633166061011949	0.3100083702273808	0.5307543984355396	0.6455393843226843	0.4814230836787581	0.5855929400531276	0.5151697559116091	0.3506435098547323	0.3796642943688463	0.3612638775123762	0.1682717761351738	0.4467812597440874	0.554361476825867	0.3759460912474071	0.2329509487551163	0.7168332587933206	0.5371263988139986	0.5534432341190835	0.5962460661161425	0.2370174775633355	0.4120650275117016	0.5357453646391206	0.4548682733402521	0.4775209071295683	0.5550952005706719	0.291069341581309	0.4100874607120512	0.1035641464808148	0.0899082110960045	0.4002384334652098	0.3138078641130509	0.27756839847861	0.5744330009408684	0.0800589521544672	0.2378462087311532	0.4696965817300674	0.1649126188264841	0.5766567286172858	0.1605493028461672	0.7461845531565173	0.25681095235671	0.6283358316959882	0.5840319237899734	0.5075778601378337	0.7369753482351943	0.3895569448963303	0.6778518879705064	0.7108740088012077	0.5989017352611432	0.6739299859028587	0.5835376211486912	0.6613204086826062	0.0571454189206137	0.7194962416512113	0.4383159745916312	0.2169657831324497	0.5481831622455067	0.506796946249969	0.5307694034753079	0.6499415925749702	0.5225902144767572	0.3393708356086017	0.3943253843845408	0.3871167248068984	0.0491625071109992	0.4289428534437481	0.5237143326297274	0.7115993863758352	0.6576250795380152	0.4496524205095603	0.6630274680908604	0.7060168875873173	0.614033957502336	0.5352994437415746	0.6395333057023941	0.2677811866071648	0.5748035449446158	0.4571897536345033	0.3853303575169886	0.2337569714456598	0.3199092250549275	0.4492136210606301	0.4138133058202628	0.4677839279978781	0.543806986799667	0.1321934816112484	0.4983278524429662	0.6465111915590899	0.6101705746993052	0.7881591952687171	0.8504694847952795	0.7522987151505972	0.5351578699566486	0.5740066259355782	0.0571763071552549	0.515504484839993	0.3906448308153033	0.6552031634572898	0.7073807766585763	0.3595320217070742	0.4063331425766811	0.2670963082685977	0.3251036471644894	0.2608387980388434	0.6441860777437277	0.4713017210233877	0.5752864998881334	0.3474633570608855	0.357741947917974	0.0789463013833432	0.4529304226461607	0.7178872486137633	0.670257340833409	0.4521980836669333	0.4767560092270357	0.1000858370294782	0.4423206572961223	0.5294624244809072	0.6053273951556395	0.5530561580075471	0.295047646547852	0.4855064480858646	0.4485818459989435	0.559807519945245	0.0580136088914001	0.4104700780612088	0.6301400693190554	0.5512576514664248	0.6998369230206307	0.2038280938241099	0.6965035528570442	0.2401159115604302
sub-28332	0.5386909557269305	-0.0475234660518715	0.5664693651410385	-0.2992879213045003	-0.5158089371790971	0.685781557257261	0.4378880045883456	0.2007450706787556	0.4065827108648998	0.664723027376645	0.3147806734348662	0.5830502741675692	0.5893912409883063	0.5034901976301245	0.5303349130864329	0.6037495608447638	0.7515474429992044	0.3559935005593352	0.7768633657337155	0.6218023877486263	0.6844193089363224	0.4381277807346769	0.2652031288432966	0.6397278095263929	0.7866125138143494	0.7652181594038288	0.527423366661179	0.7972405133370867	0.6216566566901531	0.7359872180750322	0.8226908908628507	0.7883195097340653	0.7623824377429129	0.697070583154308	0.7802492365521371	0.6863152841489799	0.5746104599072631	0.5826080875733709	0.8570818667246285	0.7228052577560228	0.3290419769386444	0.6680276118374433	0.8563574895829722	0.2646630904177537	0.4788355859134608	0.4540957068210408	0.3897911760553311	0.5736780257080193	0.5691228635003627	0.5544723916446612	0.4705086578626303	0.3485848965629602	0.5651683015175533	0.1711694592197516	0.3571214713996261	0.0907055195106868	0.6913151613825631	0.7733044866502478	0.7111822125645594	0.5746691886834019	0.7552613928733736	0.4971904785412614	0.6073377845742047	0.7727899882634559	0.7680176964841108	0.7789996090343954	0.7954867715927756	0.6855297081315826	0.4595277110078461	0.6693317421660429	0.9078462816386128	0.0666303499717565	0.3503863662996058	0.6849205631580935	0.179826141104117	0.2774357691250502	0.343971197734737	0.0823583288428181	0.2767682506375834	0.4190331767742121	0.3364529459834325	0.2642627824219887	0.1342899794148681	0.423113154979458	-0.0303340953585642	-0.1615848351325411	0.2129873898821596	0.5799884092500796	6.867441985891794e-05	0.0495622261200985	0.2097478251694252	-0.0739717305194207	0.0812853508079765	0.1861948066095974	0.1671065881519253	0.0398914820156884	-0.0840993931540816	0.2920534131039628	-0.2633336985286497	0.6226344421192217	0.4949765826353193	0.5053392037272724	0.8532770651768453	0.4555800304179151	0.6570424899742688	0.6556436228356879	0.681001341144851	0.7463941291345676	0.8064366123540664	0.7388994019633953	0.5031485186378467	0.8035331717475794	0.7908509600941585	0.4884737919154417	0.6699463687292908	0.551633354232986	0.7003401289959625	0.8115201495952659	0.619896309999106	0.7399653054677866	0.6668709321366717	0.6956539733815938	0.5818838691713675	0.5561453943065994	0.3705343734400438	0.6556179931336614	0.497278967279051	0.5051556975467462	0.752503324172901	0.629099248650952	0.7207066285303932	0.5967754867449102	0.5131223546847784	0.5695281546634647	0.3586643591074988	0.5504488166273548	0.4143635242779978	0.4234896657217268	0.4482276666252477	0.538633097118505	0.5500736548733366	0.4971111994089679	0.6000915923816075	0.5072714872403499	0.4862068142101925	0.4651120998109639	0.6741235535925495	0.7937730955233125	0.767970073439004	0.8520355699671291	0.8182292475967289	0.7662258234449638	0.5307023874960148	0.768842362893893	0.5194840151047365	0.4414134214166581	0.5273272858097059	0.4350131125360167	0.4470445217808212	0.5123505270687726	0.5434141514590395	0.3311341358155753	0.740132814428314	0.6189918902465813	0.6676137114006564	0.651251809035957	0.6814268275203402	0.4622929227050152	0.5836385455763176	0.6673609260557606	0.8230802333697784	0.7005946848627091	0.6914791044632685	0.4941172825152286	0.6346259152016475	0.7462398062448121	0.7613490286680873	0.6905751718592337	0.6113121895763917	0.5589108274411984	0.7894195903171721	0.6441740035084431	0.4882362973783632	0.6556114960420535	0.7378681266751212	0.5082520356526167	0.7728169345959505	0.7076075676112403	0.7815385655325722	0.425658797474185
sub-28334	0.6741850600455211	0.3331510671834826	0.3078104482012194	0.1906436426845479	0.3588069622392865	0.6394387770378204	0.4172801820012718	0.5619142391170832	0.3291567872468084	0.3932980665886411	0.3513671347237648	0.4426590818301542	0.3750977820377117	0.571783058655131	0.4247403506940168	0.402242030101631	0.3946664598760602	0.3818309796156691	0.1878994132926125	0.5478849302464446	0.2487098025148047	0.1321087985391165	0.2444266109932566	0.6154310297356085	0.5524884073040666	0.8284134570280268	0.3777411977141677	0.6350217684613999	0.5804593293546302	0.6474656768639672	0.6626697598613093	0.7007464333825976	0.6406490332365417	0.2314283559164799	0.3325864573493257	0.350485850749663	0.155726979817586	0.6109868885810388	0.325900874894339	0.2932291890415844	0.1439808625568482	0.5369122980340649	0.649254294226129	0.3448693208032448	0.2079345651169959	0.2287026468280439	0.2833644480168737	0.3875003733572414	0.18789649055486	0.2604854993887484	0.3568253962056598	0.4435110359649579	0.2535613986166039	0.3594421055225372	0.7623582099748304	0.4685323795169828	0.2472953277553942	0.6809607843785043	0.243956683514329	0.6163213852203593	0.3035263701820748	0.1838671542159052	0.069985588675309	0.1787327195719599	0.2663039505636332	0.298156503022068	0.4976130409392543	0.7843913798768518	0.4495143979413883	0.6880654118685777	0.335272765832146	0.2746426687408971	0.4078433378683682	0.0735760202212357	0.6668941180055137	0.395990081354955	0.3018544657054381	0.0805643207363161	0.1545088900869837	0.3916532800266709	0.2632789625247294	0.4357294717702894	0.7224025924341316	0.5038515745242808	0.7287413124606745	0.3217693105559645	0.4083498311041854	0.1799086316785541	0.3648969469975981	0.2087053005791369	0.1663882364930593	0.1141945761725842	0.2146350322782856	0.1494585231453353	0.3166486952474509	0.3759342402885119	0.4628005528208065	0.4816793327405825	0.4768543680035984	0.4333451951171883	0.3981479527780865	0.5203786394565204	0.6826192992970234	0.3199736335864789	0.3717174680526338	0.4019695908293259	0.7636429443909049	0.6142328562938454	0.2516909595521471	0.4422901511689309	0.4581909884278839	0.2676724322073374	0.4665362891258653	0.4632630604947916	0.4702452347090733	0.3367513152868969	0.3077281572580752	0.3823549701459381	0.394258444573155	0.5179185525849863	0.3414791348217826	0.5452094719561525	0.3541053868300818	0.3723676614192484	0.1832309517953199	0.386041503003732	0.5439729979903875	0.5629669863446709	0.4918623316637929	0.4746883758094018	0.4552413680426811	0.1819691865670278	0.1682579932798218	0.165345366652428	-0.0117616594315883	0.6574615058515194	0.2026591108210193	0.1369733911764867	0.3818174334053311	0.5619301768095792	0.4767547460462933	0.5986021107529585	0.8301293188323806	0.7005610593359917	0.8016632057108005	0.421218506438746	0.3244200601781674	0.5347498971492157	0.7555476620640703	0.6516634943853147	0.3190443883742715	0.4886618455608283	0.3830553377017366	0.4418667011258878	0.4092764404324431	0.4371899824424141	0.5954286026090863	0.3503989877885683	0.2399300174910464	0.1489406319490092	0.188554700499933	0.0820646844166825	0.6778659929020298	0.3954903911704904	0.4918576455080261	0.0652740445664109	0.1203014922932069	0.1482640916707147	-0.0102055671766467	0.4674705861773903	0.6488362691076844	0.3379454287372514	0.3108837781640308	0.3086243214221624	0.276853237406781	0.6205465131833698	0.304150049047784	0.4663202612825661	0.4793034519543748	0.2983640310578131	0.2166777150383589	0.4105873854788028	0.4133938974035658	0.3099950308088967	0.6368167939072982	0.4540934095613043	0.5937612294619364	0.7301572628980637	0.876158592838733	0.6519587429007467
sub-28335	0.7438853554362648	0.4124873270408962	0.2274267243034634	0.3725651457434047	-0.439478663582529	0.2564194528291903	0.3692408551786386	0.580745214439813	0.164996105709249	0.7505418737845219	0.5667142073425369		0.7374588928806054	0.5376933050242494	0.7192326009541771	0.0544585564663266	0.1013392986794207	-0.191104792363956	0.1286562360380073	0.480996762502803	0.3101034596532562	0.4480202102707219	-0.1213806177172277	0.353268357920557	0.5626289526094383	0.8256751037807266	-0.0041778038232966	0.8662155507967155	0.7152538423702276		0.876964594844048	0.8211652108816139	0.8164253719418032	-0.0882295741152642	0.1987846485508553	0.0914635371489798	0.2004096554986683	0.8606303389188678	0.8138876527047159	0.0178869366656495	0.2132538449067843	0.7591697454326364	0.674739667643916	0.0957051957182898	0.3776629254772222	0.7018757772896486		0.5191003390383273	0.4569493463082411	0.4417904247604824	-0.0389806794852408	0.1298652324843587	0.0886308607411835	0.1134691214104157	0.7845823563728469	0.1404887676437941	0.241375406382853	0.8335163587457416	0.5766000021534098	0.128279384670672	0.1599834475140583	0.6805976516535029		0.3173114987221257	0.3246600436441321	0.2542524766255388	-0.0148868269689129	0.1135363920161007	0.1132310832660404	0.1466723322744239	0.1744909871007832	0.3049201230810209	0.6865561328302756	0.6527038290378164	0.3053461777834063	0.264191008940391	0.7104132058392035		0.3896354950007004	0.4039038408509321	0.3569653061718382	0.1470026058927941	0.2368201226707997	0.216148092626553	0.2602105905439039	0.3726345099176412	-0.0212413301362189	-0.0222256479989288	0.2808742837147935	-0.1713314582133338	-0.102072162733898		-0.1759183782597975	0.0105643101169232	-0.1486117711520575	0.4733968366103812	0.3830597029076272	0.654579227017608	0.3835837509311237	0.2209358250748398	0.1599074241717393	0.4818833917224973	0.3301579491745969	0.2003757913859819		0.2817247799102754	0.4447385298792671	0.4591928966172142	0.6933741261771562	0.6257356745058086	0.4897659089035148	0.7943865236650292	0.7134379231981591	0.018635062462564	0.3410241024556483	0.8302542697655464		0.4919184277498795	0.4300659828455127	0.3864871193176031	-0.2088352900796379	0.1694654505735355	0.0719522660540911	0.0689685615511025	-0.0072744799648382	0.6354577066008569	0.7791442051020838		0.7155692349794501	0.7069492015092512	0.5744891282006183	-0.2568552661665735	0.0052328716398609	-0.0388024881463775	0.0401313546901255	-0.041903120602788	0.1181050746742703		-0.0431486038253809	-0.0063109992587452	0.0402239783161896	0.5580662524602946	0.362585718221369	0.2219352846183226	0.4801018140030713	0.4977457401451006		0.9239050993836516	0.8056854524066457	0.8786710717146712	-0.0061071649820205	0.0951426969954969	-0.0146414748775894	0.2126978837919365		0.6425983097242273	0.5129674811638427	0.4958580225208044	-0.1580232883109993	0.0766641818172056	-0.0214067738442267	0.1469718581875289								0.805037812357229	0.8773551431032496	-0.0781310510807161	0.0671940312506902	-0.0132689326402724	0.1805024631763125	0.8267366525809156	-0.0141172031014426	0.1940633596357772	0.1845363993359241	0.2581858937629977	0.1470800509169418	0.2202554781789359	0.0746254076743165	0.2973338663278343	0.5183108135861626	0.4626764911761143	0.7328326127141521	0.8273921480507747	0.354167839681217	0.3333370536066778
sub-28339	0.0815695835028658	0.0319419206751092	0.0140294703485267	0.2793050371524675	-0.2590498028018734	0.0322216185652193	0.2927863708912985	0.1139671524005934	-0.247898089865787	0.284039201820698	0.30534361704961	0.2655148270236387	0.459480955192088	0.0378017796314905	0.299990557263127	0.4573826626856117	0.598051054703685	0.040236582743964	0.2804137357664585	0.3922968297814033	0.2684227254963028	0.2275340886124281	0.507385799355201	0.6910206907309402	0.4189653019667145	0.7694494040705782	0.5938373479608572	0.4646555000528304	0.4770759400033312	0.2716629385525261	0.5547808289995714	0.3106912185133599	0.3957159757830729	0.3630570097406902	0.3304265121267703	0.389172034224035	0.5104721333211152	0.7405802977377545	0.7224038856501113	0.4983629940852624	0.4395077900683593	0.5754319375009409	0.666888950861147	0.4514237754236817	0.4594097295654309	0.6164234804676988	0.1542916513857806	0.2265698774655307	0.6667587143738594	0.5231076983828189	0.2940380917717699	0.3382519667233087	0.4237803264557315	0.4079425696961474	0.7046164745058673	0.3862389057380936	0.3809517857546273	0.673065551328873	0.4240010253711876	0.5260847215328723	0.4366971403484348	0.6996237900221006	0.206514470566747	0.1183875289654035	0.7063300557704271	0.4681778440441554	0.2688933889852158	0.3229564608173306	0.3340884690936536	0.3303973935968267	0.3559334023666414	0.3652122019034653	0.5439434052007207	0.4180137320156892	0.457729255893016	0.4381538841666653	0.7283915064744308	0.1999927461439312	0.2765604428348952	0.6840561610415459	0.5168023526313068	0.4131408119142796	0.5533813617476252	0.3356673864905474	0.4483386630303223	0.5449648221696974	0.1629914804164178	0.6126519986403952	0.737167717089743	0.3377795953208592	0.247322274021399	0.1285321319105128	0.1149031948305599	0.4882075104230164	0.3173970499516269	0.1959811386949769	0.0550640493621957	0.5236749558572574	0.3278824402189077	0.4128871781522139	0.6523125751042731	0.7037355713936345	0.6101153348310486	0.4580931699034985	0.3959482401071006	0.544838554865341	0.5755017149702127	0.6576639272578477	0.4739869931288771	0.3662933032356902	0.4913943481254886	0.6188490023180284	0.4808763143916938	0.2869239449340786	0.5406433572310746	0.7198752966501674	0.3366666775543619	0.4332412724303321	0.5485755934271874	0.5796684183844794	0.3634227964728537	0.4258434684504457	0.3127354504219357	0.4272206977421996	0.5413094988460248	0.4943284470000808	0.5179166799867211	0.2779714972663885	0.4717833110443941	0.4412100458308515	0.5156425641156298	0.4160809440246321	0.3491076045691371	0.4590393668230689	0.5470249518656023	0.3760373160242211	0.4418173988715245	0.2285076284829884	0.223924303607217	0.5859262767460538	0.3663084465941825	0.3506633012354774	0.2514302275417065	0.4942332586273471	0.4877733677730055	0.4699497084101943	0.4193731036768853	0.4336922436135878	0.5927375473187156	0.6759192858373396	0.5249529384325449	0.494210925482081	0.3441572711902593	0.4903263379247972	0.3336700585657487	0.4844706519930598	0.605470994612455	0.5385162082132803	0.4486138741968345	0.5701933776840616	0.2770192149811282	0.4954833054113871	0.3912366439034367	0.316812849080462	0.45200534763902	0.3834436776240385	0.3425984141408269	0.2172845912370848	0.3546445485463118	0.2894796515173529	0.5333655211966735	0.4598849880790331	0.5912875812465312	0.2460713227305937	0.5189323286050321	0.622592167036309	0.467439343033133	0.4395837195098027	0.4153098534617768	0.5449500890692472	0.4690669051664839	0.4744329108647283	0.3901882653716489	0.516459873004911	0.7589271728348932	0.1301860349674017	0.6999055659706493	0.2117168227709301	0.7002763939118737	0.4108342215546529
sub-28346	0.1483185373393586	0.2401034894953435	0.2476335481310974	0.2311282335090382	-0.0366405014337951	0.2408268756780592	0.4550371514069295	0.51615308076199	0.1276474139348483	0.234092510530722	0.5687902377078708	0.1905778809365047	0.4011750054121202	0.0660582186295181	0.1965576873320996	0.1375331108729535	0.0990290930668682	0.1726364060271303	0.156002079820401	0.1027465606472551	-0.2789341743355077	0.3210970671995587	0.6529246002838607	0.8343880314252148	0.50347019503894	0.4194741279867263	0.5593697200663592	0.6631150594887448	0.3966054559666609	0.6996460432280432	0.789147884658798	0.5587453511272725	0.8374011249812506	0.7319999700562914	0.9136418527751444	0.7955328734762248	0.6699374239272441	0.4539926548629777	0.4662578547506029	-0.2888673309931306	0.1365592657625281	0.0248506107046329	0.1813336743508541	0.3306637195688571	0.5433300726880219	0.2526990546765912	-0.0376277473755015	0.1535284146064856	-0.1805428560966497	-0.1146372935931863	0.0931161679939082	0.092443826208212	0.3399460353947748	0.1360436651236439	0.314210154877246	-0.4940489192755091	-0.0243495736398685	0.188204190327868	0.2777007892163758	-0.0869889989365166	0.2181503768617657	0.1908949178601222	-0.1555425437983697	0.0215900018721313	-0.1602210154330858	-0.2680641809684573	0.1097191630721408	-0.3329363166929119	-0.0650752628071559	0.1594716324024083	0.0201839789651351	0.3393826508321739	0.3130389045608387	0.2787325943873299	0.3189727109104494	0.5537985436714163	0.2842661979319574	0.0483234615229129	0.2832226995557332	0.0856172166028649	0.057392384475474	0.3205609341805706	0.275071511745525	0.4783138087017713	0.3996933189863545	0.5724931612152767	0.5133372385121723	0.2549457538137481	0.4085701158022421	0.0991210999764969	0.1518474777257377	0.5475376646070681	0.4529650023566608	0.8231888383790227	0.7123031934355087	0.569593374582242	0.7170346127089371	0.3113935946040726	0.5443899558685528	0.64490768208494	0.4307795655638856	0.500069217671672	0.6499940654022743	0.419944657182066	0.8068873803295076	0.7312441756054848	0.6526845561762177	0.8074290796236019	0.9137252937384136	0.8306456761848128	0.7678886313126434	0.8174429012136235	0.5153080802953214	0.3701791341824811	0.2753703444835517	0.6863119689128486	0.5078569549969567	0.5918891612007944	0.6370361915037764	0.5574882978208453	0.7121366480280219	0.4130832977604338	0.2993647668616099	0.6723221190072348	0.2743091907329077	0.274982865196383	0.3920095511450308	0.3726316305296116	0.6638248902983126	0.4334224246503305	0.4883646696965839	0.4034191151763985	0.3429193304636569	0.2739873078067248	0.3948748375882021	0.5247994769573112	0.4656176026756248	0.3607680321766497	0.3893501829404769	0.4389835921837017	0.3599832987937516	0.3915128730660639	0.5381244269428436	0.4742268462689925	0.3452703972864475	0.3390298493454938	0.3828735718912817	0.6004624810848462	0.1548330833378662	0.4106491116611698	0.5658075026733327	0.6626727549040151	0.8462257061009067	0.5842835472506598	0.2812725316784523	0.4451266750221995	0.2510740486941895	0.3230775634339874	0.3583610606090933	0.2353976664432996	0.2789991756484544	0.3179939927432769	0.559468348097688	0.6375446203398865	0.7627553929597808	0.7345913330638091	0.6670976138105355	0.5420017253386703	0.582248838806132	0.4600489860433303	0.8196649564614438	0.6718612655273648	0.7197576297036615	0.5810321119304327	0.6327239134197771	0.6895860825773235	0.6590520021206967	0.6202639619680909	0.3038413031556402	0.5999221023934435	0.7339238388761173	0.8324775395299936	0.5553328452487677	0.6302212296322688	0.7296596162054081	0.6561624111789109	0.904245127510105	0.8183145230313531	0.7199943749432319	0.6825121170934066
sub-28348	0.8830541529124335	0.5434420975631634	0.2614144848484545	0.1472918025119974	0.8527896731309367	0.5239940219990825	0.5820187497358181	0.6613112727125925	0.6292731651668413	0.5156438651753196	0.4532846311210864	0.5326132062345903	0.8204995702960928	0.2198767872034652	0.6841959785038758	0.4757641061715264	0.4184852366964861	0.4214312108692215	0.4949853975459832	0.5121111539310869	0.2773406023240866	-0.0471942529162873	0.8086648803352978	0.5960071033489206	0.6306101136685873	0.5512098253323914	0.5604518005750766	0.5299745138207574	0.4824756090980812	0.5021558839563781	0.8055539188477686	0.0776827311143065	0.6464485256665585	0.5045039065672411	0.5007953131862646	0.3826934774330433	0.4177533846922395	0.7817939727884008	0.4874797077188307	0.3867957234886523	0.5390153622847135	0.7775253913140057	0.8275258254789244	0.5466216099832597	0.5661632636101752	0.813023650082356	0.516333730531928	0.2931100313988715	0.3812204947477414	0.4665974522077665	0.6710095665631856	0.6303994128134933	0.2853043667618132	0.6001222885293584	0.3724578990618561	0.1725122189177897	0.4479875530189195	0.7300738590333381	0.5963269515644394	0.4650225477966406	0.3785963470886209	0.7283397874990485	0.2950603503389662	-0.0066439565081235	0.2681878659559797	0.1813285352272534	0.5774863682817264	0.5440185788947554	0.1489750105843667	0.4323999962273276	0.0147506984914807	0.1287277169793047	0.295712538618914	0.5496856320939273	0.3623896545165262	0.1880477821796383	0.4000807982366893	0.3274535680150962	-0.0150696469783055	0.5985872968381699	0.2013105274042739	0.3910809196026166	0.2998792141514868	0.2328674393438566	0.45065142204454	0.4754187364663876	0.4493151400075806	0.447399979950774	0.5844374473110426	0.3261051418450457	0.3967829885637448	0.3856415145228334	0.7438453689133039	0.1183488253699061	0.5040725735994726	0.4082607372608263	0.3514120133402253	0.3540166127760273	0.3250102813884093	0.6429726551790178	0.6111204016440634	0.3592511747590159	0.566255815816292	0.399460416144464	0.3454623438254307	0.4620386985380837	-0.1458317237193593	0.4078146500793594	0.5873857533559963	0.6488176831811076	-0.0157458294634003	0.4142921133366147	0.6798544267753833	0.6498299402542194	0.7276391155663299	0.7384936169340519	0.6202146936621404	0.4124080533635674	0.3787631753445517	0.5684727072551832	0.7315516786265872	0.7428806322404866	0.3660291229239919	0.5906437192960402	0.5251263710874634	0.5870921297081386	0.580819669233024	0.5376252634145078	0.490499845684182	0.3502907030316351	0.5781711268102915	0.6866683666031845	0.6195183452485403	0.2654155862456154	0.7351811588296551	0.4640471037249423	0.5977740749309457	0.5996911165745743	0.4145639760994603	0.5128367638383303	0.5182454928177939	0.6720988494091705	0.586244438633106	0.7164120147651346	0.5621454373863862	0.3599765889815376	0.6750481239842939	0.4097655863099579	0.312082631909954	0.6779834685073692	0.6727121092467058	0.7610414042155348	0.389796930175294	0.6803520690867503	0.4337228655320904	0.2702763218363578	0.4150731634418694	0.3675320741997402	0.5997082492605769	0.5421587030092074	0.3569611075272729	0.3985753543023909	0.4623955512760702	0.5945342013766292	0.7248141269733558	0.5426356885254597	0.5148380067344389	0.5976545440584882	0.6445161308637675	0.1270237071473037	0.7767491004944302	0.339623358798152	0.3261169875198024	0.402755857810228	0.3813367032771147	0.3709396906824203	0.3449562584235652	0.2341296855652054	0.56650584286341	0.4694290388199187	0.5120122129794755	0.5142352587591286	0.6286083731087991	0.6546782124925301	0.8896951761688684	0.4628818971659674	0.7736398256630929	0.4166911752194249	0.6933121280973737	0.5115340295460936
sub-28349	0.8204666939766844	0.4114005481224603	0.3968203588630807	0.5200103962659681	0.8106522620189855	0.1443144338460358	0.3272812022662179	0.4924752191380322	0.342923398240207	0.3926468466887901	0.5073030101540664	0.3528871080117808	0.4686986785941953	0.6572014507196631	0.4797256068259053	0.357354148414438	0.3904580753886484	0.4296647548915918	0.4308064977916637	0.352319013211194	0.4364455895970305	0.5178538121300221	0.5684123493567868	0.1309156737944033	0.4838552312732598	0.5257001086673652	0.532888714164365	0.3574113778515673	0.5787697503039968	0.5466935015788837	0.6565074542923437	0.408988316159881	0.5057554917040077	0.4113825052015029	0.4182904986800687	0.531970298400771	0.5109337182202142	0.8001962095659962	0.9007838524597804	0.6620268458947697	0.187751916491815	0.7580977750791167	0.6155997578376972	0.570704810028538	-0.0150532696090701	0.8594408576250644	0.1884644192925075	0.4579730860839476	0.2219580896376971	0.069928511588389	0.4010847124015506	0.4918148412208759	0.4452719706057871	0.1125021017632952	0.8953548355520468	0.6007666252448843	0.0898198935867264	0.8105992545339472	0.726763003361587	0.6303762360183318	0.2350531448882404	0.8476399676128344	0.305327940348355	0.4793987945310256	0.2483263615966386	0.3217597092875905	0.6274345106033109	0.5473014649184831	0.569907086729233	0.3714827935498188	0.6965043742291581	0.1485211656178774	0.8359415877131815	0.6769354341519371	0.697178704356843	0.1325977244521939	0.913873355355152	0.3024463959088738	0.5565400339389357	0.2882856957577193	0.2692233174396238	0.5716456153985261	0.6267980236239393	0.6321517087979924	0.2628220902876663	0.1595708734826266	0.4754602048412114	0.5403925380914656	0.3942960545968772	0.2758831085198703	0.6493969222871471	0.2426941263647383	0.4014465645090094	0.6177723704564987	0.368980694726725	0.5395059201990428	0.5861527409711148	0.4516812458224976	0.3731804250263358	0.2469458256694281	0.0374701320508132	0.2827678036321865	0.0209911104215692	0.1883429960354946	0.134809855658874	0.0580421307313725	0.214044494212829	0.0428443567789472	-0.2287765816258126	0.1822664495126226	0.0878407458020492	0.1076696443882775	0.4614302666825329	0.7259983129892665	-0.0138318537110244	0.8328049692678694	0.3346172117448077	0.5567725727259175	0.0524685960269767	0.1386491502797476	0.4930982950454304	0.6175998162926989	0.5578829276999937	0.2686298690750108	0.4795628347841901	0.3948832254169013	0.6769407562478857	0.3393020073737108	0.5289265202036207	0.387823930625631	0.4332634144734373	0.5053144281259898	0.3120979260387139	0.4377971982954426	0.4042846465808002	0.1257663523810559	0.7177155259842464	0.3619666705250757	0.5320960332192062	0.1578273113626979	0.3286930857890452	0.4107458361442151	0.5792581563643935	0.6929656913585691	0.2759352825432989	0.2178317137863755	0.225415639047523	0.2648205429777232	0.5842313672667246	0.760564513832864	0.3789902911371744	0.2275760721517172	0.293059901083232	0.434570730851844	0.3900266529785178	0.6223348201100783	0.2891941573058121	0.3138001774887994	0.5889934743986827	0.6317252473623322	0.6115798880939076	0.2987596642360348	0.5735144752648555	0.2867444265164062	0.468720386721705	0.2534774924632691	0.2491545592560104	0.3381918850027941	0.3637870212061073	0.3418362814744697	0.4832993269186965	0.4214057342374646	0.397808127857868	0.5133634173907544	0.3529057543748548	0.6613575368662838	0.2491470191513704	0.2823360132989904	0.2944431311125964	0.379141598460579	0.4059030341974826	0.3045625754414599	0.4366755643413735	0.4862568359027004	0.6844610651308054	0.6144631067510644	0.4724268931762432	0.7629895670856761	0.3875879493575707	0.4464486738540217
sub-28354	0.846253373786993	0.4757100461677651	0.2686390450681718	0.4371261233827921	0.4279963438875813	0.7087779832105446	0.5742882488226537	0.8643923362112963	0.2681237173957579	0.7568386829409915	0.4709765741908009	0.5617843616776528	0.6762851252767887	0.7546498801306069	0.7471159657626183	0.3807291959506259	0.5280120239451407	0.3409514146334836	0.6702544432313903	0.6336600200253444	0.3918360533275002	0.6207727170860318	0.5617470836520864	0.7488258229041436	0.7347329226235876	0.8960559330378336	0.4936858730762344	0.7157811692830418	0.6148694448266588	0.7384265667418652	0.8366284116645007	0.7339253888704242	0.7418054753091863	0.3482896000887568	0.598367716162615	0.5319362414530013	0.6131638548380938	0.5710329201689764	0.571368459971376	0.536155114593087	0.6525138009398834	0.8037758661004941	0.6307931354098102	0.4833245745770833	0.4514153157009624	0.7288349588111509	0.5515397349054539	0.5939300037156813	0.528986281920364	0.4829978530635588	0.2778396347651826	0.4978891081836689	0.5831486933273673	0.3591480422066672	0.6783293282743126	0.5992931046706762	0.4481986714541966	0.4535111014808064	0.3911521938068156	0.4872071835744642	0.335338216311628	0.47293082851248	0.2403262531964389	0.206540955378818	0.4941666646197132	0.118885647854237	0.329747848804475	0.3609556966209981	0.5007407366137508	0.2998935623562893	0.810887985581226	0.5518730082108892	0.5368566625599182	0.5840778375304913	0.7849438697818437	0.3816120101043567	0.6556511854850798	0.3878440832073566	0.432051218613681	0.5533621421839418	0.260252076988605	0.2805213065459813	0.6564473735714161	0.7672938477659038	0.3857582196469195	0.555748311140821	0.4968425288015806	0.540411579550958	0.685292042306017	0.2787061922067421	0.6615716732812751	0.379249961378647	0.4350692468119264	0.4587518013513538	0.1714687999940357	0.4457406578004563	0.65226346813255	0.6739501435765004	0.5130128316451165	0.7541293551110463	0.7061893779968351	0.4170046641738717	0.7650894839731444	0.541806674031866	0.6399111909973627	0.6679827268381286	0.7327522804644799	0.6205794293575966	0.592740794178266	0.5233388402282816	0.5124492952501825	0.6319443831132132	0.6442615248990284	0.47760670792006	0.5401630914498962	0.6506680257165453	0.6705212132348797	0.6902339344968744	0.5995676715276711	0.5556653483057719	0.3116419898168076	0.4332337889436166	0.5214141375785813	0.4340424720524888	0.4273439857673082	0.7566423247152687	0.6423844526617422	0.5676661073851211	0.7365955587971283	0.7431350853607752	0.757546526411586	0.3206160906143373	0.6313672053211289	0.5799915698694351	0.6717839549305682	0.2296778901530742	0.6205058557413243	0.3743454470168706	0.3887068602126551	0.3739151026551776	0.1762020063784345	0.2571776604748591	0.6063573223850103	0.7973259528120272	0.3368889072216581	0.4052092873239576	0.5091468047101171	0.5785311924361051	0.8197420666963499	0.7780245690679327	0.4537029320683674	0.4447070318234147	0.3838507088704058	0.5861515413407963	0.4764802811584211	0.6144695400197184	0.4848188127043288	0.4526903462466968	0.2360861706611062	0.4955937183375695	0.6084324719510861	0.4504357882441144	0.8584240992702056	0.5139345920869012	0.6337409975370996	0.3177651788672693	0.4415304444621352	0.3482893248433658	0.3948604872751164	0.5357989346758457	0.7491778431661569	0.2641371827628979	0.4527391511159419	0.4151800645159778	0.4686695127955328	0.5781862229453181	0.4265629888470679	0.4777564352907359	0.4573380603129254	0.6283472459872403	0.2534009437544627	0.4545125054683117	0.3274277917563588	0.4831797884981705	0.3996792070716875	0.3235860272119745	0.6321634260463532	0.7744157831953373	0.4762999363266963	0.403203329338027
sub-28356	0.7567121551274303	0.8633354020503505	0.7412726518117593	0.639439584492923	0.3209088432669199	0.6169494941175802	0.6029390687689676	0.7535964587613921	0.6375597584290169	0.7517418228714388	0.8203401719828894	0.4761230869624399	0.3849128974410018	0.703969428778183	0.5938518895854366	0.2911385964816648	0.5660434975295677	0.5119429303991007	0.5648384302082752	0.7690297077738807	0.6961582040000998	0.4817392939727207	0.373221449705764	0.7775493550042091	0.7658911428289631	0.592179962906566	0.7678876083250599	0.8341979955740595	0.8034811256148475	0.5736849418478176	0.6437593239152379	0.7796882262303912	0.7261816874451772	0.5162958920433875	0.6993427182535172	0.6067117677359615	0.6942443281031417	0.8145783609515077	0.6121235922292834	0.3092442744092635	0.6702101806772109	0.7314235435994739	0.7811881396930521	0.6758986702855418	0.8138639335086766	0.8568202517340139	0.4459294509384524	0.3886423856342269	0.7415748939778883	0.6419231768446986	0.4462034800842872	0.6639316240140748	0.5715175664970441	0.6574177326811427	0.6045403816917475	0.2955794585431873	0.5171406326263706	0.6137672687586019	0.6481972768660968	0.5256234961293391	0.7427036215125581	0.8280589330348135	0.3148375781982902	0.3549756446478987	0.668764570686295	0.5506929208837897	0.4392611786888774	0.5600574871316935	0.4970536299320415	0.6536536047179987	0.2747026750177763	0.312684464788835	0.3448432835624469	0.4814145233812748	0.3507220529971568	0.4508723232769723	0.5848845801672073	0.1534065889358235	0.1696555792501967	0.4101590665919641	0.3577956460909761	0.2622491038670888	0.3935480357574702	0.2922887908742846	0.3404196933019774	0.3057080085224473	0.2463300750195737	0.211733204709873	0.2826760325071019	0.3521947536590006	0.3654330667637196	0.1413680737731243	0.4418731093400925	0.3484946785894083	0.2163100684704964	0.1201577626603004	0.420976767451537	0.3083013058776908	0.3381494331147962	0.8390601528394015	0.6205886432806107	0.7796811371099253	0.8045158623946483	0.6123170322828241	0.611189613166752	0.5941569569301411	0.7138579238666047	0.7446980552112192	0.5404886438942513	0.6889447637829237	0.6249430630839838	0.6664825510017328	0.6792717119657193	0.7992924215889682	0.7728819903197094	0.6775517648890864	0.5615125761327152	0.4992180699357148	0.7515775757409201	0.7183435119661682	0.5787492430500665	0.7632890476313615	0.6701783322187019	0.6875386072075381	0.5777998682637223	0.7281741182873809	0.577827303212495	0.4519051285770528	0.3069540602344152	0.5861610698993847	0.635932349162215	0.1724879767971669	0.5489287728929197	0.485758232985624	0.4682624398187486	0.7440918692499565	0.6365607116042569	0.603973448190852	0.5139767485198647	0.7644280165381115	0.7039590265706192	0.5302862102954019	0.7783466765217899	0.7102623062581288	0.6832628325481356	0.7604326056136627	0.6095689482975484	0.5564755835802289	0.7822953724871955	0.7950146117787358	0.4881050595131539	0.6823909060321479	0.601117627895607	0.6964230895550361	0.3882160582737495	0.4139931895101177	0.7163377994361401	0.5368875789362413	0.5147978376245308	0.6680709221469301	0.5471606300027736	0.6559347892918163	0.5280766590909285	0.5485455482680084	0.6854554157988312	0.3026548034627584	0.4648022273786085	0.5355898111929216	0.375873568536573	0.4613734686926722	0.642720771138588	0.2323726553529081	0.5022801966379526	0.4482444441534784	0.4572196263579655	0.6372127339358933	0.5373626256750211	0.7387879974209319	0.6663055260730666	0.6947878017903093	0.2808780279324541	0.5738183707300719	0.5968854820047054	0.6007311486787029	0.5707975502572531	0.4076509251158593	0.628471348506015	0.6335877839038945	0.6924879047217714	0.5237065222653666
sub-28360	0.2190255358398163	0.2540108670115532	0.4248360310894594	0.3534498381349159	0.4329112137327042	0.5800976331239912	0.3326760068783447	0.5067130768544345	0.5418475130756109	0.6792098277915927	0.3783715550803507	0.3335780626346758	0.5985065518177058	0.2382742853004003	0.6813351295076574	0.7150031007081104	0.6517946658904861	0.4562393215285464	0.5306327851432189	0.4593629687849805	0.4360398847484408	-0.1170457891310054	0.3096517414768076	0.4880806064665464	0.4409891075991566	0.4840811255631741	0.5246465366298073	0.1413301229745772	0.3534980702535404	0.6592362018709025	0.4865504979230222	0.8191057567072781	0.5795833325627003	0.1487395435219659	0.4690295397693785	0.4455926538819217	0.4261874941123684	0.8264832428381251	0.5225545661866516	0.2326761402910309	0.4831824043155501	0.8512213523451715	0.7220516358078903	0.6030103071827154	0.3668415921886054	0.732056539350327	0.5500130927732912	0.4752858247699126	0.3552861938344277	0.4307823711265553	0.386402596116494	0.4157466205304795	0.1543426907020928	0.2936440592036648	0.6033751752000434	0.3713349842475991	0.5723402445272421	0.9003048262535295	0.713454401020413	0.6318430613090379	0.4729695533790723	0.8649560842517825	0.5389604891636106	0.5145560815965656	0.4094131650018571	0.4305926044980754	0.4737497677299702	0.5290586516369935	0.1857245251858248	0.3610447872042154	0.0263906376512898	0.3569316939223318	0.5866011456468602	0.4447534289728939	0.4868728999045556	0.534706882844969	0.6151514030976305	0.2800806752985205	0.2054403870652636	0.0240178173437968	0.0642456732050261	0.4071012815426055	0.1812747394675296	-0.2772525713463625	0.1825579234081779	0.3929395503956469	0.2790297120927851	0.3703310889808173	0.3135270272962812	0.4950457074592151	0.3248419390082165	0.2978562479083709	0.4445231476842406	0.2053906050726067	0.386635176922777	0.4111236109665909	0.4978665391389972	0.5862543865042931	0.5891708688919163	0.5531703673256283	0.5859800849598549	0.7820998260116568	0.6540542137254559	0.5538885377067551	0.5526761682701757	0.5564747087704001	0.5936861762734799	0.5896484494898161	0.6545120039297914	0.7383208557203408	0.4150785146667526	0.4828895385781379	0.7775899796540173	0.6330469780133625	0.4205582659258979	0.8166459716700072	0.5481291710657636	0.5218039576254656	0.3955965265895411	0.3865366974387211	0.3521267250490685	0.4561859289596674	0.1105375073497423	0.3295680763263531	0.5987831567459184	0.4519722775287823	0.5587633912073914	0.5089691761970645	0.556985288994002	0.3745447614615609	0.4869684253963747	0.4760991067515903	0.5286030006469585	0.210190261732077	0.5359998684477363	0.688259544628101	0.6058753645225734	0.6922499390342539	0.6057074141538563	0.5847565000670738	0.59948590689474	0.56725224965465	0.6551511173842384	0.3220226892299879	0.454039072715983	0.5070697659023066	0.4556345986902917	0.5524074767841831	0.2161737101460712	0.5224580436492735	0.6966073334269607	0.6243790602438919	0.3666780017550407	0.5174073204478641	0.4708750084065076	0.5136850893990502	0.3444003754637396	0.4287805420994984	0.4409896857803478	0.5033276801611216	0.1895641044778473	0.2283695388567159	0.5770062014002001	0.704507134158932	0.588298196840849	0.4623684554003211	0.5740691304675393	0.3106615234988619	0.5732433025418984	0.374187954555206	0.63436528035086	0.5793789779859332	0.6618576871236389	0.4996955609070586	0.5861683239235267	0.5169339998711242	0.198609089729964	0.4854958583394609	0.2766817385326992	0.371281531462818	0.5910791930749649	0.7559241437253554	0.7167295794378177	0.4744737682053044	0.8094399310172	0.4476222993797465	0.5374047769204235	0.6943774719746849	0.553276985868992	0.411294832405968
sub-28367	0.6752047252965887	0.4715997582638924	0.2594215141227189	0.1538485307605651	-0.0456573114952677	0.5979634422020444	0.4575691502675571	0.5983977159828868	0.1924891502778123	0.6536725838043822	0.2556888023055813	0.4792673991141097	0.7631982761764251	0.3656421686863705	0.5582111878217263	0.373442992069648	-0.1121924827388451	0.0251913822128116	0.3308100783618392	0.7276049904390031	0.6112847512992755	0.2353300260901895	-0.0800593311030318	0.889049970077846	0.8024261939103217	0.4664815693969432	0.5239609414040508	0.9353520838231087	0.3510305894724928	0.7905492912678176	0.9222306782234774	0.7804341927800397	0.8558822436564705	0.5239832155380051	-0.3512108669920722	-0.0103039676381816	0.3536799530399043	0.6804139867461932	0.4494775769504942	-0.0178119379036755	0.6870791628363605	0.7490151596356496	0.4327174089675156	0.4025523283865937	0.6651664972799431	0.364557455368144	0.7107350033222155	0.6429557619631727	0.6563499412847669	0.600971583946534	0.4008810259667638	-0.3316697399472346	-0.0834327423957754	0.3454125745740267	0.6922320383792974	0.3440320064231376	0.6429604876686182	0.8116607394275875	0.0821931151328521	0.6707823443864664	0.6002766351759834	0.6004121347013995	0.5504788120478932	0.5425552686274115	0.6443843790724375	0.4398349308980026	0.4138626075986265	-0.0695064113702726	0.2775212224497697	0.2355278938571483	0.5459980142908673	0.3804726428561518	0.5555092790087427	0.0601554364914928	0.4764457324813699	0.2575286559703713	0.765865197969715	0.2415641506745847	0.28190912264558	0.4484357939622482	0.219018637288838	0.2503795873068964	0.0315505296887756	0.581273234769311	0.2095973897025947	-0.03949369213768	0.0529896915038604	-0.360654537734038	0.4521041947473644	-0.1066570049841834	0.3486862010677645	-0.2194785900586923	-0.0725942734803314	0.1021521700938504	-0.082829067320277	0.0991078472128565	0.4548846511701169	0.6926770187437574	0.1288907204402082	0.8651164196379572	0.6021838697328245	0.6341047986886258	0.8937694550199292	0.4341470259918042	0.7079047198796669	0.8885573087913452	0.7744350594854043	0.7830715270968317	0.6531614440419646	-0.2735067008199948	0.0877334836091705	0.5010198637217894	0.4936151682819116	0.5720509079274385	0.7788841131193952	0.6615306293577101	0.663052630311993	0.7501901705490722	0.7641936796303941	0.6662213691601369	0.5376172893642088	-0.2574670826736692	0.2185518016159978	0.3930852439808606	0.1012763182203814	0.4604143588445939	0.131300477498791	0.2796320591562533	0.5309444339185383	0.3041169234648866	0.4425927558304552	0.4307943079494329	-0.2348227448947706	-0.0485349692197978	0.4267541914261715	0.5199348231180273	0.2617938324450011	0.3827909205212554	0.5216150725994335	0.5192841695913125	0.4525461377558077	0.4310839251797009	0.0302912368621317	0.4616976085741348	0.2675654531898036	0.3860942543308587	0.7763407766755076	0.9187534414245372	0.820147806710492	0.8979484104556688	0.4431290400502852	-0.3846423970364313	-0.0241556875871338	0.3779263206769343	0.2889201226026217	0.3732286505088045	0.5348530349160993	0.3420301843197729	0.1690257327986834	-0.0985306204732505	0.4813799397688547	0.1866583438009877	0.7640741638295463	0.7373564050639367	0.6778368359570095	0.344858614038201	-0.5026213926107953	-0.104426210630608	0.2822890229239128	0.6994253388212833	0.798557750437243	0.5393188542667046	-0.2626782245004514	0.0333485012086615	0.4010911648531133	0.8442544186524445	0.3265383114725367	-0.5217221429713633	0.1694156647154639	0.3959896045212424	0.25213163624066	-0.4919967176207841	0.0262961401093056	0.2890782418725921	0.2264348033546269	0.1211836448563468	0.6852618960860533	0.2394962012510448	0.0072978564394731	0.0779819313525626
sub-28368	0.6188940491591587	0.4205948813112053	0.3627003609952938	0.43828654976879	0.478748197384867	0.3979991716040548	0.4200136802301563	0.5491671158477262	0.375617214508287	0.5370539467127322	0.4563519493319935	0.3942610890995204	0.5296717996675651	0.4712186349582771	0.5070036655243843	0.3338275859492922	0.4198367193509021	0.5142662148462376	0.4146955075080388	0.5072713398506631	0.4041653382683043	0.5167254375186671	0.4262526614911279	0.5907440732499021	0.5561282845727888	0.5161711290477357	0.5301714485709722	0.6558904128970104	0.6464376962046977	0.5882875550005471	0.7138233745953467	0.6160553211011351	0.7057034658555293	0.567227142241028	0.6312136673635698	0.6062436183537873	0.5664260300252587	0.802420401865231	0.7529888962572644	0.5372594956336472	0.4903272183031319	0.674082157378372	0.4746202286588229	0.4179037513835103	0.549121863694391	0.7026543351283584	0.447492445878297	0.4280136938562704	0.506366179441568	0.5854763140017972	0.3934768441109582	0.4603659655522441	0.4457295615398694	0.4873763949428598	0.736319802750307	0.5140905777774236	0.5129634072725777	0.7639572549018828	0.4395995895295286	0.4900317074643446	0.493845584354954	0.6910621776068573	0.4038807892062407	0.4012087467794575	0.4617215994700448	0.475742833346151	0.3986642439298269	0.4563911089831672	0.496517654332669	0.4290875518556531	0.5811140020793907	0.3990243976506105	0.5388432715963216	0.3205207327544479	0.4610282956010026	0.5165325913188996	0.6980260033561371	0.4125399887211705	0.3487783940817262	0.6094112671301725	0.4911812026927871	0.495323854413212	0.5910337283355034	0.4822265165784025	0.3734006518499353	0.3387869622906471	0.4481561073970709	0.360881208222834	0.4079323050162666	0.428089350301324	0.4279445487088253	0.3922098767893546	0.364913604461945	0.4748304211871066	0.3251237703109318	0.1873778655150657	0.3895312342384116	0.3794923537146384	0.3292958847895716	0.7339734805702955	0.4136193115468579	0.405694476701361	0.6755842706438837	0.5447444197155396	0.5911286839584622	0.6696199828687951	0.4627490943842569	0.6899962059895267	0.6343572752143442	0.5068518910348131	0.4023253940820283	0.717277047314429	0.5032421441931147	0.4733846350727109	0.5824302046268995	0.7255695847995898	0.4895076402958792	0.6352145764334793	0.4959039137702266	0.5784212588060276	0.5726450041371723	0.507193809417208	0.5511772569267042	0.5760349289378348	0.3251852202051218	0.4521016608771116	0.5154944496308563	0.3954358852823804	0.4890631672610776	0.403700166868079	0.4912727427083322	0.3832608448624748	0.302904718609678	0.5719243060324194	0.4644842537382955	0.4192133973053645	0.4642103835205893	0.3247642891826177	0.361564844510348	0.4018058257486375	0.4362606038709142	0.2743310201548033	0.3520980867110406	0.4730872586459075	0.3429225466367025	0.5250385526421515	0.5920392653083801	0.5866734070061499	0.5552895827793428	0.6558766311955831	0.6036989237160904	0.5861820918206164	0.5015304051117402	0.5364440573980603	0.5241814400444079	0.4785560817740193	0.7092218350779697	0.6142285135503746	0.6347631584560498	0.6499298095508454	0.6232034657671748	0.5304402836888251	0.4987791527883428	0.5159641711887956	0.5909100077867753	0.4414427944918919	0.5594180241682504	0.4130719570062636	0.4699806831159742	0.4778570011738957	0.6249859825922658	0.5033805714211664	0.4463355019718461	0.4439859170689621	0.5908274528524156	0.624296614931082	0.631167447277033	0.6222433686816854	0.5089377155823862	0.4475853219089309	0.6053646400737169	0.5691008657240016	0.4581788325697918	0.6227504376868681	0.7229310370592132	0.5065927136880644	0.6454009421443947	0.6620209135879603	0.5527247760502927	0.4241561523611524
sub-28371	0.3221549745613072	0.482507765899114	0.0664407331006516	0.4879143944753865	0.4760069905095608	0.5786486530396062	0.1798647848378707	0.2780167275302043	0.1309908902545082	0.2422527505712555	0.2967746199452208	0.4407503997312031	0.3065816434786633	0.6160738610832585	0.4522705723244847	0.5419733526483578	0.5974072468250295	0.4293354346602311	0.6255002749071625	0.5129364417468315	0.354262803014018	0.3214433571217729	0.4234292723260635	0.6317123642946462	0.6840223427316144	0.570433612174615	0.4036932109406399	0.1679946904777225	0.5436182806941908	0.4003120622149659	0.5840593244348506	0.4887597918585808	0.4008437149609845	0.4852380771638546	0.4721631202540262	0.2189078790903553	0.4784466816481924	0.3015639616460092	0.6031473701819593	0.483605781669614	0.5660809371027877	0.6046650836416796	0.4347388177456985	0.1419668957752164	0.2292567704391503	0.6943194485243342	0.2990180349578286	0.3665333627208082	0.4654053087787646	0.4763241053982669	0.5210953193704632	0.5775203427987391	0.4205200608257936	0.5829011802934199	0.0122625724451593	-0.4339059885509555	0.5134573621067936	0.7381745989536992	0.2859573862573892	0.7843643575242197	-0.4594196146258859	0.3801659075409509	0.0981722731308333	-0.1330366190284461	0.0922773181961016	-0.425209769781863	0.3160796404835538	0.1025231488424839	-0.504789399555672	0.243046982446035	0.5857471385607086	0.3583042451171468	0.2040889865720954	0.2767481770064999	-0.1430798148914348	0.5778999934704793	0.4348893058876001	0.3863753716982431	0.1913003697317691	0.4423361810823787	0.601657915459483	0.2772008656626738	0.5366947614095566	0.5893585700644847	0.3484123255078608	0.2595794638419804	-0.066634297656779	0.261423024658859	-0.3822056041441097	0.5699191960003035	0.2718265213632234	0.3782009063778104	0.6271595097501119	0.4901813757470624	0.9435194331807354	0.3439216845109768	0.6036573098778225	0.8655340591345372	0.4215468299347319	0.6489127765537372	0.4507097873958899	0.572850347999466	-0.0272305836683225	0.644047603316528	0.4537019399937643	0.417848240364398	0.5622659025458824	0.2616101716177427	0.8402285033901707	0.7145713157729873	0.1598786648006044	0.7120638387829971	0.5099784669430993	0.6026892289424889	-0.1271778995640923	0.6295129961353929	0.2277407458643684	0.2572881460251405	0.2823357791552081	-0.060799446250435	0.4442573198297384	0.3565536074210983	-0.1365513313813454	0.4184910445093359	0.2500677709107908	0.0753940755013714	0.5032407039416448	0.3134723345191965	0.3200125770235175	0.3355481165413482	0.2420813154823428	0.3200318284486334	0.4006708688765468	0.14418335929678	0.4609815433543434	-0.5661061088841156	0.3741641176304295	0.0852583160018161	0.0531123036108304	0.0918759103515221	-0.388238197834034	0.5385785433476535	0.0984384918103939	-0.5926584346035316	0.340377583088038	-0.0476130928063935	0.2682713923352914	-0.0005146833725414	0.4329788031322532	0.5674161693881007	-0.1788135583725348	0.3257549996547622	0.67268723547675	-0.0042319806657984	0.2040055848190163	0.4296794966602128	0.2410850219624943	0.286134258795261	0.6175996800308159	0.4999858438903908	0.1575331375200961	0.5499526429801814	0.3268410829267637	0.7544075640467884	0.3982508457649775	0.3617825526288079	0.4159522490371001	0.3558225445363778	0.35122183454545	0.3392316531329269	0.6823513306352013	0.5564309076261966	0.4164193133400655	0.4437283288420718	0.546821200436174	0.5328666370045627	0.4508832493784189	0.6036560055421919	0.4782036672786166	0.5391536437288695	0.3421477907751294	0.5910637217531268	0.8553251540894045	0.4543005281329927	0.714060567089886	0.1932028296619574	0.8257995641009883	0.621541589336061	0.7760850939627683	0.3418979464881585
sub-28376	0.6634030538654577	0.3179694137745013	0.112961813352364	0.3213838333870161	0.3599639842558548	0.5266924557564984	0.2828808075745052	0.6694951764818335	0.3198773264880934	0.6497086787873896	0.2666180806942739	0.4566794353693857	0.6005972868684855	0.453924834607695	0.5882265948097452	0.3497208735028788	0.2762268339955157	0.3282375286025164	0.5537283643600845	-0.2125574393478384	0.1261065488181347	0.5010546802219634	0.5194388654739593	0.6649054535712924	0.4874376663026757	0.7313408099509687	0.4524815527065392	0.5979815703513716	0.4323016936862424	0.7470526404100843	0.8500970534438375	0.6054617195850845	0.7061999278248416	0.670088885834521	0.6724473934087889	0.6337525782897843	0.7817718002227292	0.2958134980396148	0.1268010136513369	0.0798550772177055	0.1094462595113952	0.1388138045100815	0.0943890955752467	0.0018989656049317	0.1557419377578302	0.1592436380485508	-0.2209777067227499	-0.0844364500441136	0.0215044845778436	-0.0304553900281942	-0.0600792808787657	-0.309560422947211	-0.2913169101779034	-0.0669787210060957	0.718416865924778	0.4914919625986561	0.2759138265019132	0.6146734738663553	0.2241100059231217	0.21769107512895	0.1015689080950953	0.6837350174763765	0.2486620958036799	0.1709326762704449	0.3805963166349491	0.2197955824458647	0.2155120134627619	0.1708708911659469	0.1728425006701723	0.2834888863918121	0.7577867533642799	0.4143407699885522	0.6726046364081028	0.5654690961680502	0.5577389045132248	0.2345285626863458	0.7614560001831858	0.504422529311235	0.4077657330084437	0.5335872517921088	0.4017051318422107	0.501621983178746	0.5844507921481715	0.5879892842727771	0.5420730918359713	0.5237978509585032	0.6741111133928462	0.4610808359165531	0.4063489086600272	0.2226673771397466	0.6223037593822046	0.3902618479191733	0.4648725999774469	0.4336768370559272	0.32452288017562	0.6176546905598921	0.4715712362714789	0.4837213300585598	0.5960788481357229	0.6502428624974892	0.491511116231312	0.362909586807591	0.6368704214259238	0.3452598198137356	0.5286569846415217	0.672778354912594	0.5734207592853637	0.6537628423488747	0.5671678182806527	0.4441123563365211	0.3541659033656617	0.631566751400635	0.5185058151746125	0.5032406989767207	0.1506837140031201	0.6253018825570259	0.3272760999804053	0.4457778346748486	0.3678366945733523	0.2779574041551682	0.4564014306829499	0.4844534595181539	0.3964711192611242	0.4631740682159943	0.4842802365540276	0.3964670823704894	0.3652190770773365	0.5062738092884136	0.5757857513020257	0.4603274148920971	0.540802180252503	0.479199167115668	0.659860535653172	0.6460703159840404	0.65060076272788	0.3003530449645699	0.4153571964817433	0.2748438148308399	0.2820458920670799	0.2278692223152928	0.3171455201625151	0.3030833893125957	0.6226896333707477	0.5800113649347297	0.3308835698534711	0.177538883057774	0.630015306300613	0.5905597078355821	0.6026890781497818	0.8501893463898358	0.314082780256591	0.2490313699657532	0.2535653161858258	0.537722942300204	0.4000679861441303	0.36141400977463	0.4407311015039288	0.3005814461149187	0.5236159717037253	0.3770941410514405	0.4245306019064301	0.499467513203238	0.663171386268375	0.8182954832222905	0.838555260025854	0.5776895554283031	0.5649286386063798	0.5252278981571858	0.7375621074937146	0.562161331532243	0.6583170377827722	0.6870527864573538	0.5713828354193402	0.484223214022175	0.7166607716899198	0.7974369768889656	0.5952282107860872	0.3951240621099234	0.4179388594794455	0.7271493881782088	0.4639343176955703	0.4444767460656603	0.4146076953747059	0.7212573852639453	0.6206708010716039	0.5435846301635939	0.7747476123654895	0.8772818007693168	0.5991436418615445	0.5478545172464901
sub-28391	0.4155744966321899	0.2661166335796399	0.2820662371113707	0.3371044146837606	0.3362180613431452	0.3702230723054651	0.2308781372543222	0.3668560649427617	0.0830620150757079	0.5181165984862798	0.3951175887236586	0.2462590697120778	0.302940323155553	0.3587554147888315	0.420284903338378	0.4217804282196282	0.4131356956776784	0.1084311935375484	0.3952028810489983	0.1648052138231032	0.092728339318478	0.0784938355542485	0.1699332066527455	0.5857279165723829	0.5049755681008571	0.4344097096726579	0.3716730256113446	0.5507740270726005	0.5161191954660179	0.336887350596514	0.7261354308700716	0.5787522777144045	0.3820058606108847	0.6773559543799861	0.7006714483062593	0.559678767393236	0.5900493391778139	0.6521980679200761	0.762146120318463	0.5311143778180707	0.2157291343863195	0.3995515239081276	0.6810091359390399	0.3001598368940682	0.2336775788844352	0.6520396898425826	0.2959132272945771	-0.0042315329111445	0.3793358988744426	0.4257610993540173	0.2741049714338208	0.1633909520448092	0.3806424798359221	0.2435312362013287	0.8223048781188722	0.7141968093345405	0.1549606018754371	0.3727234360581333	0.3412697310303887	0.3561718629020607	0.3662003253715379	0.4850190467024897	0.2300587812062804	0.1413717542477097	0.5958468664338357	0.4760563765838981	0.3617599718725113	0.2918517792459705	0.4029100875368639	0.3946447219248706	0.8320851046832933	0.2266126104989562	0.3270407220748327	0.5321872117573369	0.5078633997332848	0.4185715371661843	0.5131529375208893	0.2396486264787633	0.0368406426570848	0.564629704434321	0.5350561484793248	0.3952503175074556	0.278388882406316	0.4501303829001512	0.3331720596754075	0.3021071825920118	0.2872274977560644	0.4611847551758123	0.5037879735294659	0.472287860199599	0.4176600031892406	0.2883990874392885	0.1515008068076286	0.6217595432858479	0.5290598237895208	0.5193319779492104	0.4020761014487606	0.5453380740656958	0.3610667883413675	0.5825362040049292	0.4098347559850581	0.5104667696386394	0.5981012577061415	0.3371477511419084	0.4950130493506388	0.6153790471976535	0.4929984691614292	0.6302886396165289	0.6821594635386417	0.5063723291094783	0.3588964108884948	0.5670712646589952	0.4855926674454077	0.4359047428305493	0.3842601696747705	0.3107135537229703	0.3487554743294955	0.621802167246607	0.3890122899875511	0.4635256329851613	0.5554081478001436	0.4937945990352565	0.4550712713689497	0.6130356723320993	0.3134161414302084	0.4154897952098249	0.5462201715527983	0.3543227708891094	0.2041543975880455	0.3631812980073098	0.476045667340926	0.459251791316887	0.466151110005118	0.5232354932340798	0.404878295127731	0.365810853942175	0.3497325173282749	0.2720450280598623	0.3285627919651475	0.5253931449631914	0.3651980227448061	0.5129914737559832	0.4139729482834941	0.5911235778975873	0.4464721467207034	0.3946582424662849	0.3903077260921339	0.5596208699900003	0.590679217885039	0.7957754580478642	0.6678085192553005	0.6699454366399992	0.3985977361047583	0.6119601341450042	0.3799627967047043	0.2085391770289899	0.5701565436847155	0.3768985476355594	0.4435248284925288	0.4000677311026556	0.4094547994926722	0.3524452516651543	0.3214883892527357	0.4012394426261781	0.445399451948384	0.4531359010346856	0.2557990543084618	0.3117509491001341	0.3025019453187469	0.4548868992779779	0.4756844238466329	0.6215320427473189	0.5934765110543903	0.3607202802620162	0.6314050859904403	0.575226720530023	0.6197037852887315	0.5630819837391465	0.5759498549315284	0.5051561761026255	0.5815225511731831	0.4671533835332936	0.3907083954952149	0.4945242484892754	0.8187674489118479	0.6090115056223406	0.7458186593424561	0.5768326441883652	0.7162093164375684	0.4315552507526053
sub-28397	0.836553043079148	0.4288935890529821	0.1588815884931725	0.4566997037461583	0.1955187619017546	0.5712732265391776	0.5426925544365228	0.6267173465666481	0.5144106810279324	0.6852184928073639	0.4935321965709254	0.6657802632989422	0.6199012601151752	0.4926411375079	0.6017212084650329	0.6186274693279522	0.6066898611363557	0.5328363059285063	0.6279084775646123	0.525770471232626	0.185271193706637	0.583897932793594	0.3641010689790218	0.6587119527829985	0.647664833886668	0.7424948978438034	0.6189105600833783	0.782433867566507	0.6848047302492226	0.8241342423688857	0.7224968154394306	0.6763545821743099	0.6543035655159111	0.6555340111018249	0.7246597844097231	0.695205472490348	0.6034541955222866	0.5300598456915083	0.8322108080152923	0.1750008553767657	0.4193507405384923	0.4734427705375902	0.7125799140210225	0.3638964208813809	0.4185472232631709	0.6265964541398754	0.3005572894145658	0.5536231039464962	0.3753337255317995	0.5033613744325702	0.4794468180672076	0.3804562766978528	0.4095259265863686	0.4937546492545736	0.5950220555352425	0.1994701677864309	0.3400143897022811	0.2886948662548817	0.2707343088575554	0.2266504351114342	0.0782978006665791	0.3479586067936292	0.0526490296682595	0.1389107973649173	0.1357972052000299	0.1454771639396683	0.4877859816841534	0.2308862932895661	0.1921623978503475	0.3241544080087237	0.3292761845680042	0.574041093365328	0.6759513811549339	0.7092276681641188	0.4696130514937039	0.422224076321014	0.7339596277720909	0.3536708180914188	0.5237198914414675	0.5424868175693076	0.4335337623045115	0.582097694626343	0.511391515784567	0.5734532361072155	0.4995223046904106	0.4369894628288334	0.4257036272770683	0.1858750599257257	0.4236600397664734	0.2055712755544918	0.3311127232640938	0.2417065242378552	0.1755600424373759	0.697522786452484	0.0543066555199801	0.3632653199586568	0.4312388075661447	0.4888359105212848	0.0512127752869983	0.855509567839226	0.6370295548132081	0.6807337800770179	0.7281906833836805	0.5259249379915358	0.6067105898327825	0.5354937814653568	0.6921631018673849	0.5697994037148989	0.8021356550451585	0.7188502008756875	0.6981445591215171	0.6820585512552901	0.5610272374741174	0.7187087455516272	0.6177903815085927	0.7195921475493623	0.5150227934321875	0.4284129242426393	0.6618776044531002	0.4345124381468441	0.6525757616101161	0.7461870586854125	0.7459469431443879	0.4918159061169128	0.3651424588766443	0.7284815367293256	0.478479156531464	0.6089890474264678	0.8515071426373994	0.5740521394679325	0.7906885503156276	0.6783716535176594	0.5312432921602576	0.5406695236162841	0.768933043548447	0.4647872804709929	0.7205176166508583	0.4529393589413973	0.2272317172515373	0.5113404876306114	0.2039939063506059	0.6101066748681437	0.7635081137711702	0.7301825609892423	0.3544471515698754	0.3943062186796491	0.7772054750361895	0.7948749685489227	0.5496758791439735	0.8156033880136497	0.5774742233157537	0.5962847204056657	0.5268621459943181	0.6820631730432724	0.4675174525111994	0.332888302877776	0.5654624874572037	0.2899581526448637	0.4632496838273255	0.6416709006932991	0.6698502416345488	0.2625179491354059	0.6332694837664644	0.5849065496847787	0.6149239369800351	0.4839882546088896	0.5518389122385007	0.5359277128184994	0.4885493891643167	0.5307194017758049	0.9267940062526308	0.5225810084700355	0.3884862128361798	0.3724472534557874	0.6929530666446567	0.4524293648366113	0.5506591452602626	0.5968018310892551	0.7017493404866688	0.3519179123655745	0.5089493929531398	0.3337767732005887	0.3041255954608831	0.7264295595260677	0.7653557236235811	0.6569936390715505	0.7906068773292854	0.9001558910823323	0.5011683479434105	0.4093755980626999
sub-28402	0.7788333437839583	0.3341695764548297	0.1477538552107307	0.3301510920747006	0.615145255473693	0.4892971587653189	0.2903612217023882	0.3078327968526286	0.5590630922753528	0.3685471725484316	0.6427467554873882	0.6362741607272453	0.7836247296302767	0.5862675504468305	0.6272854595423848	0.5839754155428367	0.6286817585404264	0.6606239789002989	0.594877163300254	0.1945262893481847	0.2338007169864142	0.1534949247700641	0.5005445586148968	0.3634262697593706	0.168635334105046	-0.1697611244831177	0.4787004545074856	0.0462295122703247	0.5318171801403038	0.6379876160319674	0.4818083856851622	0.3791520690046983	0.532447253328315	0.5318107210369674	0.4328735350568794	0.798678937264365	0.6267522335165965	0.4297423389394704	0.547507662784002	0.2793936496543385	0.4991731404136231	0.4027780014277166	0.4491921174498241	0.198417919908271	0.4913025034549408	0.347671774291255	0.3406897915619517	0.3770373295807611	0.4670393928151852	0.3065057881147387	0.3313163455474927	0.4347441276159278	0.2012790800683943	0.4261686000486847	0.3258118254320634	0.0487434962876664	0.3686389106122273	0.5428041034508667	0.1018655287916581	0.1492749999777823	0.3159524914105325	0.4621980628505607	0.2330060255837924	0.0164565141832092	0.2465940665935713	0.2646854744079621	0.1523973063186521	0.2970490232621925	0.1317849769596161	0.2963401296060342	0.3566820969695016	0.3504884578841883	0.2681939997598528	0.3155512401086119	0.6197675705870527	0.3219278253654315	0.4558873940432431	0.2426830706595548	0.3924561840516753	0.5695879780174385	0.1511863886916619	0.103313558265769	0.3327551514847986	0.1737976379948609	0.2116937281621016	0.529721529837121	0.3623868956953048	0.4019483335803538	0.5879091290055093	0.281129173155034	0.3625864123155198	0.4281270677650928	0.6652396232305726	0.2173923301505388	0.4164464134654974	0.2316026867321046	0.2822642186851706	0.6774373682438946	0.2492187458749543	0.5183655270532032	0.5214347573062181	0.497463625780593	0.7032260290470823	0.4369317228776815	0.5869325927149774	0.5002440806536651	0.4663446321026793	0.6807718159017808	0.3955536956250821	0.5486410260548539	0.452041399222822	0.4792144011681113	0.4616663818964339	0.2721052570207761	0.5256477609716772	0.5575390382724428	0.30475512255931	0.3896182543805224	0.4332099739681884	0.5797861106903903	0.1456546493371427	0.4383309157411693	0.2722188659528592	0.1842167174222587	0.209381017307944	0.7346317943020848	0.2268287209446655	0.1688083374459713	0.5159380285369661	0.3450265791626245	0.4393044188604099	0.2168814702729294	0.4422783772604232	-0.050477887090299	0.1541404458695349	0.1940079647967339	0.5121487865652486	0.4299101697342743	0.5358487650376796	0.468808230673899	0.3825010819123067	0.2228231553648988	0.4092015664807832	0.5503699277317065	0.2830496684644736	0.354570416336246	0.4131974163988662	0.5061440327878017	0.5101018286729226	0.6530000628510706	0.3754707106619291	0.5910447857598531	0.0787598997928391	0.3377012067121426	0.5471551781278894	0.538675172201596	0.7093100031643816	0.5419736340569267	0.4194009346623559	0.57521564416392	0.524007295876629	0.4627187556219132	0.5595938408466792	0.5271419305858492	0.6283046449299967	0.5001747941092627	0.5321025625569211	0.6167313369774529	0.5374328758512208	0.5672469818592992	0.5689559203233091	0.4477388156619095	0.6333540358507035	0.5603007495743195	0.3500501684311399	0.5519833078920247	0.451438130451939	0.6288710904581039	0.2893515585552038	0.464762730469386	0.5401722442952922	0.6481045808324088	0.4870486915362614	0.5207091564852706	0.7904456257725048	0.4446000547248424	0.7243571008024103	0.4132388556689759	0.6103336269990431	0.4843196307105509
sub-28409	0.7497619362166129	0.1271110654332501	0.3672714636449082	0.4861221070098979	0.1247483781570324	0.0685051740111025	0.3977446232044297	0.6392980444938663	0.2938150828879056	0.2727403759249521	0.4673001621650782	0.477485818160316	0.4987692456889126	0.3204689100397506	0.4294787571798988	0.5496186871558567	0.8179090084390102	0.0267547703315292	0.2814645645213982	0.4686619224233233	0.6272385189870736	0.6246507691020207	0.2372742334871523	0.4584614606508999	0.7414836317245026	0.784244353638292	0.530556225165433	0.6044242853506343	0.7047640129589495	0.7303168503163819	0.723990573044933	0.4591250808782314	0.7105742044384726	0.7054095669030409	0.7651253658915356	0.4156378624101722	0.579993943424227	0.8557356761405921	0.7883479429916205	0.4038049660536915	0.5387340835594174	0.658573869268531	0.4774435375455566	0.6696301128023846	0.590961658161502	0.7018459596513096	0.5018724315853624	0.4570342833827136	0.37695331415531	0.490527404266723	0.4774190011046256	0.3113496990315018	0.652570346036889	0.5584409964473216	0.8594394399734081	0.4183069173731539	0.4937025511524854	0.773076840329232	0.6555082826579343	0.6351097665355507	0.5813170259845788	0.8674474578313839	0.5598276787500743	0.6027697907175052	0.4573784966498949	0.5622536376290804	0.5574450995885167	0.525396351802798	0.5210986203342349	0.5549960497820321	0.5731832499109233	0.501617824113282	0.6743802580425416	0.6113626242681267	0.7744115933505973	0.5210685813883587	0.7995305312461385	0.5615776054165004	0.553405334579414	0.3911599176245948	0.5350313550482944	0.7059621097993327	0.6756877090113916	0.5674670244534763	0.5364344652973496	0.5294757487425634	0.3453634282105262	0.3510111894785456	0.6527507884763474	0.2204517027026504	0.4250877688888274	0.2955738067760769	0.2474382041167659	0.1755184936532363	0.1844002984254126	0.5210734483433987	0.3069063306993914	0.2984712711931682	0.291988074432711	0.6167282987770605	0.5173533762558802	0.6304589338443445	0.6783467478331184	0.4749162393803183	0.6064658268953351	0.5702381700358201	0.487839613601816	0.4864941071512469	0.492770917615527	0.2896878178080036	0.6366979209117936	0.7048844622739306	0.7278262735812051	0.6013525276558926	0.6714379572600384	0.8484096047183898	0.5740054678572408	0.7374703663432088	0.46770771876354	0.6230926005977405	0.4733867720350958	0.5025303343562485	0.5342239964038386	0.6475352491549017	0.4380369848929898	0.6136247924265351	0.756260275863561	0.5804022261668417	0.6894897834362413	0.4585860765568806	0.5596487119787193	0.6135553249152683	0.7021212350253959	0.2871561975328205	0.5936264191069835	0.5465496269336196	0.5778660273899838	0.5479793989324548	0.5053139391288135	0.3890071499822423	0.5072064068660437	0.6177519869293769	0.4898565336309572	0.6435546233800055	0.5422839858720383	0.559072855852026	0.6825740680918152	0.6012813527043224	0.493437037967501	0.631067957467185	0.5456911070846241	0.4752262543803544	0.5740088930151013	0.6831514583384122	0.4969448599455596	0.6343716535143342	0.3778561188441933	0.5320844121280933	0.5251367774098117	0.6283630143918	0.3992339692171529	0.5301946275307065	0.6390912315025825	0.5497765449301603	0.6776005280411497	0.5802393199483743	0.5414917645145156	0.4728667967443377	0.6076379535200087	0.5326799470031265	0.6559243326901456	0.5424909764265432	0.5764642722892841	0.4015409133176056	0.6336042010548153	0.523932588296995	0.38104098522259	0.3565644202359954	0.3864985976689096	0.4776007917878075	0.6026824921046819	0.5740022898273394	0.4291805073858004	0.6025805505215635	0.7667918498716813	0.4663208990681231	0.5127711508389625	0.2953173677476066	0.5108595596210479	0.5683121850397165
sub-28410	0.7863203743166681	0.5448381412081026	0.4549656688949752	0.5860314123873753	0.3189053277779775	0.6445163511586172	0.5646778098191065	0.5455193508328178	0.6519955839880316	0.4054659386515604	0.6356032017651441	0.3973884336756617	0.587420318594783	0.6056308103899812	0.5686383746359515	0.4400056200418001	0.5093222209408212	0.3991080371978907	0.259578099011804	0.7477620680486188	0.6345501240382838	0.54715131247654	0.2817157843365988	0.7730699258162821	0.8130012779665396	0.4936971876390079	0.6594213667402486	0.4365422563418223	0.8418832880316593	0.5286697115246529	0.7965697741283967	0.6785144922802612	0.7299835651245481	0.3288668613294901	0.5910515923492933	0.6743958498370585	0.3398631214075847	0.6452544255313696	0.3180774696800158	0.1442967684305017	0.5889857588875946	0.7310469448924521	0.477609420469126	0.4741525386648357	0.2216532223069728	0.7135400386159904	0.269732801723382	0.6784046005328238	0.4670096152643881	0.6007589362968653	0.1975910312548367	0.497621064025713	0.5560457047338152	0.3769848731067986	0.3906497353619457	0.149146593007015	0.5571995579697896	0.6901535285035866	0.193633597039695	0.5179842497685371	0.3278612480654109	0.7045724255571705	0.4207226898252107	0.5432060400414098	0.3482966800360672	0.4624979199707207	0.178220792678822	0.5071086031163262	0.5309975690072077	0.1902538295211695	0.2109499391462099	0.3901896703172079	0.3379875921160384	0.326434229159455	0.3938599083212265	0.340775168761438	0.4906962412709432	0.2895337400653051	0.2717335220289952	0.3773691936870184	0.2683055562548727	0.3128349336489241	0.3529334771442103	0.4452372099544468	0.112987404942099	0.2922723596006733	0.1014622924879808	0.3306537247435271	0.3730468904214467	0.342490897854447	0.1057209891259395	0.2475290673799182	0.099439946766431	0.2449990765106411	0.1259804039151201	0.3768134126780507	0.3548344170616545	0.3566960451129786	0.201099976384515	0.668294171432378	0.4367633358518786	0.8142279308505875	0.6566514284646604	0.6093496935062938	0.6324137134540009	0.7415220162802145	0.6854846765901783	0.7838642404139714	0.555381531856298	0.7359915023246832	0.7191967412111868	0.3730646042166961	0.2293345245830148	0.5313105535507887	0.3630250361289909	0.8267160901876419	0.4225630967602529	0.7185884596575459	0.4629445379982676	0.6489116475352474	0.1457994203648274	0.5636597254269474	0.5894336676421933	0.2511008178829078	0.3249704518078814	0.2760881248485682	0.2127424522348227	0.2322676115167533	0.2724211523300948	0.4126526699565734	0.3431927020562531	0.5195822914942214	0.365840104393025	0.3715391656988827	0.4842706451520163	0.5895077402514521	0.5106652389461339	0.6304802945871558	0.6708839231974457	0.5151690029929712	0.7164892570909158	0.5296839299364617	0.7109506934777543	0.5726775292693179	0.3333392319175655	0.2568834568011985	0.6631884316683762	0.3942879103805055	0.351951226966263	0.504249869934517	0.589640741587306	0.6439077504679379	0.5203538773640797	0.324438917461437	0.3897110686209587	0.6780983274512714	0.5457926205254802	0.6055030697854639	-0.0246603300832188	0.4543912596638114	0.5883725361926431	0.1818715129156171	0.4147086162442457	0.4152168090204952	0.5550333756830219	0.4128651540816592	0.5634543397868685	0.5048230651482887	0.3051449852684286	0.5432057539723636	0.8521806819182609	0.3280317228774292	0.6093575963886656	0.5610179230746212	0.4078001849561076	0.5528633140098518	0.4082415029767704	0.5220020526336063	0.5094113596227077	0.2730095607259764	0.3883459836937928	0.6651168694548687	0.5720053541337741	0.4430322022859951	0.6482143173102918	0.3806412512135436	0.5256451787695444	0.7023619382169004	0.6297178486536599	0.3752199542891028
sub-28412	0.8018901662238981	0.3048850503104641	-0.3076593371412096	0.4579499621006749	-0.8261941218957454	0.2022394979953469	0.2050981804737973	0.7194169297733698	-0.4661490086114043	0.3177789150084534	-0.1012703881077575	0.7099569065319384	0.548594974496919	0.147992783842761	0.2444945749760622	0.1770488238522047	0.6737713024560711	0.7217177993503041	-0.046675457425295	0.560662580322299	-0.0218657629864209	0.6854129919065919	-0.5657225463683588	0.4432532329730648	0.4284326063451187	0.7597197130958492	-0.1209250889215751	0.6466093135139641	0.3505653896061615	0.8875862352846015	0.7307245518219763	0.3548571730986944	0.5330693816786175	0.4976284507496051	0.7485060632238209	0.8615031302753593	0.2503490526983196	0.2796063432139966	0.6687231067971482	-0.1120474573457578	0.3121709510050158	0.5102950603360475	0.6205685702950318	0.1413660210944697	0.4645637650960805	0.5125546989911628	0.57942863975642	0.4831464447958044	0.120848474402373	0.5092072506984696	0.5519569681704672	0.6099959196758993	0.5748628938502406	0.3261549010560944	0.1706101275038162	0.4958233208648484	0.4773039981703282	0.5403688047647365	0.025216709438731	0.6249722989002467	0.4061030929966553	0.5975400167641538	0.0117383155579819	0.0779109625950983	0.2468587323011705	0.3646225413324589	0.4474974725730433	0.0297900063354332	0.0690044932785736	0.4930127870281267	-0.1161108187781094	0.1868913678233932	0.2519231187499239	0.6373968163992259	-0.0358692375889481	0.5288519998624037	0.5352848081390525	0.6283844542927367	0.4522542211014368	0.5448537682901633	0.5488966551500818	0.5988670927525128	0.6068347451173944	0.6145424165340151	0.507387933210431	-0.0656619236966006	-0.0893529362716126	-0.5611508762337656	0.5762156665707199	-0.0115992377960407	0.3726597390519893	-0.5230241949524917	-0.3590666728078196	0.117464792534541	0.0964461346263255	0.0412329345084678	-0.565327968594409	-0.5550074960138475	0.3310306555102968	0.7599846599649667	0.2865443808824838	0.6203011642249943	0.5678429382838909	0.4220786122152468	0.4307418876700674	0.5838733951124099	0.3341817853633471	0.2844008247071848	0.3665357582481872	0.3313336985776396	0.4419119674710438	0.3081251690282817	0.3689697290514503	0.5663548425134367	0.4424238023315491	0.5206793997465022	0.4293092822931219	0.5770581852536962	0.2318406236891891	0.3232818726659274	0.5046095859307722	0.5251058040889973	0.5331682104342509	0.3711040932835034	-0.2128421397676456	0.4713388743664048	0.2095881318697082	0.7272941566235329	0.5481393063099671	0.2043949205426451	0.3829178880138739	0.53798653044959	0.7779453974580655	0.7609004178613195	0.2732877873063215	0.2608057445646403	0.5159376816045306	-0.1006183460281341	0.151567719808234	0.2085333294714168	0.2139291272725453	0.2099013104941272	-0.1266088799328107	-0.0697697549625555	0.328899333288432	0.5997532571641244	0.6258085872854384	0.575644323883167	0.4205866291631967	0.6970043199670787	0.5476749900557528	0.4364835443339391	0.6051206023264987	0.4219030798089104	0.3024588794206088	0.3419940738585164	0.4726798031185296	0.5703425207041207	0.5748332553705402	0.2473733086449158	0.3361362291193938	0.5908374660053088	0.7095640414281237	0.30448530040493	0.496277409798433	0.5229466465894699	0.7104043744093111	0.8061395811785078	0.2676105892320873	0.3442771098858486	0.314466807709449	0.379639377492153	0.5735206252729911	0.647257373049776	0.2642444696226317	0.2363681324316384	0.4286551970210241	0.2295580537645375	0.3025777494082553	0.6375681228814338	0.5615967263096173	0.4000932966030664	0.5013201225991684	0.4477395477870908	0.6159391513937933	0.554013957222329	0.8051618285051371	0.84333541625316	0.3065141776050352	0.2771730034140089
sub-28413	0.8387901283225531	0.5394605954807674	0.3788604218143201	0.6775253750614887	0.3328815255494998	0.6992407244450003	0.7015759957008154	0.8778445519677907	0.0373277810463946	0.7045441594118365	0.7515282371297994	0.6734072366184175	0.6999297241716	0.5233960612923434	0.7730247537117592	0.5719150694573104	0.4686529078360669	0.4119085748432277	0.6751951680289514	0.6304230632103651	0.521484613869877	0.7059308299991298	0.3189612187599172	0.9339180999347352	0.7194077555135683	0.909297086137773	0.22567099341492	0.779338344640043	0.8333794965355822	0.8481272597921635	0.894487328383724	0.8261372719522216	0.9281029249325662	0.854210355272781	0.6635563554999889	0.628250456840757	0.8634214927789826	0.9039463077892932	0.909330167021726	0.4184181995789615	0.5068912337491371	0.6872281933070129	0.790922294633085	-0.0143560795045225	0.5596262753673863	0.7525979368391594	0.3234263315326877	0.6950460912021557	0.4496373158864499	0.4884635808922261	0.5618073804825153	0.6713365831695077	0.629588459747773	0.6524939669695251	0.7396502294684612	0.0872015693288253	0.3928195634430888	0.7091208291649455	0.6418360082521547	0.0236688779678445	0.4959443612006677	0.7558203425621666	0.1724286065584489	0.6089572179532754	0.4259286258267237	0.347605713127071	0.4656579894798922	0.7222527544308639	0.5813719106695564	0.4765664465432356	0.4525717129008579	0.5895486295603988	0.6996755166384105	0.8483624717368561	0.0754014579918592	0.5571634543107219	0.7623390833677568	0.4730059310543615	0.6414251880708544	0.4662334056506051	0.578778496649714	0.5834192909556192	0.603471113220948	0.5763876786952576	0.7073368304264848	0.3339838084438629	0.1815701662083441	0.387290658937634	-0.2719412787190853	0.2418144631373868	0.1735959920556281	0.2780780417589295	0.2610571313010162	-0.0247127751622357	0.3383554933454365	0.2637863830892575	-0.0348579850721501	0.1312323330579299	0.4838450744090656	0.5837525765099446	0.7777586634084706	0.2785491722808734	0.7463913190570609	0.6753301666649784	0.9250907787812396	0.8221900957975025	0.8638646475027422	0.939446293170626	0.9236417786257276	0.64929200222807	0.6367824329750934	0.8610568771271845	0.7822011396434813	-0.0267856629248794	0.3764274264956325	0.9440796510221096	0.4313710279063993	0.6001900541270759	0.442294355117987	0.5673234240854356	0.4167025228963985	0.4295423719623714	0.2502596305681386	0.4570292001191458	-0.0151958947645274	0.6831385587465666	0.8609201565454863	0.6917316466918626	0.8593509860975554	0.6864952424331694	0.8156532541917878	0.6950526044197258	0.5872198783817301	0.5279473342270392	0.811855759181559	0.2494235938675175	0.1222581273927168	0.308306322278739	0.0287657940374125	0.3209743474751141	0.2329704198902165	0.4621915787884103	0.5117220936036531	0.5117123453350725	0.2234166442960441	0.5295862326967502	0.6963092203520334	0.7593909258908087	0.6714804815427187	0.7612946292922027	0.8286827299035031	0.8234078153229694	0.8362454000354557	0.7802228766217568	0.5283773364236334	0.7228492493205829	0.5808726061705699	0.675140642426874	0.5862621140731943	0.5780677671726607	0.4471059792190945	0.5967669384351487	0.6644692581049702	0.7929023219949568	0.9553372653183784	0.8531167522402158	0.5307909803186798	0.5429301589460983	0.8113676016890126	0.8455002106047901	0.7782735492515416	0.7858204426277527	0.6668845634698986	0.650798801950467	0.7803128031779686	0.7969567265200288	0.8634757084695518	0.7145850724254205	0.6874109257211166	0.7490222329919815	0.8730054668924214	0.6034978545389534	0.5958580797246552	0.8931772130256873	0.8253792859291805	0.8578832196318763	0.8805506907735898	0.9371429700674668	0.7011703130135558	0.7316980705325296
sub-28417	0.5826242576965639	0.330383757217298	0.4812231513196199	0.4737627076773759	0.4575034953548014	0.434162623607018	0.512978271994997	0.4835563088177557	0.266710305244799	0.4838247594906466	0.5110163778935461	0.3541413065341895	0.4571944528939874	0.475970483351857	0.4129526610346781	0.335390946224596	0.2668793068696404	0.3229950736128859	0.3351172133528773	0.3017040649583605	0.5045275040845578	0.5115500382694596	0.6552638126384993	0.6040743724078492	0.6804782359516269	0.5480371686682044	0.5436755049314935	0.6366365725420651	0.7265126201465851	0.603427576958162	0.6464175526333262	0.4300241374507615	0.6432173100128579	0.5878438340017973	0.443989170928707	0.608162953715155	0.4383342085795789	0.5918716421591202	0.8208642494804148	0.5141874011144577	0.1905148397093401	0.3018352925397272	0.7724656877454757	0.4271862556357288	0.6031478970130069	0.4605838244010482	0.2905952055676867	0.247886641060528	0.3703999071837494	0.443356276843657	0.5475051881093908	0.6694477966396774	0.4360773616634094	0.7816404792352414	0.6080650765423323	0.5918120365135208	0.4146568100027196	0.6140077199682231	0.6337160395545862	0.4649348935392429	0.7237404289760216	0.5223056648513555	0.354719208122862	0.4830784825883302	0.3899720576107988	0.634752820697118	0.7125387390979122	0.4999041946804373	0.4534020041674916	0.6141652313429756	0.7187098469660694	0.3934655323407932	0.4517664634246455	0.7554569734935237	0.651492174048356	0.6671808861173774	0.5581681294307159	0.4263893487175757	0.3711380141368794	0.5045246159105494	0.6057176215409925	0.6487186052521859	0.7797514475276853	0.5700610813890795	0.8403448301904257	0.4909070878437512	0.5531985426126605	0.5198783704195118	0.6646738721661051	0.6858724443757854	0.5857496487102106	0.5228542499087359	0.4389393350117826	0.4766969130427948	0.6885251295024845	0.7657227631188348	0.7622522618532644	0.7297076324386355	0.647810626797832	0.8096416229533623	0.3235777728079476	0.5083778631468754	0.4530641713747609	0.4820065300616687	0.2945595506754487	0.6814437626216606	0.4202641587254544	0.6158022839659724	0.4654284974301884	0.3768167448238809	0.4478265861699668	0.3597786835721281	0.4340634993727122	0.532738365649191	0.5296681440823348	0.587862687445758	0.348147381490368	0.6839589477704471	0.3353757267076418	0.6610508735809605	0.5299413869404255	0.379123473787224	0.3784248798862071	0.4343396131970791	0.4831072687857441	0.6333941947731105	0.5309016372527154	0.3483012189417566	0.4612011917639055	0.3854136566407906	0.4827194870036123	0.5402719100206792	0.5098925865456018	0.4387815314999481	0.6913981115927681	0.4869374998085163	0.4371380778666108	0.3536053621384494	0.4919612749169196	0.3541672438175584	0.5353429339483448	0.6247889174942232	0.6861142365540998	0.4554402571857153	0.6451354325674912	0.7291182983786446	0.6538100392457621	0.5032992006371492	0.4149194148322739	0.7945236503999439	0.7190104137969483	0.6884901104700111	0.690278879795266	0.6591727436082493	0.7758976546642363	0.4501424674815133	0.3148593762849253	0.6697091410623083	0.4695387310737356	0.5095372491345392	0.523926174775625	0.4987729366909652	0.207737140230817	0.1372253250838261	0.5930506632089456	0.3455506080456235	0.5052562019354454	0.5026099123152454	0.4018282225732705	0.4191713300858798	0.5709704423823199	0.5285710842705532	0.3314797585123888	0.38120145350722	0.324573218551678	0.4107111504830067	0.5390567947289114	0.3994492871294261	0.4623305830219155	0.4148476364905069	0.6797007955048443	0.627779784756915	0.7027498595694452	0.5349164460568754	0.7554060150779995	0.6994667310727909	0.716345494254598	0.6682814745739732	0.8023220526102111	0.5311277078421413
sub-28419	0.6094404054839831	0.2373194577234014	0.2638828854727233	0.4105930542887512	0.4918543599518946	0.5036345388181473	0.2685870696503184	0.6207402432373267	0.2994842412597127	0.7021485929119938	0.4089908331794856	0.2228757026553905	0.2125836666065563	0.6436955882008419	0.6755664817965735	0.194281722047632	0.501335852681421	0.548978159446362	0.3312337758987686	0.1283519320299136	-0.0081384689802289	0.1262534274231474	0.2331099408263255	0.6211786813867941	0.5425681986125697	0.6591244296435907	0.4215188588948665	0.4552685441087245	0.4094379411715412	0.2301155430415161	0.3235573968718762	0.5484532054856815	0.5296463179307704	0.3014937577030196	0.5346789485509761	0.3966824031547593	0.4897484209882217	0.8533092781370241	0.8052157914793476	0.5417231573829863	0.1384297701282523	0.5685349009963139	0.5138120449694518	0.5027340340148836	0.1681316737200448	0.7475424979919127	-0.0549718755067597	0.0679247603036936	0.0982585789589063	0.2010156379192861	0.1482264111641209	0.1967986559803693	0.4098827321786648	0.0794069969667783	0.791225353959909	0.5086863600268953	0.0481398514077115	0.401575717844472	0.446575414680487	0.5416334327410682	0.1794939429278387	0.637492694370597	0.0047341594387195	0.1867124076189085	0.1616527949986018	0.2082525818260528	-0.109763197226513	0.1217376607721401	0.4023932947107814	0.120460711380499	0.7957344220576249	0.2009054102513217	0.3125946719421714	0.4930363243041438	0.496220806512631	0.3851450723894632	0.7308661712138285	0.0501973682279973	0.0271250069238754	0.3353496154410498	0.3630595863556265	0.3148932376973244	0.3440209985322923	0.5712428902144708	0.1351285609292027	0.3200167142298629	0.2831810414280295	0.404991878132344	0.4277960594024969	0.4302443757525901	0.6619166721084098	0.1513261073012066	-0.023516550576746	0.4127668763313406	0.364727791608237	0.5015585008004987	0.4618713850923465	0.7090780637644164	0.1756846273220793	0.4449498253177574	0.3914406777661908	0.3694723485393563	0.5007723425227307	0.3671185458298907	0.3874802889636423	0.1097730368085546	0.5405483059529369	0.4109828365263764	0.3000644564604495	0.4799310679124923	0.4339979670454741	0.3822194770139581	0.4962860033399475	0.5286042530941818	0.0166240612274841	0.6058876034762656	0.0140353393732067	0.1266500103654229	0.0828453079492664	0.0990553765321596	0.2104845015793069	0.3239384714385019	0.3159248487820542	0.2757445911476073	0.5467293633742507	0.4872773982256668	0.5222219225161256	0.0773703391489387	0.3411686450241125	0.4618852713620593	0.5568544206867374	0.2584000719429182	0.522962204239531	0.5602169280950486	0.3334693473701615	0.2793391177165251	0.5454437379590734	0.0630581374170519	0.2494736275233604	0.3311067428655612	0.3307283534624921	0.0623400811644292	0.4120466169895401	0.6043667480313073	0.2240060520121021	0.2836988824005921	0.2487802979388047	0.1183536600040369	0.7934377302221113	0.9204998079594504	0.1760827614246957	0.3731252856653895	0.4981962205817971	0.2750290485524849	0.1327896987038286	-0.0066223485472856	0.3471437373163597	0.3237222166557376	0.25936922961889	0.3372288977732193	0.5350310663273746	0.2837524165238851	-0.1094978405878191	0.262169387972825	0.1574393655063864	0.0920928809276869	0.1301868167822195	0.1075143269526831	0.1600053812226953	0.1321995360706413	0.1794094209309644	-0.1157739287695015	0.2448326363064813	0.0983838966914862	0.2788887596169009	0.7655706060417052	0.0945356812089471	0.3008985521251482	0.4079739896107217	0.5402230678399684	0.1056464125898458	0.3460863544264851	0.4708821496979185	0.3611741714783145	0.5732988297010104	0.3473971581813012	0.1134095667223289	0.711810550287356	0.2992348476190999	0.1831910487067014
