Subject	Auditory-CinguloOpercular/Action-mode	Auditory-Default_Anterolateral	Auditory-Default_Dorsolateral	Auditory-Default_Parietal	Auditory-Default_Retrosplenial	Auditory-DorsalAttention	Auditory-Frontoparietal	Auditory-Language	Auditory-MedialParietal	Auditory-Premotor/DorsalAttentionII	Auditory-Salience	Auditory-SomatoCognitiveAction	Auditory-Somatomotor_Face	Auditory-Somatomotor_Foot	Auditory-Somatomotor_Hand	Auditory-Visual_Dorsal/VentralStream	Auditory-Visual_Lateral	Auditory-Visual_V1	Auditory-Visual_V5	CinguloOpercular/Action-mode-Default_Anterolateral	CinguloOpercular/Action-mode-Default_Dorsolateral	CinguloOpercular/Action-mode-Default_Parietal	CinguloOpercular/Action-mode-Default_Retrosplenial	CinguloOpercular/Action-mode-DorsalAttention	CinguloOpercular/Action-mode-Frontoparietal	CinguloOpercular/Action-mode-Language	CinguloOpercular/Action-mode-MedialParietal	CinguloOpercular/Action-mode-Premotor/DorsalAttentionII	CinguloOpercular/Action-mode-Salience	CinguloOpercular/Action-mode-SomatoCognitiveAction	CinguloOpercular/Action-mode-Somatomotor_Face	CinguloOpercular/Action-mode-Somatomotor_Foot	CinguloOpercular/Action-mode-Somatomotor_Hand	CinguloOpercular/Action-mode-Visual_Dorsal/VentralStream	CinguloOpercular/Action-mode-Visual_Lateral	CinguloOpercular/Action-mode-Visual_V1	CinguloOpercular/Action-mode-Visual_V5	Default_Anterolateral-Default_Dorsolateral	Default_Anterolateral-Default_Parietal	Default_Anterolateral-Default_Retrosplenial	Default_Anterolateral-DorsalAttention	Default_Anterolateral-Frontoparietal	Default_Anterolateral-Language	Default_Anterolateral-MedialParietal	Default_Anterolateral-Premotor/DorsalAttentionII	Default_Anterolateral-Salience	Default_Anterolateral-SomatoCognitiveAction	Default_Anterolateral-Somatomotor_Face	Default_Anterolateral-Somatomotor_Foot	Default_Anterolateral-Somatomotor_Hand	Default_Anterolateral-Visual_Dorsal/VentralStream	Default_Anterolateral-Visual_Lateral	Default_Anterolateral-Visual_V1	Default_Anterolateral-Visual_V5	Default_Dorsolateral-Default_Parietal	Default_Dorsolateral-Default_Retrosplenial	Default_Dorsolateral-DorsalAttention	Default_Dorsolateral-Frontoparietal	Default_Dorsolateral-Language	Default_Dorsolateral-MedialParietal	Default_Dorsolateral-Premotor/DorsalAttentionII	Default_Dorsolateral-Salience	Default_Dorsolateral-SomatoCognitiveAction	Default_Dorsolateral-Somatomotor_Face	Default_Dorsolateral-Somatomotor_Foot	Default_Dorsolateral-Somatomotor_Hand	Default_Dorsolateral-Visual_Dorsal/VentralStream	Default_Dorsolateral-Visual_Lateral	Default_Dorsolateral-Visual_V1	Default_Dorsolateral-Visual_V5	Default_Parietal-Default_Retrosplenial	Default_Parietal-DorsalAttention	Default_Parietal-Frontoparietal	Default_Parietal-Language	Default_Parietal-MedialParietal	Default_Parietal-Premotor/DorsalAttentionII	Default_Parietal-Salience	Default_Parietal-SomatoCognitiveAction	Default_Parietal-Somatomotor_Face	Default_Parietal-Somatomotor_Foot	Default_Parietal-Somatomotor_Hand	Default_Parietal-Visual_Dorsal/VentralStream	Default_Parietal-Visual_Lateral	Default_Parietal-Visual_V1	Default_Parietal-Visual_V5	Default_Retrosplenial-DorsalAttention	Default_Retrosplenial-Frontoparietal	Default_Retrosplenial-Language	Default_Retrosplenial-MedialParietal	Default_Retrosplenial-Premotor/DorsalAttentionII	Default_Retrosplenial-Salience	Default_Retrosplenial-SomatoCognitiveAction	Default_Retrosplenial-Somatomotor_Face	Default_Retrosplenial-Somatomotor_Foot	Default_Retrosplenial-Somatomotor_Hand	Default_Retrosplenial-Visual_Dorsal/VentralStream	Default_Retrosplenial-Visual_Lateral	Default_Retrosplenial-Visual_V1	Default_Retrosplenial-Visual_V5	DorsalAttention-Frontoparietal	DorsalAttention-Language	DorsalAttention-MedialParietal	DorsalAttention-Premotor/DorsalAttentionII	DorsalAttention-Salience	DorsalAttention-SomatoCognitiveAction	DorsalAttention-Somatomotor_Face	DorsalAttention-Somatomotor_Foot	DorsalAttention-Somatomotor_Hand	DorsalAttention-Visual_Dorsal/VentralStream	DorsalAttention-Visual_Lateral	DorsalAttention-Visual_V1	DorsalAttention-Visual_V5	Frontoparietal-Language	Frontoparietal-MedialParietal	Frontoparietal-Premotor/DorsalAttentionII	Frontoparietal-Salience	Frontoparietal-SomatoCognitiveAction	Frontoparietal-Somatomotor_Face	Frontoparietal-Somatomotor_Foot	Frontoparietal-Somatomotor_Hand	Frontoparietal-Visual_Dorsal/VentralStream	Frontoparietal-Visual_Lateral	Frontoparietal-Visual_V1	Frontoparietal-Visual_V5	Language-MedialParietal	Language-Premotor/DorsalAttentionII	Language-Salience	Language-SomatoCognitiveAction	Language-Somatomotor_Face	Language-Somatomotor_Foot	Language-Somatomotor_Hand	Language-Visual_Dorsal/VentralStream	Language-Visual_Lateral	Language-Visual_V1	Language-Visual_V5	MedialParietal-Premotor/DorsalAttentionII	MedialParietal-Salience	MedialParietal-SomatoCognitiveAction	MedialParietal-Somatomotor_Face	MedialParietal-Somatomotor_Foot	MedialParietal-Somatomotor_Hand	MedialParietal-Visual_Dorsal/VentralStream	MedialParietal-Visual_Lateral	MedialParietal-Visual_V1	MedialParietal-Visual_V5	Premotor/DorsalAttentionII-Salience	Premotor/DorsalAttentionII-SomatoCognitiveAction	Premotor/DorsalAttentionII-Somatomotor_Face	Premotor/DorsalAttentionII-Somatomotor_Foot	Premotor/DorsalAttentionII-Somatomotor_Hand	Premotor/DorsalAttentionII-Visual_Dorsal/VentralStream	Premotor/DorsalAttentionII-Visual_Lateral	Premotor/DorsalAttentionII-Visual_V1	Premotor/DorsalAttentionII-Visual_V5	Salience-SomatoCognitiveAction	Salience-Somatomotor_Face	Salience-Somatomotor_Foot	Salience-Somatomotor_Hand	Salience-Visual_Dorsal/VentralStream	Salience-Visual_Lateral	Salience-Visual_V1	Salience-Visual_V5	SomatoCognitiveAction-Somatomotor_Face	SomatoCognitiveAction-Somatomotor_Foot	SomatoCognitiveAction-Somatomotor_Hand	SomatoCognitiveAction-Visual_Dorsal/VentralStream	SomatoCognitiveAction-Visual_Lateral	SomatoCognitiveAction-Visual_V1	SomatoCognitiveAction-Visual_V5	Somatomotor_Face-Somatomotor_Foot	Somatomotor_Face-Somatomotor_Hand	Somatomotor_Face-Visual_Dorsal/VentralStream	Somatomotor_Face-Visual_Lateral	Somatomotor_Face-Visual_V1	Somatomotor_Face-Visual_V5	Somatomotor_Foot-Somatomotor_Hand	Somatomotor_Foot-Visual_Dorsal/VentralStream	Somatomotor_Foot-Visual_Lateral	Somatomotor_Foot-Visual_V1	Somatomotor_Foot-Visual_V5	Somatomotor_Hand-Visual_Dorsal/VentralStream	Somatomotor_Hand-Visual_Lateral	Somatomotor_Hand-Visual_V1	Somatomotor_Hand-Visual_V5	Visual_Dorsal/VentralStream-Visual_Lateral	Visual_Dorsal/VentralStream-Visual_V1	Visual_Dorsal/VentralStream-Visual_V5	Visual_Lateral-Visual_V1	Visual_Lateral-Visual_V5	Visual_V1-Visual_V5
sub-001	0.414069988212591	0.2220530271694494	0.4817946702666008	0.3989490184480764	0.4716707692237712	0.4488710494179592	0.455515674614374	0.4748469183014578	0.2753278235987776	0.4833657885812162	0.4146636935837345	0.252838372167315	0.4051151076510982	0.3581085177606964	0.4239751700205196	0.4151723434352972	0.3652630722419865	0.4095819147597662	0.2995469741491127	0.2312750767797298	-0.1098737019520737	0.1299823519056153	0.1462913524442555	-0.221853298882336	-0.2205338127837174	0.306422891532735	0.4082031768221265	0.5517421195733068	0.0618666308588203	0.7688378745056885	0.6754520003232598	-0.2364465850193499	-0.0907374029608903	0.019418877598023	-0.166873785277273	-0.1611129546269805	0.2452298073015858	0.4226162570715097	0.3190267596188408	0.3698942174904199	0.3303932416491194	0.3290164885020588	0.6041826265438808	0.2384359267431429	0.2772522976104402	0.4938657839883966	0.1571884373715469	0.2548938875573268	0.3645340093405138	0.2724407668524559	0.469492312646606	0.4329733929914567	0.3687968795814146	0.3307073466769205	0.5267350686935913	0.5604940463193833	0.7755238611704227	0.8239482223370036	0.4122818411816522	0.2566440304222371	0.2657166292461886	0.5568431707911115	-0.1056618475533207	-0.0262926968836947	0.7483727740747612	0.5313496944985613	0.6831103227386206	0.767500341248478	0.7900740202477304	0.271174392752552	0.3727280395513899	0.3990184726642608	0.5743069256230346	0.3177738681600483	0.4729095373390989	0.2518355380310583	0.5816823414751806	0.1539827076756	0.1325523099377722	0.505506968477779	0.3102545346039503	0.4702572663244482	0.5025026204849838	0.4982275911481068	0.2723909608914808	0.4964128375302548	0.3830881266984702	0.4192137827897411	0.4340132838721428	0.4208165508934399	0.308973387672598	-0.0386051750684769	0.3080663773335759	0.4111932321314691	0.4101589210034551	0.5809420900636518	0.5940358013980339	0.4840820549099774	0.4992551718806635	0.8500597013080536	0.4036106328166391	0.0860393913544302	0.291706461929022	0.5636663226934497	-0.1482659847692055	0.0167579656550897	0.7679897654763298	0.7511708412655235	0.5827507566573503	0.6831237033918919	0.7810097720398337	0.1721523623193994	0.3748110080185359	0.1447551522760879	0.2573101830325168	0.7322710464324366	-0.0794405071408073	-0.0465983000207497	0.7860633361852178	0.6276988553137226	0.6268476186232725	0.7049183503417098	0.8560569164010362	0.1771298709000708	0.2868181513913764	0.3886245022008597	0.4665851781431623	0.141357020582146	0.3041700907890482	0.3472982061642815	0.368617763332964	0.4256491451964642	0.4438434884070901	0.3856068385363503	0.44729350092964	0.2750472491752673	0.1244779075572612	0.3364205137083492	0.2179201942106245	0.1164842250987889	0.1325194270439311	0.3782862984065255	0.3507555320692472	0.2236593542346452	0.5098070124253316	0.3915806962099336	0.5382262476577442	0.5192020124158234	0.1721235470317838	0.1737210983123669	0.3235425418022277	0.2322326763288942	0.2661828377439624	0.2827415109184216	0.1423400034126067	0.183640561912653	0.621225028676512	0.3401712819091435	0.484462735494527	0.502992374767599	0.6335297445876683	0.1290467983932694	0.5593642484109757	-0.1459329831714432	-0.1112562396171085	0.0247099501190385	-0.1298813090933756	-0.0358676178627712	0.1019461681955183	-0.0787382333538996	0.1615451528572596	0.0178302447332232	-0.0978406673731104	-0.0374922999062976	0.1125828250468718	0.5268778036125469	0.6104521310604483	0.6866494398244554	0.7366210699422379	0.1279920110429017	0.3799168230506046	0.4953052039482286	0.5582530563690997	0.1727138770913602	0.8150636492384884	0.7035930259809358	0.5194152280844743	0.7707871281191412	0.4334019296548191	0.2628074684264661
sub-002	0.7214373569500537	0.0376199432485985	-0.232722826834226	0.3161210942474605	0.0392896145315647	0.3873678179749663	0.0205171060807036	0.6145975523300375	0.0484409366656321	0.3906826831483487	0.0555316821167984	-0.030650640044286	0.0230707531629379	0.4266332305352647	0.1537347677899974	0.2791582008956471	0.302234931811069	0.2034476100863194	0.5559733128821709	0.0259130526234472	-0.291494724724947	0.3046688348726954	0.1569648525884581	0.3964890281748024	0.095130749026679	0.5969646298020489	-0.017412684011338	0.5720604097046991	0.1477095115181322	0.3333202624040405	0.4461235842161996	0.432366318843379	0.4488951245833262	0.307743985985229	0.4443471583927056	0.2362799639208346	0.6343407470349565	0.5016349569477676	0.2514120977342348	0.0265774179076288	-0.2933631436629172	0.1136595799849302	0.4822267506792533	-0.1197041717368708	-0.1610422734474055	-0.0059213953236067	0.2285263055766624	0.032117946713254	0.0229430819507891	0.046427142494144	-0.1913274453952042	-0.29306720579025	0.0142887681535782	0.057154262098825	0.464263829375754	0.2761730935912393	-0.073736399502014	0.3748400223140649	-0.0293921647951108	0.3037710425188959	-0.2017003416774969	0.0523966255736023	-0.1173916910536583	-0.0952945981300913	-0.1452715608315858	-0.1443600490848918	0.0338777247415268	0.0183924814854771	0.2474721216130426	-0.0875432725574354	0.4568317323187847	0.3057285898033652	0.5218064096874044	0.2776777393018729	0.2969196665134021	0.1198376501017794	-0.0873211491452712	-0.1705253549295968	-0.073363191490837	0.092891193661881	-0.0553294470814455	0.4214088742604019	0.4427204931331197	0.2890833637917454	0.3059977192526923	0.5320047583424597	0.6314189968761289	-0.1402495329828047	0.3545649412594736	0.0637591361168126	-0.1564269050282189	0.0237053980197755	-0.0693898764069839	-0.1507092562078898	-0.0254340952635461	0.626875553030201	0.2229050896764539	0.3227183226453799	0.2272721730266656	0.6312795916462141	-0.0472355032117548	0.4516814896227802	0.4839104028786027	-0.0384681869167718	-0.0937924905699747	0.1122517687329262	0.168083123791355	0.2169871696513851	0.7554620528454903	0.3989080962541058	0.3315875905026739	0.2632061265074987	-0.0238362508279822	0.4639477876076348	0.1512516078151627	-0.1041249270804753	-0.1005569193212313	-0.0493993704456488	-0.1026160513309323	0.0422130468932776	0.7117017127654426	0.2603916101332617	0.2370318639339136	0.046391995837093	-0.1527563772365124	0.2225361763084661	0.3363956869380982	0.2465909933488033	0.1723985311599425	0.312660116970992	0.2173042951666564	0.0165677730483235	0.0571869689566388	0.1075273156929567	0.4420927766573406	0.07234719528837	0.0575943328535903	-0.4593191370391904	-0.186891503366391	-0.1873259540941458	-0.1522262719438961	0.658524912894062	0.2583054057352724	0.4482292676314283	-0.0758846808193857	0.130406908215473	0.3722092438984417	0.5745798431526937	0.7451642555227689	0.7966353385633191	0.3011955502019768	0.4917260705749599	0.4022298228503099	0.3721171750667581	0.0246942951629728	0.1866376158140459	0.1017689780892281	0.1091794284184155	-0.0148471632140443	-0.0333634550471467	0.1071617386441405	0.2056499774562224	0.6506938875002705	0.3295112312199518	0.6181295885516345	-0.216436041004254	0.0930953318317937	0.0535069157896461	0.1702403097887357	0.4047688992694944	0.7309382074142412	-0.0937330398524845	0.2728219712728096	0.2261757033673709	0.1042763472806677	0.6785510681237351	-0.0701196132909665	0.3076427237138727	0.1764138205958177	0.3737882024736307	0.0170872811392976	0.3226279105738298	0.263788966301311	0.1821520751404631	0.3676715602459986	0.3925315876452035	0.2263249161710782	0.464641737437591	0.354991858730438	0.3314712441088353
sub-003	0.7001897441430398	-0.061216772314205	-0.2788137304487414	-0.2442510431580813	-0.176666724378511	0.5747654701760988	0.5595893903200976	0.8010974024581339	-0.2503976712845565	0.3814638619283544	0.0751822585098602	0.4512827493608856	0.5086814518455991	0.311451937277021	0.1882370608175969	0.1501977910400455	0.0441473626841839	0.0945073330048112	0.7661085420972706	-0.0029529543035562	-0.4208378812638323	-0.3672522242989114	-0.0553624913858969	0.7367769653055776	0.5058079135338923	0.6315490054128543	-0.3453919666737888	0.7000334269704664	0.3937009623918098	0.6062409870834834	0.5405040957397844	0.5600767227894627	0.4887064070928516	0.3509617593188976	0.5005878204391982	-0.0039166359177221	0.714274659821116	0.5254947155219082	0.5367394094762696	0.0913139161207904	-0.127944442689356	0.226386259301877	0.1545555261471027	0.331419495106967	0.0942742016746439	0.5467557979314989	-0.0092675432762958	0.3295680145175773	0.0003341791406523	0.1269783398785917	0.1741167492649727	0.1888427592129408	0.0973093395685945	-0.0215716485765724	0.743774588831479	0.0585521869361616	-0.303503586842939	0.0974780043390652	-0.167920172622327	0.7924893882623124	-0.0982584697294037	0.208920279129888	-0.0503875594244987	0.0823869635875719	-0.22132734529253	-0.0879358049011114	0.1942169061979866	0.008049968090251	0.0499950053591584	-0.3931488383284424	0.155828375020516	-0.2300044536125031	0.1562394860330667	-0.0380746651653707	0.6650286463267236	-0.1842706896655916	0.2207490021549001	-0.1343897934297682	0.0882246121482707	-0.1743190022215518	-0.1158785503215749	0.201057114451384	-0.0491351924306885	0.2121445839899605	-0.2614974183690019	-0.1206328962536222	-0.4661530623088536	-0.0750560432519316	-0.04398175583062	-0.0634590054763858	0.0391603855355686	-0.2101600364175815	-0.3631506376476562	0.2340329234655189	0.1046222255647275	0.1765125383024736	0.462239780706616	0.5536922818441826	-0.0055303956427896	0.5861892800369805	0.5132997487627659	-0.0269911481751949	0.6519169427376957	0.2050877556159186	0.726168595704828	0.4861315044701932	0.2330730822202801	0.2913532409667971	0.5084678465416285	0.2178740703838585	-0.0462486765355418	0.6545123966120497	0.6442016945405957	0.1351395800084791	0.4247715672244151	0.365683505465106	0.5368397388663352	0.6087416214383342	0.1070843752034115	0.1489823257771454	0.2508308248590614	-0.0313279577955001	-0.10792848551962	0.4918888963785148	-0.1847088785699599	0.3673081832298274	0.1459842599850323	0.4178993751574071	0.5440390622870693	0.3604604026875531	0.264764703339539	0.2330613279115439	0.1295785369361959	0.2873880769458072	0.763079425840084	-0.1288756498527272	0.0290138825037389	0.1231605187427435	0.096015434383811	-0.3934732447935959	-0.1993235060401401	0.3218028287655479	-0.0633343022002555	-0.1060450902891728	-0.3561660827597047	0.3930284538642616	0.5957890586604262	0.6320709169869994	0.5288400777052864	0.7409659454922007	0.4739389429776829	0.4635780596660286	0.061863548461441	0.4578041896169833	0.2677154360892887	0.3494450092920165	0.2599360294498502	0.2405110655487365	0.2107470622854402	0.392429532525359	-0.095581526993948	0.1600086969321051	0.4645071236254084	0.2005586307100698	0.2928341199698362	0.4614610209812895	0.2704248463709752	-0.144177391950819	0.4276862627863403	0.2619800906283011	0.4518201412410542	0.3576262942680215	0.1262460137224141	0.0308329839231373	0.4522874076347831	0.4538355822930599	0.2818313428619245	0.6651647036725341	0.3494920993860449	0.3129096292974961	0.2174168368540825	0.4236814347957033	0.2152473808904572	0.3205193488696457	0.5062014042246171	0.1543790226627674	0.2434589115537975	0.2043141386376009	0.1468720874264504	0.2255036615707571
sub-004	0.4506461284344932	0.4076362482114344	0.2349564875076183	0.5111463350070706	0.6515662217431644	0.1561584383143545	0.1128043101214174	0.5691508076653395	0.3589742684685431	0.1587659953617242	-0.440762795420612	0.003469290687591	0.0115746999806468	-0.0494189284666002	-0.0961236654961894	0.7787348401889886	0.6693514365386296	0.4694353307154574	0.6693096551791078	0.2017881888913954	0.0913939303511905	0.1204839695148585	0.3542186684080292	0.8199664335843575	0.2920539192489017	0.3090912703679432	0.2008378576468164	0.8154828507460586	-0.0054973680015632	0.6707657279129371	0.5278254282217201	0.5391848051489856	0.6196953994323503	0.3952041923892667	0.4074034381589371	0.2013389950455009	0.1379560368043147	0.6170896523986322	0.7165352204948484	0.5859404067755279	0.1649906018976782	0.3252759920439972	0.5537125757993936	0.5016999754140788	0.116338004713088	0.0369654131722079	-0.071520418348311	0.020593836422092	-0.2246830927007732	-0.291066434104667	0.4579337280666591	0.497523008667992	0.7542990625038805	0.256343697075709	0.5897125590879457	0.5422207491921659	0.1884345173316783	0.6237316979756871	0.3097738034596923	0.6901006062915026	0.1043217407160156	0.2565175184927596	-0.021174441383366	0.0960554746398047	-0.1451094573143368	-0.1227967462595656	0.3929051593413999	0.3315119115915393	0.4289456139249373	0.2262743278489443	0.5919039365127718	-0.0504432555485341	0.111523559145431	0.5642253763750703	0.5709169921383235	-0.1020109596303712	0.0349923042641659	-0.2237907920781657	-0.0778680488167407	-0.2997385872246469	-0.3340443499897032	0.4714243410896552	0.4468446012383419	0.5184701934419803	0.4251097428610187	0.1746629107488415	0.3267083238709191	0.4219235963420364	0.5444588221208609	0.1287377210441478	-0.2298476216829218	-0.0154848003694275	0.031512034474603	-0.1329169344445356	-0.1830895474633719	0.7703389653592234	0.6285676965521089	0.5148929274870472	0.5803412724210174	0.4237157314904239	0.1490698010227978	0.2561483471167403	0.9329366470626304	0.0924916662905343	0.7908608870333333	0.5463030085120453	0.6165715808144399	0.7164459425574637	0.2195753171170266	0.3103598592543052	0.1632324075202759	-0.0752488787626953	0.1881138208910118	0.3786078081712551	0.3327467270365067	0.1867707837919401	0.3011341327861673	0.4876559984257468	0.1221852773078298	0.0933282370460803	0.3455709208090631	0.1574649229990142	0.1912543897850221	0.0895184493574028	0.2683023370568815	0.1226451330234554	-0.0890241688429316	-0.0325773555320761	0.1345485371793241	-0.0503218294765872	-0.1250778000015783	0.3562920431469411	0.4336248515047635	0.4515955709545047	0.2379200210338112	0.1488197188474616	-0.0623930598927106	-0.0028620681232094	-0.1493381007837759	-0.1280087178421566	-0.1262476403052759	0.4675431782624741	0.532590200317948	0.4263362174285018	0.3314665448393771	0.1252643817786154	0.8539931196950549	0.513948239818633	0.7492873392532811	0.7807450419311748	0.1910105357734047	0.263841799798805	0.1610170927665081	-0.0738954178072672	0.2051783567372654	0.3333742018528586	0.2251643371525205	0.2800419803302207	-0.4993861972504465	-0.4291723213526197	-0.1121066731046683	-0.4205412619980692	0.4755417439120514	0.7730651569770584	0.763471810219974	0.0784671279681509	0.012121718767838	-0.0178414286564271	-0.0977238546367625	0.3774584224854196	0.452785164854664	0.0505453219493674	-0.116259715467361	-0.1076207656186699	-0.1451148987924073	0.8614206555909644	-0.0688602574341282	-0.0418296763215144	-0.1710175219242842	-0.1590119979825075	-0.140182845972029	-0.0635828290386694	-0.2215178818683317	-0.2318230920075342	0.7002835602009679	0.4861636439653433	0.7239215289156901	0.6134768291903732	0.4797632947203489	0.3427770289348173
sub-005	0.7449495225768012	0.130034373636731	-0.1348825648261457	0.0802521685964101	0.207560095824656	0.3979628965768224	-0.0175652569988184	0.7215656074410365	-0.0755639648844018	0.4467419894627445	0.0331431891271447	0.2843351646388104	0.4902307689303671	0.4835222404314184	0.3382537228642504	0.2198804076151035	0.3623442613374276	0.319717789194778	0.3009122292626726	-0.0074569005500905	-0.1846770768718734	0.4899635042059834	0.1040470591601745	0.4698116676967886	-0.2253730115821104	0.4889799892067858	0.0593800272201618	0.5501979666714412	-0.1312987180117754	0.4185299248168563	0.4999635165616473	0.529691249965107	0.4317278213029863	0.0604702515624786	0.4564540619963541	0.1585176547610068	0.3363352998772829	0.4980182493040718	0.1021126973552958	0.0186840498402422	-0.206771944116337	0.5764122559102567	0.336956586492099	-0.0887584850310142	-0.2473813044369858	0.5701842096556057	-0.0672134698007942	0.0321451181698112	-0.1648820973795988	-0.114654434410749	-0.2329020116592604	-0.2651784566211516	-0.0814006025139423	0.0630837396689513	-0.1337945104835725	0.215507649073917	-0.1306738352845323	0.6795670569447546	-0.0120452390344092	0.0470733643020741	-0.1527095978840481	0.8144925250120358	-0.1349043302738931	-0.0646650307194279	-0.0992995295491786	-0.1784564461611053	0.0410752366833918	-0.2265423317275691	0.0844259242838429	-0.0018208040233249	-0.217343261443842	-0.018325026713088	-0.2927497984980326	0.0095471040028163	0.0841837501111851	0.0374835725906791	-0.1940736290162045	0.0719753887930466	0.0116934906610492	-0.1152311284293025	-0.0097062920655671	-0.5177343992666296	0.0821197080508825	-0.3212930409370528	0.0673262399335715	0.208382692736041	0.2582421463849084	0.366859807960179	0.2196123794164337	0.0998947465294863	0.1779727648729401	0.050428308027223	0.087070644432177	0.3124752578307492	0.050369296934403	0.4074640734465497	0.1374993389886083	0.6060004172089355	0.1114917966841107	-0.0580133425272616	0.1997273060443217	0.1058905292900544	0.864657347783449	-0.1344114928703688	0.5154742014424197	0.4144614619876077	0.7147775925058377	0.6044918645078095	0.6361146339155828	0.652394880361269	0.4130604379678687	0.6015752666780579	0.1685698536015154	-0.1162325363804271	-0.1414209681037733	0.8439940021823794	-0.0054002448109382	0.0783160656765695	-0.069217251204201	-0.0129141730544474	0.1185090649493098	-0.2258743118329753	0.1741583794054904	0.1332837396057348	0.0671228997284929	0.1530650292380032	0.1269054265708846	0.1680692567857624	0.2246558093585904	0.3166837635204328	0.1620341589638572	0.1663206734604788	0.1873224889742351	0.3535025620878168	0.1635048969480982	-0.0630996220951247	-0.1441568679875293	-0.209135344933251	-0.1168456446603251	0.069414454847474	-0.219373718461609	0.1182335168424702	-0.048991389594133	0.1348789600675455	-0.138681971609215	-0.1529794218675753	0.6069532824744938	0.4405223256432494	0.7220258787465962	0.6883418004845361	0.5591573550866831	0.7009725144803318	0.3317094107595499	0.6342199500067891	-0.0529251653288502	0.054733090702089	-0.1209026668564506	-0.08307983082265	0.0247815231701263	-0.2540249653889093	0.0851202990078041	0.0472359861776893	0.4831436335976821	0.4408306370630502	0.7130902308228976	0.3286105949986951	0.4329645443525852	0.1865802680450139	0.4842278873649012	0.4457739882247757	0.571963064138653	0.2676357603450272	0.2918344787664547	0.1931253182740222	0.3478850842123211	0.5753189396488246	0.5608995412909435	0.6158473876000128	0.4413112240801001	0.5040107261435107	0.4076037814048972	0.4848418560580541	0.2275674838706025	0.5956602017406905	0.5733957445925946	0.678815709843257	0.3365797529971449	0.5024993838394121	0.4956875898681675	0.1641273525307218
sub-007	0.6855170495486376	0.4266248978898145	0.3581039591087229	0.5221650886411874	-0.1705245444417931	0.0998934774680735	0.2578730926867737	0.8191646468630582	0.0300167161053782	0.3121435460668891	0.1332448400143704	0.104043488364532	0.6042815005304745	-0.1038084915614502	0.2127323915803388	0.2293958390594569	0.0608337013284759	0.3004922286409953	0.1354361842064902	0.312016535377001	0.3393135637601625	0.1628225186490796	-0.3199428483450077	0.3865061753506886	0.4530937518464344	0.6235050768073758	0.412031126960148	0.6264420878916923	0.1411832347073089	0.1016085333846908	0.8326149451514403	0.0714048255926536	0.4280649514643219	0.3732319966252298	0.3854220539081784	0.3964487837891715	0.4152855940396352	0.7642168614542786	0.7168398585448229	0.4577631853695704	0.3071882105149585	0.5774630922977801	0.643885381671295	0.1598992604984624	0.5152791036522126	0.7195134989802491	0.4124210229684861	0.4838312967460439	0.5928636313122696	0.5156281551087494	0.4851961088083148	0.398900139615626	0.5911399252728251	0.3004769753986853	0.7505772559546593	0.3912973018783828	0.3383612257123574	0.7510441603252442	0.5569075316935891	0.5391418812673803	0.4381086648079816	0.8835914371706681	0.3472794223928316	0.4382571586675741	0.5012717624961412	0.4865272163072248	0.2964937415837623	0.3034345483590293	0.6681323301500341	0.1733166404648356	0.5016411711057039	0.203547470491337	0.4794226299957557	0.6184639918164547	0.2679015548105355	0.2362832498008165	0.7161068214407998	0.2831790591568964	0.2196177923758922	0.3567590853145204	0.3205497695509109	0.3162343896983468	0.2503168874687682	0.6273996342082132	0.0962948368158477	0.1635068596127772	0.259455045614916	0.1977459108922203	0.0652852240684997	0.1434711895842447	0.5953132717637064	0.4177544521817987	-0.0845800875030821	0.7028461596419746	0.3747086497728595	0.4933210007554894	0.5078864656984262	0.4639376826317393	0.1569853789618832	0.5978740940007886	0.3185166093262047	0.282112430433875	0.5233681607285029	0.2851296921665375	0.0760127456332939	0.3389383078729682	0.2949853862757657	0.3459533573384772	0.3515316601231399	0.3622303247224044	0.1743082412023423	0.6013618092419449	0.5200216766402727	0.5760288416571258	0.6197674871281107	0.6842246595810599	0.2370007540396537	0.5355382492243497	0.4413880313740658	0.5426537330757308	0.3765246547793203	0.3697569964524129	0.5477271476315343	0.3870436244965612	0.0867388491473914	0.5173091492441863	0.414765168818325	0.2524949207692475	0.6627542808857178	0.2473213874769935	0.4601959574723959	0.5010984272137466	0.3132150123007896	0.4679664035490644	0.3855329565142883	0.2742967417944663	0.5169026073821353	0.1953355405817328	0.310540399120189	0.2621364671802685	0.3304398643714432	0.1473702000060601	0.3974383709762673	0.5688309145146999	0.0847023358979251	0.3842502822922738	0.2898521908180308	0.7373826166151858	0.5267967217414018	0.7275591783047308	0.6551416786138451	0.5552716633621385	0.5004132016662849	0.6290067865869062	0.3944315783894521	0.2817864749227012	0.6273395680737247	0.5190160178980702	0.3699591854283588	0.4176711716469958	0.7283010807643688	0.125048723143636	0.1912690910054838	0.5358298121659196	0.5615368438894103	0.4408162117945423	0.3853649086993963	0.4261615195218146	0.1253151906338535	0.2667041691064724	0.5412628442913762	0.513582027085714	0.4591490043193775	0.4675882287770013	0.5276159745315988	0.6877894727375305	0.6172891182943532	0.6508812298498518	0.6120902303167663	0.3251210420237703	0.6085448074907237	0.5839382980905641	0.5847981577054842	0.4245496915164827	0.7805532527828712	0.6068220453163984	0.5600575824147244	0.7314808395299973	0.5239884345926239	0.2557929774544474
sub-008	0.5778108750361904	0.2249699432341921	0.1244708647081142	0.603272954685508	0.1767258356866672	0.2784875957037453	0.3097324327935309	0.669766977800414	0.5600081768085782	0.1116876838960501	0.1280429703039808	0.2145531970572413	0.105891783679407	0.1531263359745775	0.1475368019541546	0.2370881466745004	0.5146907865355368	-0.4964386344303078	0.2019423138308069	0.0356597361172428	-0.1718582191942341	0.0686111302133826	0.1178902829600988	0.7743035744361623	0.4095030862094024	0.3457779853861472	0.1969913191004063	0.6686680320741039	0.2141664606044921	0.6644312552278746	0.4668091169524777	0.2375301327159933	0.5329617652539521	0.6757041537425146	0.8151802717347547	-0.0143209060057706	0.6229380113017948	0.7022159614890231	0.3251968136606632	0.2181873195868778	-0.0506323973321798	0.6544956539735385	0.3643476233174506	0.5113577045726285	-0.1018023822282696	0.5982631614109328	-0.108613205383881	0.3496571235991828	0.2833228121296823	0.1175333509923909	-0.0066308837852833	0.0646009242776825	0.0396715503774276	0.0412072312882763	0.3309557119870771	0.068032727623418	-0.1931437416347527	0.6740659555550277	0.1245162744548327	0.6293649133397683	-0.2762921920281262	0.6539146227690633	-0.2145841563870268	0.2818337042209546	0.290462019301318	0.017791130340725	-0.2567713894219647	-0.1219153436995642	0.0245007210375115	-0.2230787481031838	0.5770388777789898	-0.1404382667947394	0.2763583596610295	0.7205203763890583	0.5162448608533381	-0.097104318667624	0.105311424222292	0.0286566716728424	-0.2178250063024391	0.1580894757587955	-0.033444387793517	0.0363420322781687	-0.0933863065287318	-0.2630466782710782	0.0364225098914617	0.0474643372473617	0.2295065489329702	0.6048976025141651	0.121547896125611	0.1862404656947359	0.0396826702423786	0.262383296320366	-0.0854482087042924	0.2737573719551339	0.1830025924471389	0.2220427511330639	-0.1087953214884207	0.2360450279995007	0.227043573424256	0.3173571973815773	0.0406186764343544	0.1644811711087422	0.6505744993716313	0.2140124982667786	0.5789538772477818	0.3796554007869945	0.1586550097265617	0.4308615412323545	0.6160685506199095	0.7549535166459775	0.020511805175757	0.558358606035505	0.2986125167344988	0.5881233111030815	0.3069927834732276	0.7105329870260366	0.321456423453328	0.5896615061568361	0.5475788103654802	0.4841953563847471	0.2980103139447154	0.3565029417243633	0.1754868123754004	0.2883347341749884	0.3631979383370525	0.1377057130695754	0.0676311155797284	0.2200073320583565	0.0270514389135309	0.2767151703296738	0.2259914024685299	0.2252868516237705	0.154691774068484	-0.2377429277923964	0.3128023971371158	-0.0829766199083393	0.453529156770951	-0.0358474920304764	0.3495726725919862	0.2308772413401348	0.0123606348181484	0.0111568600511937	0.3539792380182805	-0.2922043518968999	-0.0400105330350311	0.0698757564237843	0.8238735199826411	0.4004606342159856	0.4862701114075877	0.7104539643849043	0.6705194531157762	0.5282322485532339	0.3387166422977841	0.7916148131323144	0.0788838149804805	0.4339487268575555	0.2993968361120951	0.2429360172789115	0.0145407826721926	0.2693872336483376	0.094937126781312	0.0765662450108818	0.35354129038137	0.5120605234742743	0.7708615111120668	0.6684820856322802	0.5250115192978252	0.2993476699370739	0.7329055613872775	0.3032032464920588	0.4932281319313169	0.3169077618260242	0.5571629935253177	0.2294344893801106	0.3226731178769312	0.6587133037990466	0.2680949694439373	0.2065976829398877	0.2618762137575877	0.4337880586990434	0.482018267765459	0.4315911066691843	0.2856159670573821	0.6173897680039097	0.6023050729821336	0.2750837796222028	0.7211289123453473	-0.0885133365843354	0.5211920644528502	0.2832339105608243
sub-009	0.5810714845978915	0.409043378876426	0.4107552785036231	0.324986836430655	0.2912940612469513	0.3559767734020613	0.2489901518417519	0.6274463991436973	0.546372599654797	0.328365542318682	0.3276834831136272	0.3097019837685415	0.4430862225675173	0.4697689777232046	0.358532748674342	0.3196432869374884	0.3941655173274055	0.4716420873281622	0.4400862723530837	0.4478058028181628	0.5832380555946098	0.4133038767522725	0.2539705070206629	0.7919168776094473	0.5998406625682807	0.5448769627351624	0.5182826417787101	0.7594707278609693	0.5268718027651773	0.5996683811561555	0.8873551372198338	0.4632512565331023	0.6136410532943776	0.6812931991998368	0.7422659444577331	0.6163386869305378	0.3409595773474935	0.783353670324773	0.6602585728697551	0.2574138547224476	0.520389662878848	0.4829689055708927	0.6236243931608552	0.4506574891644155	0.403904453059056	0.8516922616361207	0.4186922109609975	0.3367007338041619	0.3619912700640233	0.2358035024343306	0.4070394249008452	0.5427399788698021	0.475332569329937	0.3909529795738657	0.6735374484483428	0.2175256312967636	0.6295075219464314	0.5420994495158936	0.5071705985548074	0.4838386811854845	0.5321545027037631	0.8038161238846117	0.4939303271579923	0.520783756032093	0.4329415909099631	0.3854786366239862	0.5360425855303739	0.6083347240907251	0.5253880156633074	0.4006532118786704	0.3470609117095961	0.6039759127006434	0.2743176564910261	0.4666602049594684	0.5296181632809238	0.527383013199175	0.7588412425710487	0.4482381519684796	0.299789923518809	0.397115200437542	0.329982434161058	0.4521089129441268	0.6289079824595126	0.5866909222646626	0.3709940017479896	0.2680726786016758	0.0831092650358421	0.2465060013519372	0.2921306346030662	0.2004109266285272	0.2165093046965352	0.220764326339828	0.1964698171213824	0.3292212105567543	0.2699218364067476	0.2852690741980854	0.2853559250066209	0.3447749171482055	0.2425425335797845	0.52237475956948	0.4880174553670562	0.4239137803232453	0.8742406356597934	0.6543549551145922	0.6488046365518485	0.7143751357576783	0.3398628829203265	0.665679013859626	0.7307233784168421	0.8827988355989287	0.7128121826198329	0.3369561891510248	0.3788479903913759	0.2906614715768718	0.4324373953143938	0.5282967129579567	0.4155932146615234	0.5116524232315898	0.190192550199147	0.2305921033343949	0.4968386540725277	0.4922552437876137	0.4533375505650862	0.1986328230505787	0.5284332786998964	0.432433108069188	0.4644218569035929	0.4701228741084936	0.4752634016411409	0.574232571382465	0.2569013371091421	0.3731732999598959	0.5016265363231541	0.4714247084963132	0.4694630013045306	0.2915229436370805	0.4411611453852397	0.3364213391471332	0.4174079894038413	0.4828840111659395	0.3146519022318158	0.3523097011152835	0.4523340148900681	0.4801244226708922	0.4130257697478493	0.5638758200636509	0.7039661253301067	0.7280130098229918	0.3610534356177466	0.7001892811072774	0.7207851808088406	0.8405628923673221	0.6738663783184011	0.266838797833789	0.4819364763835456	0.4265563335173	0.3119140181242298	0.3582432990863394	0.4836307357721394	0.6491730208607588	0.550148102471571	0.301355428664989	0.5370740774167353	0.5502978903657008	0.4426213082689419	0.5279592077937854	0.5964376962736049	0.5340884008285955	0.2546052130550536	0.4094157540596871	0.6126315329371723	0.6767349332265222	0.6911696247145604	0.5156166224034333	0.3285460143265202	0.2413189912905835	0.2283455175869071	0.3629590052226227	0.2987058853669855	0.3217102249631717	0.5943227866895792	0.6290700781419885	0.5325003768526735	0.2866929168348797	0.8190854161773861	0.7016158208662077	0.4025390052096591	0.7840879717572619	0.35959663789416	0.3931917174043039
sub-010	0.17365744548138	0.2999004779253036	0.4868861814728569	0.7494088991774488	0.6531883100242263	0.374511882793969	0.5223726061933369	0.5116385557823633	0.1808897431069556	0.3851034754641204	0.4274207273576282	0.3826828758325048	0.4650352205392036	0.4588861409402232	0.4629564995425222	0.2586529781391826	0.4524473116457889	0.5303376896230717	0.358471783584591	0.3893653756595845	0.0885333062467648	0.3954275127333773	0.1673287699338712	-0.104129543251831	0.1100059727093814	0.4029404474990796	0.5633427445533369	-0.0456604886200379	0.3802453363081591	0.0577945089623567	-0.0704834108161172	-0.0205896305747425	0.2643931013027057	-0.1534772708755057	-0.0755082066103501	-0.0256824823659464	-0.224140311359024	0.495529522606181	0.4804991149400335	0.3395943330795973	0.3088069653863881	0.4856571800113382	0.5284886257240327	0.4998077266598956	0.1887475333867537	0.348675733647512	0.290050549925027	0.308634854222852	0.2574847721500439	0.342156707283946	0.3337902868726842	0.3132691333414484	0.2833274107371885	0.1441747326264262	0.5421171214156334	0.5164938458351415	0.6095975306484673	0.887628220679577	0.5119975672253761	0.1999437378749223	0.4363866092059952	0.542401763336326	0.5606576252826965	0.5272926086401292	0.6036242710649709	0.7051970185724243	0.5674872905645023	0.7840032329153627	0.762566228920192	0.545236313139399	0.65967902602441	0.3132392549335093	0.5518781407162009	0.495337307550855	0.4092129670155819	0.3550550723570877	0.5248476181698827	0.3926404391032786	0.3684654521698446	0.4626253432115683	0.4809877062633514	0.2332056871851043	0.4159001354258443	0.5179754209921353	0.2322814430906076	0.3215825340056201	0.558465362263324	0.5814900609663495	0.2570099844533597	0.230488712836874	0.4070832607733989	0.376546672830303	0.512423503021545	0.3209287772993112	0.4656576343846909	0.3630759829621232	0.4826327318252681	0.5936537577631867	0.3179659698108271	0.6144270185444913	0.2921318065398244	0.1613366998525434	0.5241265261044377	0.276900305069109	0.4147064988843416	0.4452495536155136	0.4906710791355444	0.3804466298487419	0.565887334710367	0.5808683946784051	0.5260490719244422	0.5035157358086161	0.5025659951003149	0.153631411120514	0.419143949840921	0.6029940748853582	0.6082334840137203	0.5657193427697589	0.6039055115700284	0.7731184609766695	0.4819971350428564	0.782288066784592	0.7805563085447682	0.5011506262464701	0.3551305674152932	0.1717477609493468	0.3625236289012079	0.2953658687232259	0.3619338810640719	0.2984489654191866	0.4685431846733034	0.467360621202356	0.4380494370843114	0.3921387463273704	0.3397069831882753	-0.0854297284557379	0.2132273513826827	0.0139406337920673	0.0756008223684713	-0.1433263569556999	0.1477616777633431	0.3519488421875328	0.2272507795000897	0.1547703859260742	-0.0161164866488165	0.2835446863497577	0.4141334874458314	0.3841939450555899	0.7357958060807716	0.3733836953442607	0.2408328517009859	0.3725355279187755	0.4426054444042805	0.3560405160128644	0.3947054794453662	0.2561720210265136	0.4098637183679856	0.6345942809842798	0.1284647891849005	0.3940784070751535	0.4766195996171464	0.1930005436227548	0.4199351681898831	0.5657750388593927	0.4956734019197849	0.2690770456018995	0.5262591279154475	0.5250705641373093	0.3858524308824446	0.4591860538787107	0.546476076639813	0.4467351270325743	0.5653843604330422	0.5994667383023562	0.39771809856329	0.5770874003430774	0.3225183081299477	0.5458573924539992	0.5862457547690968	0.4744311973815154	0.3644637078864894	0.634130653836983	0.6733462175045497	0.3410222673460612	0.7531766567610741	0.5579726354039118	0.6564665494780277	0.8368265989185217	0.7089064156173012	0.6220611272870686
sub-011	0.7814707178575167	0.1085914253997101	0.0502171451295097	0.5138999986963689	0.3024866632444917	0.4606958239926118	0.5184261065537379	0.6472251588747792	0.5110219011883064	0.3820033070005382	0.2127603493762029	0.3003670787664204	0.2691978148647446	0.2697021769436683	0.1875504117004031	0.5729631202232446	0.3622906058551126	0.2859000083525955	0.4332619568992903	0.157801020950023	0.0837455299919346	0.5924934567938461	0.5400862929642628	0.6959602418425368	0.6794880228064458	0.470619757449233	0.692294848708551	0.6390210572582709	0.222612780375252	0.4853681081259891	0.244223958037915	0.3464414054132371	0.3754958712747807	0.73766605617185	0.5361291625964258	0.3711717770455044	0.5188605257642924	0.228617212706767	0.3732102451103561	0.1516783205519129	-0.0032090918689526	0.0885894581042078	0.311415535181957	0.0558654762217347	0.157456446640982	0.4449618168939243	0.0755621623656487	0.1999490617599933	0.422294986622506	0.1965411529778326	0.1359799756960668	0.0068781654333084	0.1549692856227848	0.0204700042226462	0.2776998768641977	0.2765221247543757	0.0086290836605324	0.201755658773661	0.2008509967377911	0.1679166252836914	-0.0524506979600953	0.5083753784806628	-0.017355782380075	0.0510613618841409	0.1890177797609505	-0.0461426727296663	-0.0178326387443575	0.028206784966632	0.1160823723400577	-0.0784339699903785	0.595639571548195	0.3889420955455055	0.5259380495397429	0.3501724068253589	0.49770343229447	0.2623541303064838	0.4892025235364483	0.2761544612750549	0.11305551665293	0.3142365098678144	0.1015361210334282	0.4184219969657587	0.3069253773997381	0.2602923574385176	0.3242446578038045	0.4160589944624632	0.3063596757693833	0.258886484667637	0.5710578021296411	0.347498014480938	0.1488561360202739	0.2648939463510585	0.1021416022822059	0.255220909457235	0.1362201636059599	0.4106871459356871	0.4749399299738679	0.3662184241518493	0.2722795836171809	0.5781026851948485	0.1994891044665488	0.4486925064894232	0.6703440052345393	-0.022579351325592	0.5978509197915496	0.230448215350497	0.0814619665136985	0.5072774498571998	0.7919219144064262	0.521816349068698	0.3076199426321651	0.4542043199646275	0.2637434410963167	0.421960211354737	0.3688684270967395	0.5460058952616809	0.4164864874824019	0.0971435380928587	0.007935293681178	0.1367346241502712	0.5673538013456157	0.3080802143576583	0.145065092775572	0.4244305182543273	0.2830010654160311	0.2279624762283682	0.2840392258910084	0.1229722572646742	0.3220712400253052	0.2898496604821701	0.1399746924725633	0.3493046175657109	0.1773347446243416	0.2635840004256855	0.2676724936149986	0.2871157917908183	0.1635302793823035	0.2504265290539403	-0.0156748642537609	0.3412152981841483	0.0559342850834285	0.4438785228948968	0.4778269393881822	0.411570610311019	0.2613253381759342	-0.0164772106714129	0.6489752594131202	0.4831268570611383	0.395027967453597	0.8446732804833731	0.6441573754684506	0.5435300252892006	0.3729080743333599	0.4435196464943631	0.018596798113517	0.0293687598595132	0.2625539309989561	-0.0544130706153619	0.034219508270438	-0.0630369605316092	0.0448573509170581	0.0773104158759336	0.2985012282568799	0.0924641330568375	0.5777864974663083	0.6269806182855273	0.4543268452496553	0.29424284248103	0.4149331839422412	0.3449184425930613	0.465088537530414	0.2822141127375528	0.2538808224104422	0.2281565376662331	0.1805648907686662	0.4505227193827306	0.1628454334577807	0.2365381504015594	0.3895183706389019	0.0988114415651748	0.4345600579616354	0.3657891767956533	0.291683689052488	0.2202237550458878	0.5922186960209376	0.4014681427384272	0.6173617682107693	0.8415967889406601	0.2847804283823495	0.1744354061764378
sub-012	0.5485095516282332	0.5274905664519565	-0.0178035589139075	0.4788389470407397	0.0448211993061258	0.2041139636502954	0.2025755916656606	0.8322451944191375	0.3982157469986889	0.0788185743246982	-0.139619536664187	0.0969455186322344	-0.0500986924121834	0.1536460710785888	0.0932381012410697	0.0870635583104235	0.1282676440775724	-0.4940410535450492	0.2438685218259128	0.1975022763389898	-0.1810920835761435	0.2875040150310001	0.1315371290405385	0.6963243218870663	0.7265134837121829	0.3541964863080341	0.5415992570983076	0.6705132318615492	0.2211309278126848	0.5965446452076811	0.6878082240914849	0.3544421060703146	0.6025459575171491	0.5044865879535706	0.5598764731901492	0.1075891384268072	0.392334812944639	0.0144422974479038	0.4916204815392199	0.309553058100202	0.0433377661066119	0.2474834069692738	0.6579024659765926	0.1188800393765733	0.0702559899217447	0.0500952190588253	0.089858827740488	-0.1524527782869811	0.3578966770592229	0.2334871792343198	0.0321289533052678	-0.126349557575309	-0.36224115841027	0.1736254375560842	0.1307475911136246	-0.0659928062102052	-0.0627604398170186	0.0083661452577239	-0.0256219095288895	-0.0471553393932537	-0.0489202963327594	0.0002157367931836	-0.0242397937047164	-0.1661632923084118	-0.0272511304311833	-0.1468585840133672	0.1914931815583619	0.1454764696289117	0.1984439549436918	0.2689151180422988	0.4971190904916949	0.0181694557905754	0.1640346524207487	0.5414667927739425	0.3347916639650502	-0.0315673571169975	0.2735350099966258	0.0355564643090264	0.1343607346830084	0.4648201423194546	0.1437807788999425	0.319817025585875	0.305599684806447	-0.1723788368985368	0.3490664192471849	0.1391215606684041	0.2924455261699772	0.3293106677002279	0.2312969880951541	0.1645520068541981	0.4949895046429617	0.1464825832410515	0.2249617256925461	0.2843104221445707	0.2269072602085842	0.3133084228843623	0.1447124874275352	0.1505237284630198	0.1148713714038709	0.6706375708605721	0.101564727657028	0.4492148309958113	0.691311896594976	0.1458148996808866	0.6094771724872475	0.6435152427305727	0.3434234792042649	0.613149254187222	0.3813614163460842	0.4589525120840804	0.2654387621644621	0.4208488780573993	0.2363400333099566	0.3334885235859833	0.7707115291190413	0.4632976053763174	0.6709992940195441	0.6209854863965142	0.352166886423296	0.7198637816686998	0.6231485542202065	0.5149451281560765	0.3957603074073195	0.5039248306746283	0.259224852987705	0.1095425700920469	0.0619006706907138	0.059372699783147	-0.1557197998118429	0.1600490314553244	0.1441703091208243	0.0767687167801314	0.0587947976494534	-0.4218717618255296	0.2080147439688024	0.3030305277966562	-0.0928213479611266	0.2314742427440325	0.3774135147409438	0.1088226006722109	0.2119585981887741	0.4755597201022594	0.4761470279811733	-0.0964890882719771	0.3972599786932663	0.2657907998767154	0.7420824782468841	0.591567116757968	0.2599679770954566	0.7621971663874106	0.4993880581592942	0.5136969947951502	0.40341548664595	0.4409525186845114	0.2425560497629282	0.3561176450454408	0.4177991755363135	0.4049583484289327	0.4326356433113121	0.0670224010129628	0.5780944113912962	0.0361510478571957	0.5865629352239805	0.3415540571531796	0.6802139125489591	0.4794299414827975	0.4350768926727434	0.366916383710187	0.4684606144981378	0.3317219510665767	0.5565256962718371	0.4960243316999752	0.5813395353473135	0.3993003757905907	0.3361640224492667	0.4646314640673773	0.2854540876685633	0.1399808633973926	0.2033419311418829	0.2387242679803471	0.4744233153566098	0.3942434472189773	0.3200066662426365	0.4589170147125808	0.6548292719574745	0.5305469283459033	0.6102915414135924	0.3029146388423143	0.6100752703132396	0.1434598163465313
sub-013	0.8291554002351216	-0.2654768140550806	0.0685622621499865	0.2861626754669471	0.3503418151890102	0.3910615293064937	0.1820901649178238	0.7709314711174917	0.4045445743020646	0.7155793709965144	0.0717094313137325	0.6311718547661094	0.6412511407467985	0.6528502696702161	0.4590339725873766	0.301511241213073	0.2467526768091289	-0.0868318553665945	0.3840017008120496	-0.2972752338442496	-0.1270849097509962	0.2811391962809905	0.5467207288258801	0.696255049181883	0.2121016765726295	0.6834453879297795	0.5998300308077562	0.7950436016649064	0.0126048406994362	0.7345944512840873	0.6213708556162478	0.7920483111512933	0.6221170012794915	0.6105521340926761	0.4738353718897242	-0.1931638413400064	0.5844754406231186	0.4393152773558286	0.2289108370736239	-0.0872771620314821	-0.2823495240945479	0.1951335228715827	-0.0131152720807234	-0.3300590613660828	-0.1129229618193041	0.448081022927042	-0.1122664853074734	-0.0594388706588749	-0.0787098516772734	-0.0386660878977456	-0.2981761259449489	-0.286346773264794	0.2777425474208034	-0.1921047935339491	0.3546222078561072	-0.237794121461305	-0.1858014275014162	0.5174196407966427	0.1644375001053113	-0.1473727203223603	0.0100100649526406	0.506749998375449	-0.1024850552350176	0.0937429103937008	-0.0561034890518885	-0.0497596992932359	-0.2805048627524801	-0.2246915059648678	0.1859859542967016	-0.114357313799021	0.3574889059727923	0.1477041925121643	0.0370610234856786	0.4002025759934553	0.4405441386062221	0.2226442810163728	0.1425743901946241	0.1845704702310939	0.1221325456899104	0.3645987306479473	0.1881645492769142	0.068086986299029	0.0829898495213674	0.0877744569188774	0.2065637361987472	0.5044998730814517	0.0436289485607471	0.5196655839824664	0.4684804089934978	0.4494066995681554	-0.0726360612609858	0.5373761142762963	0.2620188350080736	0.5974180592797854	0.4271357384027714	0.5863513229088881	0.5239010472585456	-0.1878209272973781	0.544629994405775	0.3055514120243837	0.2590878583387054	0.6132088407890066	0.6124995746542271	-0.0226688243001498	0.5267863082561975	0.4315852978480649	0.4763522090636061	0.5797072095887528	0.7756560434868767	0.5878027093158344	-0.0743103211473159	0.7200749820445697	0.1342969832487094	0.0290944674553368	0.2126255357070986	0.7374729466328833	0.1487410166844343	0.2265889148192872	0.1004475783768803	0.2460599260229703	0.2481882897316729	0.1363325077204132	-0.0833299125742294	0.2514044804084249	0.3168430032183494	0.5670505065773479	0.0799067047218808	0.6341878608707129	0.5538491284246342	0.64950083879675	0.3811106902846831	0.3009421703504205	0.2449726658204586	-0.0439244162109854	0.2739043045902209	0.4266913379912793	0.0033289207069743	0.3940051642803376	0.3179924621689357	0.5674387679703485	0.3723721250721494	0.5252877499339557	0.5169404733924232	-0.1435031959700263	0.5184311257468328	0.0681218224435314	0.7108910359670725	0.694859391416431	0.7197865192049394	0.6837844508048613	0.5253738266898706	0.4023192612480244	-0.1215535562063968	0.4890213854017609	0.0467424322282034	0.0986944821445865	0.1054136553912056	0.1712563973666724	0.0175850715070107	0.0370943394839179	-0.0384705343957944	0.0207234895892692	0.6363748261307611	0.7265162809279366	0.5619888642891321	0.6007087145836751	0.4794747576506911	-0.1035567882697556	0.4674151408354602	0.461333954499845	0.3612218620912069	0.3080762299229216	0.2620401371215637	0.2100941876404748	0.3055660747790518	0.5907793842036896	0.4836681183222283	0.4347158027560074	-0.3305350779973308	0.4904306514220007	0.5860493599864827	0.4929167876359412	-0.1812358036850983	0.384173293452452	0.7892271662134843	-0.2735189132219421	0.5827809018818979	-0.1276790761868902	0.4349142525620209	-0.0863149934237228
sub-014	0.5335435826536719	0.291926807354682	-0.0681197392910508	-0.0263057498833177	-0.4444267219894638	0.2980302369774835	0.0692472491262054	0.6346616811069272	0.1614821657080682	-0.0262078955142719	0.1690943516853314	0.39052028254052	0.2476332477048986	0.0038957554677208	0.1793165232688817	0.2650815741312226	-0.0008726931853576	0.0798578688973594	0.1994452081545537	-0.137542875979458	0.1277315987841534	0.1481803335604117	-0.2525470655773892	0.6027588156630372	0.514863625427616	0.3192460928822015	0.4813431778153244	0.3838173552204341	0.4121570719767342	0.7124147229191132	0.570720164407781	0.2368296546162028	0.578791085520255	0.7685245734127514	0.490001844014364	0.6651571992977265	0.6238552467583699	0.3041248435362748	0.4977145239783344	0.205410029867948	-0.0914680548350598	-0.1012619719416614	0.5344294706512523	-0.0337083399133368	-0.1951894457596597	0.1608216845137802	0.001791896825218	-0.1581001286830281	0.316305258425404	0.0075797129622001	-0.195694897332417	-0.3150744842448456	-0.2512429940687162	-0.2014614970469669	0.4057295485768142	-0.0174885503397865	0.0739942575203221	0.4481266423427025	-0.0100280408937707	0.1900762054593661	-0.0130192152718493	0.5255476201628022	0.0807781911695788	0.11226143638977	0.3439496227735915	0.1615727862672697	-0.031764632904211	0.0933986526635841	0.2446586640175048	-0.0757879044366409	0.5053389485103862	0.136964681825149	0.1648834313074774	0.2173112227390533	0.4049089649117354	-0.0920581285787794	0.4174867636004482	0.2352675480620895	0.2140530528647137	0.4424300634595392	0.1988021850233124	0.0799518377096914	0.1189270346895614	0.2121580353797587	0.1454949420235462	0.0826461927100588	0.0555990695976986	-0.1860775697373598	-0.1177876050454517	-0.0522301534392885	0.1678002621461391	-0.0287285442925045	0.0061078948794071	0.2394018313340444	0.1226008819184694	0.021490355462088	0.0732985268549708	-0.174996429688647	0.1640528369962618	0.6454929572239989	0.0637686477421507	0.2766645396268243	0.2423611214136768	0.4104996307586041	0.6816846439051106	0.4890186602095638	-0.032055347418716	0.4582113769243761	0.6794525831575917	0.4754407219070323	0.2646510649870729	0.7226240627984292	0.0274059544693845	0.1705783417446285	0.2808306682716494	0.6104454941783348	0.4510682645114017	0.4143919341504938	0.2022895903999008	0.3998740457081764	0.6011321999635428	0.590086800846388	0.442904900443859	0.5221680659564527	0.1108117167482337	0.072651860407487	0.1120645051376592	0.2337082085739822	0.0810100603060314	0.1833871150866782	0.1323622838647613	0.1452285352585583	-0.0273415290996618	0.1303490925149024	0.0464888240514499	0.0136562997222061	0.2258866248804206	0.5688500842282531	0.3650969403434626	0.0526076909879459	0.1457316128257945	0.1503789667438203	0.0194418873324231	0.4972703008044858	0.1851238224157555	0.0593316116776231	0.209554907788508	0.1901975441298463	0.1105988034754343	0.5172075989338945	0.5026560982303035	0.4749436085796693	0.5057024810617464	0.317010285557707	0.4258947963790157	0.3069045125120476	0.2101058524110157	0.3015632091761747	0.3141033836867917	0.2972153258055762	0.2863615443873459	0.370787615396513	0.5130011038292847	0.1186587272352602	0.5136520608278065	0.5552920846029753	0.2853215451663801	0.4562875299690309	0.535933886803808	0.1534829609194316	0.5835057570660945	0.4619015592846125	0.4221616448861504	0.5101394670107984	0.4167420387664242	0.4741445940040117	0.2272106278356847	0.2267967332335115	0.3071264614730721	0.0562407564372751	0.5432951687461047	0.4707688862763766	0.5045401678527929	0.4281573430750573	0.6734507795457312	0.5418081896592297	0.7776168546465457	0.6247480130100816	0.5315572164557256	0.3316763036808285
sub-018	0.7334090383001275	0.1598221443292424	-0.0152970784671825	0.1376916553502797	0.6505592561567085	0.3554498477001006	0.2122314292623188	0.7887871852680868	0.4665086559002592	0.2591511147412893	0.171321690860202	0.6510187751138651	0.4764648024757824	0.5634682522476012	0.4605535224688875	0.6293101440783866	0.5460997234826943	0.4968513961995217	0.6305408006116445	0.0791145149196399	0.0724144545511172	0.1984067693884543	0.757649722314228	0.7261207637178483	0.5223899367746437	0.6120066334189296	0.6553922823734031	0.5532221100428035	0.0763913424993454	0.7813323886448055	0.5032519875572422	0.4358054758028619	0.4298183583918603	0.8012805657844781	0.6484658088325945	0.5342669732061717	0.8157285864837972	0.6413545461132893	0.4503512268829279	0.2132395557600156	0.085984859642439	0.3716528470713622	0.4897602844406433	0.1042970861059838	0.2449574771837629	0.6675982025903858	0.1201838019173967	0.3368577674267244	0.2435199755487781	0.2338517186354972	-0.1398916836214737	-0.0057662219776603	0.2799756658407156	-0.0824208433049794	0.4914514851259124	0.1997257550197851	0.0751043766692458	0.5914952207308523	0.1419341187286945	0.1877138123212664	0.0615219627444769	0.6007999473629503	0.0406803194022137	0.1188730600931994	0.0612460740798555	0.0540591112000746	-0.0784848763654734	-0.0338584296465554	0.1668549496324004	-0.0264306861453557	0.1916898302985727	-0.0477620565950084	0.2899361022497789	0.2031715205336838	0.3347417985654115	-0.0223799202380026	0.4905790582247988	0.0899320270636772	0.0372129382328192	-0.0545923845649162	-0.0805033500663093	0.099558448838021	-0.0581318451167699	0.2830504658096786	0.0324763591349862	0.5649041162805772	0.4006171038005978	0.545391748781168	0.5563009254829929	0.4004020874508501	0.2113917507703873	0.6358106241798134	0.3475945334832381	0.4862607759869023	0.3607198026867229	0.6975606988008453	0.7016766426306614	0.6658566337056556	0.7178428239330495	0.6455307864194227	0.3905751166081486	0.476702178962693	0.8059374697134759	0.1267348484540236	0.6337860631655051	0.527001563189772	0.2943989388154822	0.4136368706041635	0.6359782920655325	0.5880638867848742	0.4141230765332194	0.6303507628634856	0.3768774011751238	0.3784582968949824	0.4577440611767941	0.4091994322065178	0.3939298634167791	0.4271549320535288	0.1340484941098094	0.2244771213286737	0.3095551763906331	0.2549734331650164	0.2355273132731368	0.3684643483440548	0.3306870902276466	0.3631616489769655	0.3368944791993375	0.5801835615486346	0.5428637120445322	0.5498371121698931	0.4496413947472004	0.4075468185553175	0.4129628055094207	0.4584364685526566	0.4634773933122924	0.2605243962864046	0.2262324821167081	0.475192875767309	0.2127065429570082	0.2423120602242477	0.1720696682359846	0.5986584347073245	0.5383239579241509	0.5653970626348954	0.5811803241649249	0.1712825516811657	0.5186551519948497	0.6124568140784948	0.2933857594275552	0.5244679059007619	0.3838153130746805	0.3756233337008058	0.2988560420272427	0.3701592766122922	0.1499352753446421	0.2858836347294818	0.3585863643155824	0.3150777177218732	-0.0363483182796341	0.0609617486882987	0.2727975592878248	-0.0741102956602171	0.5667505895007462	0.6801611388529663	0.5919799143725357	0.637061001843236	0.6363983363792675	0.5559618633040674	0.5760425939890687	0.4417075206134627	0.6715804424761382	0.2565862784557734	0.2459861071815004	0.2026147100044504	0.2589494159674195	0.712714675550213	0.2537823512824175	0.4649812215049494	0.4361044405887005	0.2304162349376469	0.2120302347554299	0.2699077032908097	0.2240516307236333	0.193777374810247	0.7369429448539181	0.5386344268323658	0.8767056050696158	0.7749646879349731	0.6896384328811397	0.4797784339812919
sub-019	0.8152025073840097	0.3361041539523701	0.404665518626964	0.507728813098578	-0.1284351210275982	0.5639379313953621	0.1930640298263899	0.5516988226236265	0.5943825604437625	0.4791727194779165	0.4783560432313253	0.479226287443153	0.5118691391041751	0.426447540690404	0.4174553654078445	0.2231702053920165	0.2281439492774289	0.4536813668754906	0.4136687160573794	0.3193796674585973	0.5106895164475174	0.5884718467557337	0.0144257552915691	0.8633794896819954	0.2845219285848394	0.3238233445871771	0.7401185071973198	0.771550407322886	0.5423873400897392	0.715670199880645	0.6437608896779747	0.5957498240289995	0.535000077387748	0.5424523560682555	0.4614238802026845	0.5062512089094582	0.700002886209639	0.6969784496364185	0.4800174160637994	0.3636728637785467	0.3843575456007301	0.1238234204832891	0.2852675496141376	0.393618741108575	0.4290618187669106	0.5960945949851346	0.3413446402766026	0.4339997514673771	0.3918941870640319	0.3415405993475816	0.3509685309045535	0.3654386621341721	0.4180146899338625	0.3256736550524964	0.6804346668084735	0.2521048059980805	0.5863316873058898	0.4142747870632041	0.2000761998609267	0.5757681546636493	0.6094265665324717	0.7569703012187325	0.4961425247301008	0.3770348889307923	0.5099183786056858	0.2954389848685911	0.4521596421931688	0.3893632662340939	0.4078490285745698	0.4277100289702289	0.224637995753403	0.5838557671833141	0.2674754196425371	0.3372833293808699	0.6501345156716775	0.5290781274899138	0.6131963234456714	0.473823093170706	0.3368140650370484	0.4446537571399443	0.2476746127997055	0.285616101523665	0.389110895402911	0.3516411795273297	0.4700205266367751	0.2466208712214141	0.1764987634811456	0.2212852982262581	0.1485607346021888	0.3792955701264918	0.293960338320106	0.3042962394792868	0.3216577522846414	0.423323308197796	0.3524663152453128	0.1909195766912376	0.2488554670373784	0.4782743746254216	0.3618692820233989	0.2346519379440848	0.1966739408043926	0.7783932309951953	0.8645779418764027	0.5868833377523678	0.7078181655138053	0.6060537390509944	0.6991572417225933	0.5064836821970327	0.646176344746869	0.6235588684897091	0.5280968224723465	0.8119139933459297	0.1074751131875353	0.1210251078919827	0.3948247958108937	0.2934658049696195	0.3892731875899036	0.2871273115031352	0.1240473362394657	0.2782369113121661	0.1610135364132197	-0.2128689785784475	0.1951933010737762	0.1187482250917746	0.2690255339001521	0.2358444895846438	0.3090419233499714	0.2486710465195882	0.229343435734987	0.1548355301189946	0.2310751800093523	-0.3391796121262772	0.0944865844139268	0.1339413538009461	0.2102113082057105	0.7089211708912041	0.4896752489890599	0.5839238692269124	0.4640488101345335	0.5910943810806335	0.4082422756160989	0.3842157164168619	0.4871923677903834	0.4604393704697278	0.6428030983381892	0.5520483688758383	0.8035968404730045	0.6794072965638625	0.6135043539828177	0.6654092024492796	0.5491472718173186	0.4752634432700101	0.5292851352551614	0.7895806382357294	0.5551958817932644	0.4561972430384478	0.5833087325101366	0.400779429275715	0.3715126850470725	0.358162809291741	0.4501242865008703	0.4004149251535062	0.6563424815846668	0.617291639716034	0.6741383053994425	0.4376945199884526	0.3199698877976865	0.4728334994580976	0.6274556825876569	0.6088425084456472	0.795621365704158	0.4495468600086477	0.228852392577287	0.4475567167240472	0.5126992974767258	0.5967342201414645	0.4738101348570551	0.4154702149233156	0.5317167457093096	0.5638101665418249	0.3034409212367888	0.0712280253188798	0.393191684387592	0.4754258902050575	0.6180824280968414	0.5739553294922141	0.5880722172650062	0.5063227757246855	0.6788824261060136	0.5670445343475655
sub-020	0.6442754196030098	0.1995032323628967	0.255220028163268	0.4875325751300562	0.6609187403388976	0.2130418573643179	0.1637549251792537	0.3771273978475817	0.1756821949271481	-0.137219461040734	0.0650699925451101	0.0578226671469603	0.144430204848375	0.1232723912145308	0.1476295615267489	0.0597359425488691	-0.104069728142098	0.0234234862101293	0.2913559947758294	0.32057649249117	0.2415773004785479	0.4231464934792692	0.2973463467474901	0.5210559899448662	0.381725182745664	0.4697652349332381	0.4785378686830425	0.3280130196091842	0.3215051194454449	0.0922435759336816	0.4962167337936229	0.2616693243313755	0.286715844737047	0.0223928000228768	0.0493452826181826	-0.0016145052878741	0.1551297048800346	0.606814092437322	0.4116048505424107	0.2922720905579783	0.1321094447545664	0.4917014606011337	0.5979409373449037	0.2528937176771354	0.1473109748547435	0.6033440434222778	0.2067472239432625	0.1858876544269863	0.4459635024399029	0.3535876610549645	0.1919626161004766	0.2749990203007893	0.3454042141170548	0.3312021447366464	0.3501015281744553	0.3528671713457489	0.2300361868647915	0.6682904264086025	0.623083322325423	0.0119944178009559	0.1954521324996064	0.5102309581449102	0.2792962070699837	0.1084867155902963	0.5510490655466194	0.4683552440371112	0.4422500523427931	0.4370599067861614	0.3312299248233477	0.4915304088366705	0.2865248209333721	0.4370468198620012	0.3494653386449789	0.4293920594709984	0.4131090104901648	0.2036460246754444	0.3973481138101556	0.2713798078882801	0.3020414169288555	0.3400573496365964	0.3624245788568622	0.2335951943726911	0.206717721148071	0.2078739688591738	0.3103010646711031	-0.0087081072947955	0.1894714818324714	0.3136574821060715	0.1539598734835678	-0.3117114122354159	-0.0296433633616456	0.0781114386954726	-0.1753318391191454	0.4187295923118641	0.2064405074812455	0.2427990134058575	0.1367378121074988	0.4513156768751954	0.4750948308958885	0.5870454307134139	0.401123209315916	0.4045085363554547	0.7713347609900989	0.2477389613855091	0.3334687277744249	0.5926999657637024	0.4434149335929675	0.6286078670390798	0.339009350251734	0.4668373911631981	0.082753000104444	0.1667413781537515	0.6761641306708006	0.1254718236691751	0.5543058349746294	0.5383130892692423	0.5257849204935302	0.399423797909975	0.7284724990390912	0.7796075393433923	0.5959286425271689	0.6217874155583943	0.302554235393071	0.5821096289360332	0.2119892815657647	0.4203864383323257	0.4351000332598876	0.399331536713942	0.4471898239321391	0.5949752488981643	0.564149567632747	0.5203569356501381	0.4841444371780177	0.3679746417790016	0.5968917063532097	0.2415254064779759	0.1888085682853796	-0.0205529747997517	0.3062470132445511	0.2074399770147995	0.2312027311219503	0.1275838327255384	0.1925667491804722	0.3251386923333584	0.0169588638145029	0.302266057278896	0.3960556474344858	0.7105582093925417	0.4186687091055899	0.5808404816614381	0.3509387783363752	0.5190556571626644	0.1319912683583221	0.1079729887772395	0.2879704940774466	0.3887948947126402	0.4086409514060534	0.3628657341297059	0.1799954957492152	0.2165062421482959	0.1475907711045765	0.1945386846617453	0.4818185541657471	0.4703013818588366	0.5480082561694254	0.5055106453049683	0.408782024093175	0.1722568229523357	0.427067117140416	0.2605668663747941	0.4080948527669326	0.3005661379044108	0.2143925815860548	0.0047786304441575	0.0735969838551277	0.765498520998464	0.5800994739562454	0.6912485449008374	0.5973737930528142	0.6210887773178588	0.634705980777638	0.702170808367965	0.4359877255589641	0.5660052479994795	0.7224876360113649	0.5323834277210945	0.6643646183057734	0.6538860895416283	0.5639317192353293	0.5215051413257267
sub-021	0.6520978402439509	0.3959329973488481	0.206435926078098	0.3716194042084857	-0.1768764709490349	-0.0252927295595333	0.1297670011993912	0.599841220681876	0.110668873455044	0.284829680241664	0.1626749758746689	0.2314437477788291	0.0590294969233997	0.2315630160582791	0.2992731159730564	0.338361870445932	0.1443154984568121	0.1986089547834608	0.2256636620323086	0.0806204593625787	0.1603472327185442	0.2511052452138188	0.2056024766208259	0.4909651845848627	0.3033456353364949	0.4190639710877178	0.2468088065463081	0.5466722254853837	0.0753413078846587	0.64667629441189	0.2352073218207909	0.4168606725915489	0.550533466793773	0.65161512213906	0.4838106304428178	0.3822612336415725	0.6621544244777385	0.6023123535866108	0.4920488489823703	0.1363615108966559	-0.0163407558784008	0.3060347627010631	0.5671646045090744	0.2796299673891263	0.1836452031032024	0.5877712478067383	-0.1156442401714271	0.1870945621472841	0.2823289885053014	0.1892651133645206	0.0614210106354296	0.1865466550174085	0.4828835560628805	-0.132140416313295	0.630994390499329	0.3353334856489401	0.1893949756350385	0.7403811748905248	0.2991741809991246	0.4188135963979463	0.2448584689761498	0.7741528996693432	0.1379993248687228	0.1554985940385348	0.1652487900088031	0.2398714875595956	0.2420097363196811	0.1727705518050475	0.3290512411412901	0.1808840764493939	0.3267847914976299	0.2240775613991046	0.4606594280550464	0.3313402018157008	0.4510031539347769	0.2507097386670962	0.7013160760235694	0.2920725192557468	0.2456592636320521	0.0988244128796375	0.2765481130672083	0.4237542026468782	0.2688290115670287	0.3507637503551776	0.330445410538554	0.5211587936814346	0.2742548539693555	0.3316952830991158	0.4560492623916499	0.478685765806478	0.2595183287283086	0.2164434149849024	0.3201821000042277	0.4240577397962538	0.4714381966368434	0.4100541880190714	0.4255391798618796	0.5420743526314243	0.3448224924624166	0.4634568267955317	0.0439510158850372	0.4256493117916831	0.6089701117803213	0.1662083794750766	0.4752154548007306	0.5278609755920551	0.2945377742656407	0.432666712314054	0.6592949509148648	0.6832651590038202	0.4929356464186004	0.5797299401693391	0.0597292720133739	0.3851236172924418	0.2314570331770432	0.5964848707389613	0.2662588847581508	0.2492277854633109	0.1102901410976089	0.2204841426643186	0.368470723533264	0.2852876011186006	0.2538283834977603	0.3298837243140677	0.2663994042722045	0.5272064140680877	0.2951767399298035	0.0232638208415005	0.2397154884307394	0.4718177488151202	0.5128308599323078	0.2292175392070178	0.2694953310044398	0.5642197760650624	0.1280221001774171	0.3350026443229507	0.399773209830689	0.0565714437946293	0.2997908130260273	0.5467729523832165	0.3291635543677386	0.4931160009711913	0.4692835794251375	0.5126508497495322	0.1527923932840816	0.2318867802336019	0.288239793205202	0.6569550555415093	0.466813335306019	0.6785385547481858	0.4391837709277985	0.6641672696780435	0.6194283469186868	0.406102619569304	0.0568305052835889	0.288032013644612	0.1270447912492181	0.2188156528678885	0.203580648201611	0.2014859948861279	0.3172839857659365	0.1298121991209798	0.0081838728157424	0.0168573892498951	0.279826568222876	0.5219096455693557	0.2788648111307483	0.1411193390518451	0.7459319646411225	0.3255475288314884	0.4891223729493485	0.3046828283921146	0.7496791979674176	0.5403296880803065	0.1446007859857327	0.6584988909868618	0.4355030188489743	0.4844145731335444	0.6178300722909624	0.1102075105051887	0.4619203392367574	0.5109875247478567	0.5422024508729503	0.3601895596867627	0.616255637723701	0.5101381150398919	0.6488419007162416	0.7600163162454722	0.4127487818953675	0.2806098314141339
sub-022	0.7735806264678904	0.4267606179889787	0.1926652834138296	0.4962228581435356	0.3823156411796159	0.5559940667708766	0.4621045199085713	0.6486546946588398	0.2195570871770889	0.5201521192227208	0.3661519096670408	0.5211816710547039	0.6866444943518717	0.4549456945875722	0.4970951030166241	0.5171517365488492	0.5102654814379921	0.5108963693709954	0.3573178107847929	0.3007550497530663	0.1153603566435171	0.3484115642012801	0.449595709079776	0.6188544987066895	0.5263274908663296	0.5173993723679374	0.4839614574076972	0.5431496467231759	0.4265849512035837	0.6198144646038086	0.6585461010949317	0.5191450699497002	0.5565276770876364	0.5396310817288221	0.5533932487766324	0.5993483558142676	0.4537840513770906	0.525864863160117	0.7512444149012177	0.2506547390235781	0.3439190490692254	0.5669823581620466	0.7493558475623349	0.1576859551175499	0.3603107070470669	0.6706421103537892	0.2798171179097977	0.3067380284854651	0.4455571139258141	0.3087966911578726	0.4623362585316467	0.4657638462127557	0.3317734631254405	0.3259697527045467	0.4757916631768683	0.1180643651292888	0.1573405046462727	0.365659762020408	0.4468412930378367	0.0404313496584545	0.2140845332022111	0.3777820587883198	0.14185786474812	0.2115646274205024	0.2713558013468955	0.1638528322655378	0.2907637394624134	0.3900432272983882	0.3023956616642413	0.4924134389948001	0.3391267517184581	0.5498545393192013	0.5005794178475532	0.6607986173728472	0.0735221418642683	0.5359179317275757	0.586066468044611	0.4553367723706957	0.4063933773566953	0.6816932602491215	0.4304108705508205	0.6897116287335878	0.5781532520780104	0.4370461284833374	0.4080960189771651	0.3078111108723852	0.2457900800092257	0.2693509869798641	0.4701225673779876	0.3188637899242085	0.2787639565952295	0.4253542517431808	0.2580771238355098	0.4117805816150779	0.326169833052506	0.3395344844595949	0.3346711198135839	0.5209202115630952	0.2954750153475375	0.6644930844336738	0.4826078326093685	0.0875687118049318	0.8564173676320445	0.3719169724909266	0.756254672490791	0.6480707021505328	0.6995293388052816	0.7387770331973105	0.8959499441588742	0.7837889321390272	0.6345892378670327	0.55588824694786	0.6562504119597778	0.1000553688657518	0.5356658803827147	0.6266135061094271	0.5232628675362941	0.5262671991522913	0.5602761350582958	0.511764452921802	0.7222324731192874	0.6988597187785429	0.545426806212215	0.5463396688115575	0.0197342576037171	0.4344240327460206	0.6321393629241463	0.3991199170654035	0.5798077002445143	0.4615410269500754	0.4658918480356735	0.5356034475101185	0.5412901155743742	0.3845237234262911	0.458903841256704	0.1676510622407904	0.1821975037416453	0.2030103014341562	0.0229125283387951	0.2495896246183139	0.0981578784805882	0.0813810947071337	0.1109822329031811	0.3782149290209072	0.2517082041205195	0.3318391711452165	0.7178563085532378	0.5994477555055435	0.6452135832448639	0.7295152011490157	0.8117739828227049	0.6925403998782311	0.6295098305192173	0.5485689231869125	0.414374597005642	0.2555178790050735	0.4366858901031299	0.317851498849629	0.4717748231639447	0.522019489043704	0.3801966610647062	0.3871074321755519	0.54509204063823	0.6899058256919928	0.6760775424133919	0.7632354951568917	0.6826998396791887	0.6242802775401165	0.5605732393065807	0.4495023389090858	0.6500750788638877	0.5804709863104077	0.5548050668664081	0.5205454960187914	0.4623365437337227	0.6428710408463616	0.7872500577509066	0.7254424356939313	0.6660793713217602	0.6069726306473305	0.6498793532154948	0.6025221754961934	0.5370722094643433	0.5046625071589312	0.8536200036414568	0.6722348512828699	0.6550383570582202	0.7616562434710252	0.6593532267141341	0.5475610184284545
sub-024	0.0696569509372631	-0.1832415592810829	-0.0601241806101463	0.3079205040600173	0.0775255555959023	0.3325959007055411	0.2632285472417527	0.6457932136908565	-0.1404162942311451	0.301007952555329	-0.0327153510441696	0.0478692124293371	0.0482206663698544	0.1653238081050493	0.166040886991358	0.1885004321438419	-0.0231140037987335	0.0561600629220944	0.3498945367131207	-0.0769787777153609	-0.1427172525354553	0.5082364605287804	-0.0006320174838378	0.7762714662028098	0.2624548697112692	-0.1356893679877008	0.438664906567304	0.7009196465886269	-0.0025007724204172	0.6998168072094696	0.703146780235428	0.2959538273837767	0.7231952050911367	0.7492182367650878	0.1876409749021764	0.0235038307274508	0.50373505752455	0.251877293678878	0.0484074295727627	0.4447154602348694	-0.2005964867871267	-0.3549043124146065	0.463755104961795	-0.0325241086815301	-0.0997462795394154	0.1496864710131365	-0.0564223471063096	0.0936164728185969	0.1321992167158629	-0.0478151432816811	-0.1142450646679977	0.3322406078649972	0.2087761518851851	-0.0386279481178418	0.3978369692647941	-0.0203226603112825	-0.1411764557169363	0.4141292054281081	0.0947398669422302	0.3672327513594272	-0.1590595396464877	0.5628032993027993	-0.2939395525579579	0.0049899561321491	-0.2508090284028222	-0.2187884736896364	-0.2180589661621373	-0.0890634112602273	0.0727265805882338	-0.0630090957413164	0.1082221998509864	0.5846824523790399	0.3026669971369557	0.157106822639318	0.4345987661608755	0.5209494566350968	0.1274855134271031	0.3817710615560039	0.365346255376461	0.1613016188393127	0.4331922315885492	0.3615504020933542	0.0941416947331183	0.0805398801095997	0.4440245603863832	0.016004750582596	-0.3440686128502649	0.4025853425918679	-0.0891522328762225	0.1299044725561821	0.039696524084121	0.1795702418197645	0.2054952044931439	0.4565896174210748	0.0996065214412936	0.3266000618595653	0.7758965991528235	0.6372432670673198	0.2626976273253804	0.2560131963330587	0.0136157974625956	0.3403707121021122	0.8084896146777488	-0.1819549360913715	0.7172211584964661	0.5519959681655994	0.2925112580896817	0.8170730521796917	0.7068762154786387	0.138132039848763	-0.0187455608620409	0.6596784193321101	-0.0756113213948613	0.492676234238132	0.1518196510724813	0.523027688376454	-0.0678715210592415	0.1857974241832906	-0.1806039923454719	0.0489525052235772	0.1016075162871041	-0.3209048926680427	-0.1037632842015337	0.1398546279116177	-0.2948072982935273	0.0617954015795152	0.0533893174693731	-0.1003462406165387	0.0094554872304822	0.1607651396026552	-0.0327523630331449	0.0227142767560621	0.2094187534882212	0.1627847243963446	0.1385147749350779	0.265032299695643	0.239480219341955	0.2263307790087205	0.3946625766413749	0.0227777349081634	0.2664365563922158	0.2632068267665309	-0.0267262385004647	0.0341043380378997	0.1718426558753112	-0.1305597859301076	0.7410457892957755	0.6574594145170739	0.5056384410315773	0.8327544551624289	0.6851174266772754	0.3284897740611132	0.2337002084524869	0.7101449490534903	-0.3739445565229549	0.1378327739370723	-0.3066033611430155	-0.2738185313848623	-0.1144975724929728	0.0413573908288757	0.1505761566116783	-0.0600060119179922	0.5819878550660913	0.6117921640104456	0.855106827540063	0.6676199310201562	0.3747357534039378	0.2242046607673333	0.5255048062851557	0.2609672352835227	0.6137617995009398	0.5934041097242309	0.2901765277077537	0.1624432586553556	0.4297005059619446	0.5234437242031117	0.5541832931207625	0.6649089887133777	0.6689789953660117	0.5202671355976551	0.6877438227571895	0.301750508619298	0.1778138457987672	0.653865652757172	0.5777155563008011	0.3921149235492628	0.6675505223324746	0.857535234223923	0.4493590872635868	0.4124487824609781
sub-026	0.1954196187660468	0.4263658640695282	-0.0520113336573374	0.6373672660146528	0.4621801534447038	0.5104578101607484	0.2075064737438368	0.7535110552521995	0.0471512147670792	0.321936246697081	0.2572726992501223	0.6786497981814038	0.5576770527208135	0.5864951241714079	0.6653414375859823	0.4529900694913344	0.6173116992592963	0.5658414844698852	0.5312037294300166	0.1592142108856269	0.1750621971882617	0.2095280228898018	-0.0373567195490584	0.3318775564864059	0.4207146460151278	0.2217970502291728	0.3389241190112513	0.3565485146934957	0.2171319713779963	0.2070237411879656	0.2686990779710081	0.2577345769082392	0.1899672994063846	0.0862367904628028	0.2619670107982818	-0.0032497988491546	0.1058659365700263	0.435652363928209	0.4148723815240354	0.305222873851617	0.128577392143726	0.3012088620859282	0.4978129778609651	0.0842032997798302	0.036785959142713	0.6351191915864774	0.2653805881764655	0.164847173410952	0.3357452076471824	0.2320930915869818	0.2252357153867984	0.1819119150767766	0.1813176157453664	0.3427620467047025	-0.0342313140276012	0.0827814462644968	-0.1627942563552567	0.3662684727180504	-0.0039369071169609	0.2751339175380894	-0.1203371614921935	0.3441237079220107	-0.161999605370679	-0.0371340725360707	0.0448405432024806	-0.1500822720632205	0.0048891231742978	-0.0913783823743349	-0.0843580382500755	0.1041842426864392	0.3281456630455542	0.464836101358819	0.1436111281369642	0.5568100049184095	-0.0204527649822966	0.2513509145976033	0.2769756565282153	0.5892772398068	0.2854464844355227	0.4708569696928085	0.5107154090644548	0.4401987365386335	0.5213341116387246	0.4339483281019654	0.3476118599684923	0.2522057195636928	0.3429915427687616	0.3050383393850169	0.257271971635567	0.1789397396325307	0.4065128293126565	0.3208465454817218	0.1999379731390206	0.4782949467131673	0.3384978229288824	0.4072738995799526	0.3779572433481938	0.5495142095028461	0.2753310122611353	0.2376196513449131	0.5440265601561627	-0.1719257260357054	0.7891900146811784	0.1973424938606336	0.6864172591903641	0.5951969106360943	0.5068066480253677	0.745313412323386	0.6490896337091966	0.7352240892715352	0.4437551767664879	0.3520126667006407	0.322109562938642	0.2837743649972822	0.2232690191156853	0.5063966722961681	0.2006502651311514	0.2899670785273376	0.4272842365542671	0.3117523364257428	0.3268547674891632	0.3280379112494038	0.2467666181261614	0.259148083654651	-0.118762569879112	0.3920397776129347	0.2616799156437213	0.6888109628842861	0.4883079406094108	0.6060078611868183	0.7092544922007182	0.6633818076759902	0.6906206232317663	0.5641524949851742	0.7621037744245462	-0.1537202424365293	0.1520732132327397	-0.0462923555537861	-0.0910619557233783	0.1984974937634632	-0.08771245950465	-0.1665215725355799	-0.0107689576374914	0.1523957560871847	-0.083296576437155	0.0799531499581209	0.4437837623471268	0.4771061088853559	0.3522593415719045	0.593087520229656	0.4864090359735361	0.5825260785413782	0.2501389281440164	0.2573255259389552	0.2996578577560315	0.1316001485684049	0.4010713639466097	0.2606138387922459	0.2100735526057018	0.1729397262802291	0.243296792909915	0.2053021404777955	0.4570352432964022	0.7606112575544712	0.8301361861277992	0.5101496721195772	0.7077415178273149	0.6699897287840776	0.5073106732075534	0.20662392824344	0.5819106612274614	0.4844938165058469	0.4826810816968637	0.2712062111567416	0.3537828138361431	0.6678086047343864	0.4083390900443654	0.6328415118318358	0.7312132637997044	0.5375385059083763	0.597706275196729	0.6799066151457345	0.5755156798413593	0.4999258784994265	0.734380814320334	0.5486725303451367	0.6252918720401787	0.725972061069487	0.5999325046373852	0.5795497179466897
sub-027	0.8526679660378498	-0.5349936827934224	0.028123063961679	0.666593020284306	0.3253310244983209	0.0860679381146294	0.3540610390183816	0.6663997383906828	0.0462781994016384	0.5603082535539641	-0.1224397568075881	0.6334336392819402	0.4733268713761202	0.4302825335526141	0.1457743517352655	0.7610610992782272	0.6506878560792939	0.5999436765423549	0.6452320249635886	-0.6481061468267213	0.2324942100085414	0.7041045332470152	0.3062778803684561	0.2330579606949271	0.6084319483491635	0.5602414168639382	0.0906852544850968	0.6484090880666683	-0.1601824851241806	0.7813563188334972	0.6084125177015732	0.4804748350936	0.2650572325388985	0.862470065303907	0.7397339319362042	0.6957874866196209	0.709294110092698	-0.0219049965423104	-0.4607379121610116	0.0325552655108139	0.0926076931500523	-0.2044821384677292	-0.1587940349927675	-0.1734369303915482	-0.1467646052004033	0.6537372429954242	-0.4655113080440524	-0.1603359365058167	-0.2736659470689184	0.3087135070603224	-0.7402995503344393	-0.7231026566944473	-0.6250201553421723	-0.5728590384507146	0.2981072328876402	0.0769388623658846	0.1667167781003467	0.6284305746174842	0.057193674727314	-0.0120597250291914	0.2840945883248224	0.1757290631216799	0.2565310774301786	0.1930047351776589	0.3451430878269193	0.3128540780552185	0.1281319907016993	0.1223919362630046	0.1915840638248869	-0.0281925978398822	0.4807318906090832	0.2067447897301198	0.4301021427926151	0.5322124148703499	0.1010143054618261	0.3977923987734107	-0.1771543975763549	0.4910710644978169	0.3204792753626262	0.3460477220761515	0.0600796833571715	0.7840708865483708	0.5378961448513325	0.5969496059369305	0.6649680699589735	0.412827838608176	0.2398723799611279	0.3123075624416065	0.2641396823512179	0.241286369821016	-0.0038749820531638	0.2538421970207828	0.1702679897696805	0.1300936284071857	0.214656935418208	0.353765289973613	0.2090317567161517	0.3751955568836703	0.5049518941288869	0.4668143531086612	0.1259542858112042	0.458530282835704	0.184543680353853	0.1335472631578169	0.2775061650889673	0.2764395959220189	0.1262505088978228	0.3837944417452845	0.2085325508906262	0.0881595636396893	0.1043175946075222	0.2843915559583884	0.1929178673261562	0.073602079144047	0.4988410218065409	0.1201968512655395	0.5720593386698691	0.6001121029358555	0.2308160514060646	0.5603039926298622	0.4168061017161478	0.282901953107412	0.28342831005259	0.2780135572531009	0.0455415846147989	0.4653649055216293	0.0915753924519243	0.3819168629562146	0.2875975963129498	0.4323214692258634	0.1337979189926932	0.5657370203642504	0.4660924261310306	0.3765484390622297	0.513194320546861	-0.1415943292690567	-0.1873987502491087	0.182798291767136	-0.1737671570135963	0.1095114780322545	-0.343632026192493	0.2263058539357199	0.4390898759315259	0.1552570136364399	0.2406931250372405	0.2566686784862305	0.5668524876353878	0.6026602267493673	0.591039815883678	0.6097927002773587	0.4128886555422817	0.3256029320602241	0.303487620477026	0.3007134670594091	-0.083310437673023	0.2053858087190651	0.0463747996045901	0.5100906454878367	-0.3928804668183821	-0.3881034162970811	-0.4084133897678451	-0.3717955949228638	0.5462966468140754	0.3603093230076282	0.3254197943623215	0.6424326820838737	0.6107439645608014	0.5476708214446537	0.4836608300507355	0.1853475893751833	0.6221603522002389	0.3910346524776958	0.2253049823951712	0.218788918870725	0.2560702621893715	0.1534661605591514	0.4159876489954273	0.4612643415035261	0.3881994070193726	0.3197144762200204	-0.027792951346303	-0.2195225031763892	-0.0622570941524878	-0.0407101712821811	0.8223935859335583	0.7459175648677691	0.819182380311853	0.7088259307170756	0.6412742078550184	0.7300797591627682
sub-029	0.7169141384992347	0.2752529779344986	0.2197692092725999	0.1438483491960865	0.2295720421569622	0.1411557984854915	0.4643093442031299	0.5313424420921573	0.789696585257493	0.0824859698687605	0.2796216774965531	0.3052510352704847	0.2215002124471918	-0.018242767793487	0.3227667166923206	0.3049325006309745	0.4869885851712505	0.5830989216167232	0.2325275605703226	0.072026589660007	0.1547349827566406	0.1238111474856304	0.0222825441464627	0.4936595716090806	0.5687601179043528	0.3622596278054569	0.5058177584784064	0.4666987721462746	0.5051281547337615	0.4704422467878596	0.4374075198423763	0.0777849152108134	0.4321066730791209	0.4488603900082882	0.5385471087766388	0.6094941482781481	0.3960118151824735	0.6095530301403462	0.4314155443221091	0.5546196405784868	-0.2370651412136776	0.1397828755918213	0.6377524962941896	0.4091518120867329	-0.1413956994165454	0.1609284350102899	0.0662383042618515	-0.1222787481962706	0.2714510346093893	0.0122483374462992	0.1785241706111067	0.309780908284583	0.3084510606135495	-0.0701012743933911	0.6480157864186574	0.3172990426979126	0.1732571004686225	0.4048777364974152	0.4790396743331066	0.2223533207166946	0.0502522189646993	0.4677108321348255	0.1880868183288925	0.1527413687453396	0.2564004657562985	0.2500845743836191	0.1490850520226296	0.1815789208101091	0.2432562732665381	0.0007591693630083	0.5607626733119797	0.2929382511730407	0.3069849849186422	0.449634492348585	0.1642711551542606	0.2060526572494243	0.3556147256981542	0.2242264539600775	0.2528686812562383	0.4462428730729181	0.3270863602264418	0.1818462589546539	0.2829628382806223	0.1401276429664213	0.122760463776366	0.0072378893862297	-0.0053742345578882	0.5273233204883929	0.431449052565264	0.0172054107964573	-0.0556673269973594	0.2569652128464705	-0.0307923076863546	0.6842091778050594	0.1525348573571162	0.1728974281712493	0.3558856110991587	0.0845701041331988	0.1685402501824398	0.6081268279920677	0.0373925662573728	0.0368534104450339	0.6841567057075377	0.4489791848140051	0.4385885455052448	0.6526670429755532	0.2665037761561928	0.6131762844072814	0.4317296401560775	0.390486243259174	0.3078244582181942	0.4009020006275774	0.2212429466474199	0.3554411019474938	0.456819018452968	0.4519085365693575	0.2432937559740723	0.4745986426158067	-0.0475174044935785	0.3891019615676164	0.4083083456633783	0.4435779520697379	0.4698480901617858	0.3255683745152637	0.6008343680890548	0.0877959744087339	0.2852778638279301	0.2974204476628516	0.1463973403805423	0.2712307011021109	0.3168013972409885	0.3463172790981531	0.5421176515593304	0.354344652990224	0.1367674526176762	0.0622323936785332	0.1740550886696652	0.232838597253435	0.1111305218099272	0.0553140189207453	0.1862317220069768	0.2930977516935353	0.581412055334549	0.5619686412924509	0.2022393624716995	0.2594950926452173	0.426505732794818	0.5464113615463836	0.2524138286806608	0.5144035052119661	0.4858175360401813	0.4057330365687476	0.2452320557442984	0.5582529620921917	0.2048133554014641	0.3108585020790206	0.0586042776584779	0.3047442288807326	0.3524114218507693	0.3457052033348676	0.4813733620231159	0.1207663507566284	0.368704143579793	0.5082949646584085	0.5744723334033897	0.3251919541479018	0.334559122142708	0.2127802662235126	0.4188710899783663	0.167412656059242	0.6864645753938227	0.3420247596239009	0.3605120696362298	0.3163573775301489	0.3020392310592253	0.3554041117860185	0.1822208013754574	0.2178551938933374	-0.0652562208381792	0.300269856928657	0.4008772440496918	0.3761950003603801	0.2858770244937681	0.3602162997781498	0.7386032161394045	0.582790362428474	0.5637802662036544	0.7556928256596973	0.4271988041808095	0.2362516816221557
sub-030	0.3707530349759573	0.1894698329237603	0.0180903161449733	-0.0926747432867472	-0.0010310293455979	-0.0152059265380653	-0.0076739162375497	-0.0909657283936418	0.3081079833408016	0.1622849926000447	0.1120277358083085	0.1129067515776666	0.2728901942953228	0.2581964791161042	0.1419971955484786	0.0019053880899657	0.0729957605329803	0.4734152683758706	-0.0131195250794784	0.161279128339811	0.3057479492873823	0.2414241328057263	0.1861809554540604	0.4785588245754816	0.5554912723288943	-0.4564336577071086	0.7011584719518378	0.668499829079111	0.545557685769703	0.6799457108009366	0.5847272137515013	0.6024056652243652	0.4235462112069533	0.5441558225452338	0.7171840718088818	0.5943374192438667	0.0567293208253556	0.0530682439090053	0.340125512114845	0.3009035943038144	0.0139921369236249	0.1928680850097657	0.1422949367815456	0.1469305366093766	0.1141153029387552	0.5898937168968305	0.2202658009381195	-0.0188776833455116	0.0572387586992849	0.1538126680626023	0.0248139156949307	0.0242491572441253	0.1278856296959497	-0.1133692800833179	0.4702813129159037	0.1988820123450832	0.3025568329270206	0.5162668662854261	0.0053525164472418	0.3141484099803604	0.3477466639825083	0.4665637043452063	0.293377706416223	0.2089549594520711	0.2204997564596429	0.2231748548888865	0.2085226348239471	0.2091466043409346	-0.0230849908292597	0.1192536211637419	0.8170099216576676	0.3474425984951113	0.4175183126787518	0.4610596918772516	0.3693674421339549	0.5270465524185852	0.6255114063130325	0.4687497546762739	0.0636244580900109	0.3091803662897966	0.5722365373956184	0.4768433909214344	0.4016666368575778	0.1780618231293175	0.0737451248513899	0.4305606648956113	0.2765871140762595	0.5307260949025567	0.3842702061435407	0.5448157604531354	0.3931771915288328	0.4899848280926333	0.0282255530930215	0.396313163664878	0.6680292368677522	0.5090252304458983	0.4837487553256899	0.3908925275852468	0.0007122230934408	0.6814808840118924	0.223761836505714	0.4641878296668734	0.7177244779565215	0.2252191587828132	0.7296601185058327	0.4184121203576224	0.5273138767422203	0.5107831258447025	0.7027602554817055	0.4635450158910634	0.1634106344439014	0.2671352421853978	-0.0128644072711751	0.4471644319472281	0.4989712296870559	0.6408260221650985	0.6063148657222972	0.3452466740635848	0.2830637535186549	0.309013414324438	0.538458095360768	0.3880081441070103	0.1286418870477988	0.1715728610421938	-0.1448059640990766	0.1356545272161558	-0.0847567097817457	0.085322371845018	-0.1328168400598852	0.0054561070905234	0.3217285487093433	0.1739040979324571	-0.2263893756908158	-0.2780797484949664	0.193087818930863	0.5372802737963499	0.4114343395897488	0.5865041540972942	0.3539299732113164	0.445478204169339	0.3987064263939913	0.4439023228542099	0.5840848980694711	0.5799172715727978	0.0163911314599188	0.3852043513734989	0.7853068958600964	0.6209875593041765	0.7640877659450906	0.7662115533198983	0.693204573571323	0.6450933671237467	0.4052064341582463	0.1677803083680165	0.4544444209427426	0.2482679397871284	0.2280919222154763	0.289147016657706	0.3834302585086558	0.425225044265143	0.2595987391407544	0.0060073810405409	0.5345844206551007	0.5687645622487117	0.6530839971206651	0.7092449563556498	0.5877595850039913	0.3832690469718861	0.1815350742531186	0.525800152107077	0.4288324238605424	0.5132514386638581	0.4291614387680644	0.20845421210747	0.2589216833671081	0.7052500352595017	0.4571417599050946	0.5569446430857384	0.5060781877098319	-0.0628472024554988	0.5134130637003347	0.5286048540805317	0.43298634964361	0.0625387627391663	0.6984364329807781	0.2533583866831425	0.4707967962134292	0.6236628372002937	0.1577203714080554	-0.2498728164290578
sub-032	0.7809181411611504	0.1908266646525113	-0.2245547849920416	0.1160097037637724	-0.1541924479913085	0.5916122094315728	0.4538139329468888	0.6115957813476837	-0.0695294827779119	0.5163796267436532	0.1194374554049276	0.3160261971709738	0.5909112876997195	0.3717505613721847	0.3640852478771786	0.3420101309949596	0.309863629957753	0.4119926318938808	0.4611618786355284	0.0820740076061164	-0.3145911986083088	-0.0623481509303237	-0.1004944117826974	0.8653724301665583	0.7793326155105673	0.3755127126823414	-0.0891831846891417	0.8477768660577156	0.3441999363800832	0.6056620158821524	0.7260103966138359	0.4598495993076435	0.737016779862216	0.5080154703030338	0.4456073335482209	0.6546614186355084	0.6565926393432063	0.3293540374643245	0.3817749510159391	0.1003763031595461	-0.0393079344458485	0.0258451417530697	0.3597214489039074	0.3897930935200704	-0.097551728264647	0.1172271674038017	-0.0924957604840312	0.1090564129785057	0.0675710195840237	-0.1014237644246037	-0.0909756844590529	0.0270910800986832	0.0332755001571148	-0.0676008152200473	0.2245376950017275	0.1158469773825643	-0.3433681904652717	-0.0999299580196854	-0.0580482082235829	0.3118422453424615	-0.3867061599719999	0.1480748938853583	-0.2508972454542115	-0.1610864637545177	-0.027475526448114	-0.264659516149959	-0.2143355163816276	-0.2747778835424798	-0.176941020605696	-0.3017355400080209	0.6497885931789461	-0.120265490414778	-0.0907215688192677	0.6114573821712658	0.1987937398779299	-0.2642127915804976	0.0246695269652957	-0.1790481596853363	-0.0807293919056167	0.1562682045529111	-0.2488818427371595	-0.0388828045303967	-0.0798650630644021	-0.341837414176088	-0.0629232877031104	0.0562525082957148	0.0406310454398479	0.2059347682636954	0.1793224991627479	-0.0826656770111676	0.2502886563087142	0.1305592745241351	0.0430595089483824	0.2725838124095565	-0.0433969050833456	0.0787652248895911	0.005622180697004	-0.1779086165518881	-0.0254561224891126	0.7900139895194793	0.227945897165666	-0.1870077729536758	0.9148744123221498	0.3464854693110351	0.7046504324400913	0.6864603274935133	0.4847526618839234	0.7832004629159545	0.6112645541713656	0.5300722171842139	0.6729030589838703	0.6725233043085697	0.1259669643797076	-0.1712673029172658	0.7829024128485809	0.4163891039382044	0.5924008329972836	0.5222792685478934	0.4396718830672374	0.7074370010547212	0.6075410104583706	0.498794443378581	0.6156439005047352	0.6053805336050665	-0.0190166740138043	0.12927376046127	-0.1546459655023787	0.0198573740933659	0.1539064426170767	0.0590784113590714	-0.0072173303065757	0.1463432644686139	0.1818462291516807	-0.0009325635695658	0.2478758359108983	-0.1722813823383483	0.2906624716677197	-0.1023589290265009	-0.0010939062613816	-0.063865020583789	-0.1514486467251574	-0.3751553315066283	-0.3143533968340025	-0.0577149829244609	-0.2819150933582547	0.2991779348820654	0.676700470544704	0.6304824910252067	0.3660607864285735	0.8068896810221662	0.5288761110078662	0.4435387941576341	0.6598217583747752	0.6537304694736839	0.3537757796435878	0.353339287128522	0.5341414945690398	0.2820110532978936	0.0763551196996875	0.1008892786026827	0.3053574282749441	0.113487472944115	0.6020951094343661	0.3262311549372753	0.6772498656497221	0.4314584370689548	0.3686933682458596	0.565064675983455	0.4244569711424946	0.4565716966064678	0.6156546236653382	0.3437137627465916	0.2177643964586958	0.5592192887615032	0.4401610485954492	0.2952086862288484	0.2780008799587062	0.2028510869823277	0.2355565380904501	0.1883799374656353	0.5051561056054507	0.4202337590287918	0.6786318087865965	0.6298738319201382	0.7864248288890237	0.5381544954867211	0.5612806388625228	0.5976341361363984	0.5052053306290543	0.506832685139394
sub-033	0.8105226063480471	0.0584266533116476	0.4489723106608095	0.5031593022074389	0.4971540757356177	0.670597270533378	0.6586543146040433	0.4892517823877028	0.5643032990662991	0.6434536077023267	0.3935038347054393	0.6745999534734469	0.6555492585009227	0.4904621575286789	0.5377214510869928	0.4147120604670483	0.5678997945445784	0.139456406829357	0.6029046183443489	-0.0597604280307248	0.3799892071410719	0.6197183157651472	0.4205723773184744	0.7448588295567973	0.7476927093821693	0.4808952110804463	0.617049213802455	0.754936228055953	0.4854849162144499	0.7845506142649274	0.6981770115010694	0.5570291989514278	0.6144647492985039	0.545142235939547	0.722450700899442	0.0816082316762726	0.6128643609096566	0.2343540856355065	0.0248936484068601	0.131936426182366	-0.2433663965774165	-0.1153144183334857	0.1225871281844279	-0.0401352825123816	-0.2189526293217039	0.1444736773520082	-0.0696493226585463	-0.1960164249056866	0.1921395783604409	-0.0720425680594062	-0.1128125194551367	-0.1701228621542073	0.6229513546944412	-0.1952537376186764	0.5257378991881777	0.5790342050589701	0.573258932554819	0.6364807794042099	0.4063620633979896	0.5438446936758028	0.4395603966215557	0.4373100254896092	0.4079970713156205	0.4563081698381666	0.5187514382310596	0.4151515764948394	0.3183371317991078	0.3170476576306627	0.2469327965412187	0.3986815772929511	0.5792834276871821	0.6460681756803887	0.6402986737537284	0.2623644669769008	0.6399981592495854	0.5828664686062519	0.6286360813043089	0.5903960565118407	0.5851980115252263	0.5276048406333566	0.5453681183904676	0.3533397034015474	0.5347192864784972	0.1822347020235769	0.452393781411333	0.5500451373158665	0.4882019915552145	0.4267961314576475	0.6190843297151604	0.371430381693892	0.2921479919456413	0.4151125206412114	0.4666392339881535	0.4142646828473675	0.2892672448236633	0.2909967486246796	0.3437084766335205	0.1360496234973025	0.3768649257092495	0.8443190329365429	0.3636072536964165	0.7703484156631366	0.866018651987539	0.4250944716912346	0.748639435318258	0.8038506184640831	0.5060681025340645	0.6614783583038283	0.5457685785571625	0.6357099614457004	-0.1004520598056707	0.7578167377654632	0.4381314653380833	0.7028796631286715	0.7851917982708508	0.6248765944480178	0.6752720430296385	0.7050619327970689	0.4617030056254196	0.5802293613249826	0.4876576701566089	0.6379047160312725	0.039006902681554	0.677437911456277	0.3041879571031965	0.2990152128798314	0.2694527257964311	0.3533029705818361	0.3111344088441298	0.2832301341391512	0.2190700313558467	0.2044245733660212	0.3081077687561093	0.2048496356425811	0.3635288293484716	0.6410727665335445	0.4266470308546727	0.6142005976916438	0.6534900879421688	0.5330676059952458	0.4515230560582421	0.4469129697530823	0.4970027146614476	0.1457691300749531	0.5669229991904531	0.4025032152283889	0.749934358406673	0.7806720780300479	0.4405741724831625	0.7559271905464514	0.4925857357771899	0.7122611108486656	-0.0279157550626464	0.7319680554834316	0.4661718970520105	0.3810743067703833	0.4716246152131625	0.4034067263792813	0.2359780359546136	0.3714086788804661	0.1999039972705552	0.3878937747816968	0.7331653636094472	0.6220785199413241	0.6813660493434665	0.4704334375396682	0.6349534452410712	0.0450682801717788	0.6206631411955776	0.4481097399374167	0.6503720097130775	0.4521910858023099	0.5978121309953218	0.0881359577617217	0.6652741282795248	0.5485299609997226	0.2875752781240258	0.3374616654970584	0.2461544057983431	0.3677902833293722	0.4439132055919697	0.6436363405197036	0.0303079272161678	0.5916452451445874	0.6906723721830272	-0.0649945664734276	0.4485742872442125	0.0701122985235359	0.551464695260951	-0.0235882761068341
sub-034	0.3213278868052633	0.5130731884294424	0.1059658856489084	0.5713825129341886	0.7488425474179363	0.1835555360523325	0.0787069979405968	0.7715408962359112	0.5013612887477846	0.320155982934541	0.3120469447391539	0.1120098337533745	0.2292890014706968	0.3236162193935958	0.2675662009449797	0.2477199285258085	0.1936922155328974	0.0820799818484422	0.1615809598339473	0.123783058522393	0.2378695882215464	0.3752023649840745	-0.0797026195257184	0.7345993149315881	0.5459691614457486	0.2190513998876145	0.1283002836482077	0.7662974400597234	0.4849348704599432	0.6342541123472047	0.6800717862115548	0.5285955656713441	0.6533701293212717	0.5433096325021678	0.6134621020575853	0.4161720946824748	0.4631305857482353	0.3995690620247261	0.7051105991906297	0.5248498346493724	0.1829743882043525	0.2606061821189692	0.5073322276286791	0.4684920982594723	0.2996224574360541	0.3494524777861531	0.1729818098467755	0.2996538811898991	0.3968120316707055	0.2930625990611441	0.3340223569334807	0.2356974649550696	0.2979615224959001	0.3284688493715465	0.4341115870533413	0.1016972985011791	0.2326244375422108	0.618914622283555	-0.0122991270634078	0.3704973406196485	0.2247657176326776	0.5330000480475867	0.1556117403614496	0.3226950789204305	0.2646160523666289	0.2129885917876	0.2812745284930761	0.134252145509016	0.3875884788303094	0.1853228807892293	0.5176206266227529	0.5184394999517968	0.369106310916266	0.5129672051679435	0.4829172437710187	0.5383590916109117	0.3812624448912233	0.3865156591708589	0.4490813180915821	0.6264229861826776	0.4259419890641839	0.5628318374410564	0.457907104682992	0.3463294015017676	0.4471562683280226	0.0714748051467404	0.0085217875536923	0.5057846858927704	0.5486132649317038	0.1836291686948091	0.101701863988811	0.1156290099444162	0.0846466314463915	0.380560763401721	0.1563926905750653	0.1604869229096448	0.0361168339435781	0.1623209459154711	0.0938848726085922	0.6579190103850273	0.1855276763029991	-0.0430328115278518	0.8739615183991176	0.2374727457364726	0.7930349838308497	0.7202577997260203	0.8181652541290217	0.7069416092712866	0.7864206016308156	0.7687821807137026	0.420043159959352	0.6716127004699841	-3.654462730581787e-05	0.0929932594843497	0.5677024209688286	0.5753206309601947	0.549162517877744	0.5827582854626917	0.5336101626318531	0.4907302072725669	0.5895697366597697	0.5644845741773639	0.4503085902624411	0.5110743331676743	0.233953495276316	0.3111396950291187	0.1194643456692901	0.1036360953259903	0.1356477313585162	0.2491928806951669	0.2049277448187935	0.2607738821476194	0.2901271290356891	-0.1810496466551523	0.2130712525688864	0.0957734502265434	0.52043067002053	-0.0169781206956921	0.1024268919385861	0.1229601201033491	0.1838889082120401	0.0633623987584736	0.0261185454666188	0.4982398088904782	-0.0318893779493715	0.2356193426947079	0.8058034477190075	0.6796125435064296	0.7290108020886494	0.779195020207639	0.7059767929373232	0.7308201988313306	0.3528852128162737	0.6267899266215768	0.2261445557553628	0.3388418572593594	0.2110150699202288	0.2576555642372182	0.1652723213792237	0.1834592937050964	0.4299426956505791	0.0696646850786407	0.6368210706349399	0.6763071228599608	0.5817438886509574	0.5407963092308191	0.6096161491712834	0.2986801022820438	0.4900673491444285	0.5890174272522767	0.5852688151792442	0.6021613911864566	0.5818084579271064	0.4429455644771428	0.4819261235252038	0.5914651529236513	0.6608923419317011	0.573107429644287	0.4291495694030214	0.5450202495749721	0.6307094508200224	0.6533837301536759	0.4972157318276339	0.5856771234450893	0.8449470136256353	0.5010671415658637	0.8222133196190601	0.4475616030787794	0.7880727187378517	0.4040018670670203
sub-035	0.8053857057367216	0.359639598834216	0.0464510338737941	0.5971654338600756	0.8342408336554591	0.2595455040465003	0.0567051877847965	0.6803389263756014	0.3899867676323148	0.234099357651508	-0.2455211050087231	0.3658049527355884	0.1582475178443448	0.1023099021943735	0.3216552076927224	0.8858186221594699	0.6707730353930921	0.4927015189061077	0.7571456033032156	0.3746273968867208	0.1270283693962107	0.5023149169037814	0.7561091928257919	0.6103148073856187	0.4834069052021596	0.6387590552352894	0.4379219990325831	0.5109221837268414	-0.1011696564398048	0.3559775034356676	0.5444144806364887	0.3212135915267412	0.6540407801437275	0.7917290063638965	0.560699175563634	0.4296066966523689	0.6855309637058429	0.6584475638589249	0.690457544612504	0.5021129812346565	0.0642792377227164	0.2438638003123845	0.7662134613842491	0.3647841724573297	0.0400806257390526	0.3246609619993965	0.2699007484600768	-0.0285605137877174	-0.0672864619618627	0.0109808472474883	0.4147483792735246	0.5201714287741702	0.3574683537503141	0.3693367491653967	0.4004235038456527	0.1460862056470249	0.1175542797696219	0.34794457529648	0.4419592546350512	0.213743624908333	0.1009270824911802	0.4484722845880678	0.1576419619189621	0.1093232691308359	0.0495830214298261	0.0331091458691908	0.0750280896495775	0.1779686888996478	0.2652673787762904	0.1649060073836231	0.716098121534906	0.0141096177936838	0.1703180065556942	0.702947405794789	0.5927017700875803	-0.0344038181840048	0.1553682309866164	0.2599226911767289	-0.1102539505132229	-0.1438801246364766	0.0261658014491465	0.6358084203685243	0.6888457234085944	0.6010648829800913	0.5518186572595525	0.2754867737225283	0.1193777730218863	0.7223527103732315	0.5870206561855834	0.1902589118581784	-0.2142935195938314	0.3369639998972319	0.0945601174791919	0.0495864250959035	0.3196236046785445	0.912783171616522	0.720437295867966	0.4847890069867702	0.7893860904185038	0.6273063965213564	0.2257107623861485	0.2531111445102889	0.8871775988692748	-0.0120007502374149	0.4174119443327965	0.7560586238624557	0.7452738009204843	0.7639805072689777	0.2897137259995049	0.2102978741202549	0.2318929296612915	0.2633001719054333	0.1954303410616269	0.2508644371483557	0.4969915276516536	0.3721291967811252	0.1392596534208026	0.6685272086118521	0.3649774287759929	0.5875664807209825	0.120084257179014	0.0640972211015254	0.0881187343945575	0.1031744901779904	0.3527107768463445	0.1865801346131556	0.0719745412266584	0.3571696023029971	0.0835812556240219	0.0726085418745568	0.2512968478002472	0.691954054593644	0.6833589660624911	0.540113190948016	0.6256353466563785	0.1663401675512174	0.02045577656486	0.1838054769211209	0.1416441038521565	0.0304720857565158	0.0900122467995815	0.4351257958080107	0.4203375625735101	0.3504320165538931	0.4108490800595445	0.0440406533544726	0.4888074432476501	0.7499655937334612	0.8609800198727288	0.7434450484153324	0.1790247462653317	0.1190047757651159	0.2104552715783166	0.1933358006965973	-0.0514296838124998	0.0978984400309551	0.0423880786385802	-0.050609705159587	-0.2320699380911897	-0.0118684726136617	0.125791486383043	-0.1530506920630899	0.2257421239778892	0.4602548108187616	0.2977973487268504	0.3367914762731298	0.3731344355379857	0.3371353081166209	0.3185538731425416	0.60319908167514	0.7076692025698952	0.1377531180263391	-0.0139461513288645	0.1073792061708012	0.1439033563768296	0.6184887086657593	0.0319543751146542	-0.0199365053878612	0.1970310632628817	0.0648994582984249	0.370224810991943	0.1469448513626174	0.1551323612991635	0.3232144069346591	0.7122072335726468	0.451731972704776	0.841950880668425	0.6837938117597022	0.610095211724316	0.3700468026776147
sub-037	0.7387570452219308	0.0792663723040587	-0.0544467482514964	0.0888596082890576	0.482446116474517	0.4866396723500452	0.2447548927353027	0.2547596861284276	0.2151841922641982	0.5407599071801423	0.4725637643245339	0.4042116505707107	0.3888496799365446	0.3614261078467114	0.3103092247281419	0.3112016240683824	0.3030546416047479	0.5229941808892797	0.2206297564325577	-0.0402098216909557	-0.1111720172821813	-0.0150511854832093	0.5528907380064376	0.6298307041259026	0.3159671294932193	0.1709945205310891	0.3474430916195223	0.7005469708785641	0.6097196737624236	0.6142546990881635	0.548169155509588	0.3934110737218476	0.408572201497289	0.3220843625825322	0.2705033659803913	0.536057829060528	0.2530207782352275	0.5096802927673145	0.5643730661011765	0.318518259778535	0.3534185788239476	0.647149739225683	0.7524840500607248	0.0790375623447217	0.0997371686943162	0.2787449263229586	-0.1768771913355767	0.146404037762079	0.394182886422493	0.2430642244269978	0.4027853304616142	0.3673006065860649	0.3182324779858279	0.4819326702465082	0.380404590151202	0.0937827563321138	0.1206335560584507	0.4348344633658264	0.3431768218291551	0.0264925307425566	-0.0302549299536177	0.2074535900205507	-0.1897573532388607	-0.0219303122920202	0.1130403583017992	0.1194785219376692	0.1367755904907807	0.0974992255101737	0.1438188591803255	0.2381634778803911	0.1148149055315786	0.2344224125871987	0.4455548343802558	0.3610427841676531	0.1885269928554998	-0.0691764842579215	0.3610757021705236	-0.0992917323054917	-0.1007139674903559	0.3201825645674855	0.272976538094551	0.4933367944010293	0.4918291730683952	0.3283884089839837	0.3923191115484393	0.6282586453945603	0.4577981209970788	0.3921327342334788	0.3200300827950292	0.6025699902226099	0.3308472082054727	0.2029217284704845	0.4916023800797242	0.3469964715305456	0.3628377140348198	0.4338161755901964	0.3611348683871836	0.548241428388157	0.5367307007229856	0.63021972125963	0.4990061031577883	0.3015401252570284	0.8267774537902958	0.5029896121818598	0.3691700609457348	0.660439732513457	0.5894108366472395	0.707241030062989	0.6796977827509357	0.479150559865876	0.6175809194888814	0.6406744223045918	0.5973440888682097	0.252348391303522	0.4584915430735347	0.5393358504096808	0.0179731328549574	0.2882656964429216	0.5378830083027478	0.5596959880603158	0.6833543201038603	0.5519079311425504	0.5774286001177269	0.660748814532806	-0.0421413272209771	0.3360226000147572	0.2736736128623857	-0.102940903854257	0.2884717507701386	0.4147887637231033	0.3695628211374375	0.4905276162783681	0.2645669521883251	0.3710186854877568	0.6138598827151329	0.2218862973150303	0.3795751685707967	0.2314141717535952	0.190211748972952	0.2726719443498818	0.1884038336743744	0.2913923251068234	0.6342719666494807	0.4689272884499495	0.1278733000292717	0.4188754305704054	0.4872922513429721	0.6552352372600968	0.4646735377838631	0.6777879240266599	0.527550059992189	0.3317440545639121	0.5626011681409251	0.5053610564185848	0.3492837765594669	0.2704435848817192	0.6664043259957885	0.4253274064477472	0.4304546559279637	0.4880015383208103	0.5633803524891913	0.2710371440286087	0.3001449711781443	0.214594833437241	0.4012061254810334	0.1065755159758346	0.0817452723641179	0.2893357295009667	0.0595174472745838	0.3112483358380114	0.4032133734846437	0.205856888268278	0.1725710070315521	0.3512571709059841	0.240091789276613	0.5606918058150764	0.5292401919747325	0.5227026402459576	0.5093667141882905	0.4289974372831242	0.6960392046734957	0.4371134932855844	0.5708150058238965	0.6713592569571489	0.7427174292394995	0.6782685442666653	0.765088729450621	0.7284741630843291	0.460919230828661	0.5378610187379829
sub-042	0.5264158345584659	0.1077747791450512	-0.0155972512481262	0.2830642965534448	0.0052100064231852	0.0454381828101655	-0.2750210759055113	-0.0284119320832571	0.5867468176253003	0.037485283354185	-0.2603073373714223	-0.023250825273733	-0.1029134449423287	0.361319381665389	-0.0394423900292038	-0.0699096678536624	0.0050353320385273	-0.4899853502653463	-0.0015011315365476	0.0994246487396657	-0.190014014675599	0.243295880381881	0.4750714605110431	0.6062913266407871	0.2847545957357414	0.2775985574179355	0.265782748848226	0.5304730901529041	0.2814195440168425	0.5945579547686658	0.353035615675077	0.6753786360092875	0.478383214731433	0.3554497594891344	0.4896689521838031	0.1881970215120556	0.4289194606650203	-0.0663439127692301	0.1276540569105652	-0.0679289406161344	0.1367873381927954	0.3387428685754737	0.5912371564683788	0.0501523560186377	-0.1469202514839107	0.2414519839894064	-0.0141552135512861	-0.0114674523383344	0.1200763607631895	-0.007086553167146	-0.0080257656870178	0.2278528192065138	0.0400866212028941	0.0266428844089022	0.6528697710560518	0.275777668811908	-0.3537127912056147	-0.2733905928344231	-0.2989623086937421	0.5685999819637341	-0.2141092877534765	-0.0036484424127188	-0.3026427884364558	-0.1589637359213022	-0.1410995238386941	-0.2785856387679848	-0.3841348228541521	-0.3996304014640346	-0.1264020841801613	-0.3069575689270643	0.4564734192548232	0.0281782434524251	-0.1276097523569269	0.1021512552230494	0.7259070033405595	0.2053508362662774	0.2964236528539681	0.0168798647959416	-0.1867804011941935	0.2353066809873145	0.1368271486206218	-0.0881109073331127	0.0083959415622805	0.0735890824247025	-0.1083787474982851	0.4053421785297793	0.0969589074719608	0.0427288549702169	0.1710951140353975	0.3338548733334838	0.3485192445990036	0.4331086864482703	0.010967864328592	0.6468654629025203	0.2993031679785946	0.2187547362082982	0.3265998022778096	0.3533629793503818	0.3334868761648012	0.5664230434135511	0.4374992322880861	-0.1372479385806929	0.7812143604465978	0.4730366759230582	0.7060557392846798	0.5139842374308611	0.5332017396541618	0.7620228815390069	0.612166866320489	0.7453084020086624	0.5634170858422207	0.5127476075625899	0.5733879965075518	-0.2752517102541368	0.4539781444458696	0.4529407774169811	0.5358478059883326	0.4361703467659774	0.1907161780851105	0.5544110065704286	0.5066832829130216	0.5886721964014452	0.5719201145313759	0.4160565916797312	-0.1691389188574943	0.2897957103266334	0.4595716134598905	0.3767230643816576	0.1980179256630885	0.2189220897351145	0.4368344520334764	0.4506141524954839	0.6644060395904615	0.4337875874096508	0.3586775738177196	0.0126643779813349	-0.0927315080831043	-0.1509219991510014	-0.1169100211236849	0.1422533808535637	-0.0991777574320354	-0.2072281540737353	-0.2316461213069743	-0.3273716582527317	-0.2001679159201242	0.3854077355816266	0.7296998831626713	0.4106531268976808	0.4172091051828706	0.8851009547524913	0.5488056045360061	0.616865491999209	0.5643070911961491	0.3687450806967163	0.2756108387224293	0.1584305839768433	0.345744493633766	0.4113481670276167	0.3016179947723305	0.4342106559097803	0.4800876034857879	0.2093805655001382	0.3803436379590613	0.5110629174073997	0.7883597691842972	0.6531530956633641	0.7115150676421964	0.5882057234056483	0.5990522094403877	0.02835196427112	0.3913829801432404	0.3990890990987971	0.3527421985763782	0.4031262486643479	0.2405889277612652	0.406555041793756	0.3114298667672069	0.4787418624426575	0.1126977138439051	0.3699123845576674	0.5960327251313015	0.6708871005403124	0.6422460632494994	0.4174975000959641	0.8017068890548251	0.5910664588402971	0.723648337136632	0.6438207773648733	0.6484035071570178	0.4141905774744583
sub-043	0.8957336934893955	0.1848047689947382	-0.1411342714888092	-0.1565590261168636	-0.096111679870218	0.2646933784308893	-0.1043832210934478	0.5401860766355163	-0.340674665951775	0.2835969887505553	0.0376884019521412	0.3611868280389901	0.544856805799213	0.4181986335554858	0.5292894766086106	0.5447328892237343	0.2044577544688723	-0.0207947806919847	0.6150274530966781	0.3248508951041273	0.0742153680438801	0.0013470209271284	0.1674330840444517	0.4097377658629025	0.0547461776744049	0.5787022341614125	-0.1775727877551921	0.4611593591954932	0.2309528868203964	0.4306735321724314	0.6586733645739942	0.5123792084952332	0.6247511775004236	0.5629617875935938	0.2537700308776709	0.1316135911489397	0.66771822556003	0.5889546414655152	0.5033131481847489	0.5423145118256661	0.1255256873420773	0.4688759474727977	0.6643014207748542	0.0005616453717682	0.0744896179504905	0.6116843286058345	-0.0580503568683834	0.1778713642921117	0.4400117409642615	0.040477704766101	0.0664862959743674	0.047580284416844	0.3967586270245468	0.3556150299987806	0.5022834390006908	0.5420568604596848	0.2685774014641329	0.7710566835691826	0.1509737062696931	0.3891856323333427	0.0774730973205583	0.5859652607500588	-0.0840954518895466	0.0885668560199429	0.0541668281925685	-0.0752702624727863	-0.1126626293612379	-0.0571913813082269	0.3184696993431509	0.0793300660072125	0.7106891414863499	0.213690669264839	0.4202823923763318	0.3592252810276036	0.5104075692768931	0.155199488475936	0.3331982316392061	-0.0806815618902375	-0.0228281644377353	0.2149508734302562	-0.1155126431244138	0.0776070490523583	0.2268793618021223	0.7075362912572382	0.3181502688599	0.1989021077962416	0.4371748168736603	0.3971558962836495	0.3611499355240414	0.28196557523964	0.3712848838480742	-0.0116546612911931	0.2104848427229238	0.3315019764110479	0.0506108207634453	0.0884349267828892	0.1339071988327826	0.62738289709329	0.3004748966743718	0.1450319349143899	0.1907016972031306	0.3600164669752479	0.5809614064242181	0.1481358727886994	0.3543955344527014	0.2350859460914961	0.2490305076473809	0.6398284658103736	0.3621955030096976	0.4740456102352993	0.4232902514963079	0.4296912619149637	0.1556451789167552	0.1933820392010253	-0.0941893703644504	0.4199322393190025	-0.0480443186799658	0.0793668242621924	-0.0193815110683332	-0.0938578826767666	0.0622219521229728	-0.0001192472579099	0.1472811581752821	0.0979705404126638	-0.3103903226375711	0.2048528598627638	0.1487683126279233	0.1368239439754553	0.2447640023487537	0.7108783855824177	0.2828891258732595	0.3328781555220393	0.2289200996155889	0.3980145771155579	0.6609187495333873	0.2901118059758747	0.352083908225401	-0.0277385642552856	-0.0609209592808593	-0.1915394040388197	-0.0021494313982396	-0.0177789731766962	0.1995618892779875	0.5108128884770805	0.0098736736145144	0.15823779003092	0.3949124573566966	0.5345382640265728	0.5040267828862585	0.7397242958400971	0.2460220689810394	0.2164688330878751	0.3780636462638688	0.3351861601106488	0.1216941929533782	0.1966170545657692	0.0875395689982209	0.0500663289177558	0.0388138559452219	0.019718947460327	0.1985239355994053	0.1358942546181406	0.2911555878800693	0.13984102107908	0.454697271096297	0.3333136104085792	0.1798091016671351	0.0507272179880308	0.2757714573086325	0.3589762006003172	0.5248133399517377	0.2899835752187973	0.004625002115389	-0.008685989156433	0.2664058324779568	0.5550121186331469	0.2203599737955536	0.1118517673560366	0.3591088732198447	0.5577989098601667	0.5261586798291545	0.3814675296772189	0.1942171324745172	0.4804504073427625	0.7350240211447899	0.3020649216904637	0.5117010717914182	0.5482855737585032	0.3115912973801713	0.4039186581320927
sub-044	0.7017345641332496	0.0467834716373054	-0.122269354593257	0.0483865260803809	0.1485244549796056	0.3496469464870718	0.1168869613171162	0.6170877778211625	0.0485058105112907	0.4886372268660808	-0.0750479382801293	0.2972320575128193	0.3583861919061059	0.50541542445818	0.4994106124440128	0.1781390891701905	0.2027738917164632	0.2225491418544787	0.3217267141046248	-0.0101566377087451	-0.0906288922401244	0.2345177077650028	0.3868579459756148	0.7230368081980593	0.3425036570559596	0.420345485780463	0.35808292359272	0.5857001618696861	-0.0090041354585076	0.463636652861855	0.5087461906963057	0.5842322404555491	0.5328467065605283	0.4593842286555992	0.5472039931209826	0.4538394055822001	0.5627904224085836	0.6346017212095078	0.4228941975133669	0.1294115701665474	-0.2092555261606145	0.099291402631999	0.3182639255269362	-0.0449969224910255	0.1427582676498273	0.5505367476467099	-0.0150453912349585	0.0664201806015314	0.198366171702768	0.1723802553174521	-0.141834982303314	-0.2137424550003784	0.0338723389403971	0.0702251975922748	0.4094466598396525	0.2378905980199187	0.0295241334586499	0.4376113427806294	0.0922524126237411	0.1136117567042788	-0.0062356779494727	0.5486299042735723	0.1060193649692793	-0.009750069711106	0.0025141378197319	-0.0236359307751814	0.031311949866015	-0.096511211124082	0.0646316540747927	0.2492422272120552	0.6558355250702981	0.3275476447052313	0.1322876258982354	0.1174369049552457	0.6259574726069658	0.3172635490317965	0.3045558105877145	0.3106209333740172	-0.1269739010634483	0.2916011378070902	0.1327617910624697	0.4722162501971574	0.3755635813770508	0.4984475805169536	0.2875657994759674	0.5409257389982711	0.1547155317287024	0.0346068652777149	0.6789452806365819	0.3362167804698175	0.0333976842973576	0.5310647282839482	-0.088525184022251	0.2973058205383703	0.1801945658050904	0.6941911992979334	0.5394408036450428	0.7109278326335486	0.3955805408480491	0.4825571413562978	0.0787985011651593	0.5596758311777253	0.4358289249574466	-0.0422086328488665	0.5019792004575748	0.3315277363975764	0.3235364300165979	0.3407770891067507	0.6877244883143225	0.6491147591739064	0.523041828178517	0.5536601843374475	0.1644513342173973	0.1268570249398077	0.1743282811709276	0.3978026237104327	0.1480984680669997	0.3083698699104955	0.141562463492867	0.1556242893786342	0.0925476864289978	0.0939423358591395	0.1027786969105873	0.2277175641838511	-0.0049995770215793	0.3034553820280363	0.0768745518121419	0.0615658036933836	0.1981193182085225	0.3920936887375542	0.2900520535176009	-0.0041501693865546	-0.0337220923569469	0.1642133766500301	0.1364567744397565	0.3171194434842799	0.0259870645905643	0.4418445362092685	-0.1605617558055259	0.335413409245556	0.1038157448199552	0.659290262537631	0.5599656240110763	0.6507024878104299	0.3489014152502038	0.0596482591930426	0.4155545336365537	0.2431622215670896	0.6070785570263674	0.6284311156495967	0.4106552874427403	0.4543853283624686	0.4248705347229247	0.3466398260074002	-0.0045355446015797	0.1431734613218989	0.0950228627342606	0.0849879049733504	-0.1567188945722494	-0.2079842218789093	-0.0320726891332168	0.0497192601605817	-0.0520043648075355	0.3069829952951462	0.2369826734170541	0.6058857037816334	0.5164690551969939	0.4718473734966392	0.4666561583229069	0.2058151416737544	0.4421221764330949	-0.1030931314871006	0.030178659444633	-0.018517387394451	0.1596381960335587	0.6803710030500876	0.313716303082707	0.2956578454123375	0.3574893365568092	0.2382915045063078	0.1816309305927668	0.1756732269426993	0.1499140317058206	0.1280927890570652	0.7595786979939384	0.6979045132998276	0.4620521760560244	0.7419604512235635	0.4981164015267718	0.4025991871901659
sub-048	0.7368206569487058	0.4082506120768466	0.2609749698927393	0.4126825048649817	0.2172722086728088	0.5232403726242769	0.337793680054389	0.4467677050020221	0.2855735196949575	0.5121209916980883	0.323126142752279	0.4431734235565475	0.6588778988303235	0.373204028890452	0.423084826117481	0.2768648858794724	0.245933359742559	0.3068688545985748	0.2390805123892873	0.4875109953860119	0.3608997534739211	0.470257123993146	0.1180346132293289	0.7259581686375532	0.6430178365682053	0.2948936394812179	0.4167391513832587	0.7917370057193076	0.506959074819433	0.691665282115185	0.8210534375037282	0.5294889775044773	0.7084186935296415	0.4131114910617607	0.4876056460134093	0.5142410011187423	0.3857003258139796	0.7384040623308139	0.6348123848361309	0.1129184602279774	0.2629105052606053	0.6582523265171178	0.3970625780669782	0.2747030761207781	0.289546487662639	0.6323972123567958	0.2308342533521806	0.2734406417477038	0.3070695167454964	0.2676303931352252	0.2020370081644386	0.2030726975874615	0.2525941285888231	0.2165011622608018	0.7661285687744733	0.1355291195105185	0.2407982817956813	0.6891667115380841	0.2740537625172888	0.1712886611087182	0.2849779359034723	0.5860302546054381	0.1909123098523598	0.2403517255671259	0.3005899053191875	0.187268501512541	0.3467195827618539	0.1780956412836142	0.0909616605250361	0.2819560868676907	0.284200204283859	0.3962492194814033	0.5119034123928362	0.285540010216401	0.2121530421048896	0.3783068776181253	0.4755230631057033	0.3029637194656431	0.4501660080337618	0.4669537484951764	0.2647067357803381	0.3906361352783473	0.2096981978038403	0.0329931131097635	0.2687497214650696	0.4691924988199586	-0.0452672574349483	0.3417408376300605	-0.245824506132102	0.3859429616015039	-0.1011049156513245	0.2910167563607096	0.3388563520761395	0.4338635532725949	0.3415733973009496	0.6611168758380374	0.598992288158745	-0.1571313061187816	0.4655536403818123	0.3820729175511019	0.1478466264063844	0.0730645485166213	0.8985065779826387	0.1433218468489792	0.7859467996070082	0.8033909285982096	0.6841751657441935	0.7981620971803876	0.655759163617084	0.7804868704797797	0.220639311702499	0.7063263055807963	0.2226976040495755	0.3902957579604184	0.5001997965316259	0.7066881741800132	0.4343903521499103	0.3714665755004157	0.4397615881713082	0.4978674340489669	0.3471205231070829	0.3178833772796037	0.401573578950325	0.3040829704368231	0.1812748363183743	0.1461899441239212	0.2847290413318342	0.188138842970909	0.1357911696967232	0.2620686690052004	0.1259289437330548	0.2327770777908743	0.1001382553983995	0.2150099275405545	0.0913064780261239	0.0878612148657078	0.5146325484180885	0.2065321226066128	0.1145152026058395	0.1274771175683596	0.0058119478625777	-0.1252948277634868	-0.1413976206750309	0.6255013768379988	-0.2595058229255019	0.2139014831880455	0.7629163799704852	0.8436112759829546	0.6640054271180765	0.8888475768816306	0.6485959067561651	0.7755676470570341	0.2726903177659142	0.6891555851785371	0.2657742262232797	0.1789270693478224	0.3384031898672175	0.1367503786109372	0.0944892276936659	0.0169016488399942	0.4878136211924724	-0.0314863349587938	0.6595308483428011	0.6787053188772583	0.7339203458476563	0.5314312929788195	0.6212642433656251	0.3275322804573717	0.4981008660940549	0.5240174815116451	0.7393460481517544	0.5139134525147137	0.5935533647570438	0.2381277519425439	0.5015142357387281	0.6027289306047879	0.622979343714776	0.5740122134087594	0.2243857536316772	0.4680853772953324	0.6080859256424621	0.7546022583797725	0.1764556759651661	0.666441040095292	0.7538329939307478	0.0168560341812916	0.6990478170717627	0.1095016082830054	0.7166169113889704	-0.0648196478978685
sub-049	0.6777012908320581	0.3575876590744725	0.2320266031702492	0.3476523086668089	0.0627371463150597	0.2933069665480483	0.4029928383237985	0.4125363170562201	-0.039519036122049	0.3784605861588778	0.4896203206713518	0.1768805654847041	0.7038693313943096	0.172044085152903	0.3023995597426813	0.4089157327469622	0.5809829840240944	0.6171231178531483	0.2401501405938335	0.3711870404108977	0.1812674868042706	0.4426270669061553	0.1903050966076475	0.6744292712873647	0.7443847782055395	0.5128000589354582	0.0139795676251128	0.7130628114022665	0.6867243461980886	0.5255316305338301	0.6892240871708715	0.2563233106885109	0.6358183038294929	0.4605346974400606	0.4712022391547193	0.5382585947983628	0.4792443035683328	0.3923204151554076	0.5174208721606484	0.3009519543134256	0.2618948679021765	0.4194463525718829	0.7638077810972558	0.0359920499683315	0.3346290429468901	0.6042882580316621	0.1341581534149431	0.3863012829677719	0.5715980772963746	0.2045247166871807	0.3704965534738741	0.4626539102651581	0.4633400312634835	0.0585056233888835	0.2770786398429951	0.3192660160849419	0.2039436434401683	0.2593296898543533	0.4039828276929118	0.3752951526732529	0.2580994174516909	0.1253665712710562	0.0511006657409975	0.1124886334329919	0.1962158977933261	0.1824669125962509	0.3291916543582393	0.1661590709854658	0.3834569818684392	-0.0561369714262024	0.3947937265888415	0.4151186207669079	0.4630668880237216	0.3391565136366091	-0.067680871184725	0.406748314431886	0.5809797582615387	0.3206541794928491	0.5129149594016829	0.6485087160976201	0.3702893390791786	0.3084026881975356	0.5019919117422436	0.4845715081878601	0.2325755095371477	0.0725668531187763	0.0424501275744144	0.2024230315302198	0.2479017679340911	0.0845744689302179	0.1891859487410992	0.1057465934626588	0.0843250569254653	0.4225101693830717	0.021817384511597	0.0980596738309947	0.2012471778767786	0.3015362157537566	-0.0473138928373725	0.8377154964529914	0.2783816208156761	0.2008921577535573	0.8410020234302572	0.4882243492788598	0.7489960652558167	0.52610329849269	0.2432433293848385	0.8110418716187486	0.5129816812163	0.3958673702340127	0.4190801331294634	0.4787199628281735	0.4695619864505232	-0.0182032586984103	0.816307066294258	0.6815234650281745	0.5783090970116668	0.5381017687479718	0.3243512202396803	0.7950524135040812	0.5743832748079952	0.4476326735896117	0.5102614526972409	0.6125990489383777	0.0934313236440722	0.3666157552663504	0.5498708332131654	0.1765882714828091	0.3978496035225483	0.3557081982313018	0.3347832722590583	0.4962855867524657	0.3770318452881019	0.4981794114092589	0.1470939002252373	0.0320185889676037	-0.0919882240304948	0.1442039549894308	-0.1314444357259893	-0.0681693386456078	0.0684631686723379	0.2862463116755401	-0.0671396453586916	0.1277050086334308	-0.1721187192189368	0.5503686452878339	0.622344666356059	0.5415024070030335	0.303768724753255	0.7657706009832619	0.4492033262632829	0.3908854275523333	0.4260855802097232	0.3760290720083798	0.369334792933278	0.5414824451784381	0.4817168797827636	0.486529986284849	0.4100690101130558	0.4397506652177709	0.5302391519048817	0.3857400316125835	0.4302926678366923	0.2100946514087628	0.6139590715495177	0.2671874915277794	0.2161909936237596	0.2034510633845394	0.3348666141796944	0.2545716136470831	0.4506002726869412	0.3118414979674861	0.5407303678925178	0.499927077495665	0.3114359438093148	0.203998924570658	0.1855365659175867	0.3844309805119496	0.2894535830285254	0.000986854430598	0.5660405679306826	0.3338340235692577	0.4730124559094916	0.5051023420989642	0.5144714990369128	0.6554701851892505	0.3643241974063877	0.6359505194043038	0.3009325246467992	0.3928592567776034
sub-050	0.7015332655249628	0.0533737033322905	-0.0607067787032051	0.2884418972069182	0.2252482339489218	0.29789978621427	0.2363231606063678	0.2528366188581699	0.3296974897334452	0.515548344299151	0.1500514976888588	0.3893519496746537	0.3763728316115832	0.4492224491581676	0.3664696063300403	0.3734085721239364	0.1342044323627255	0.1923760901196079	0.2114395744134025	0.1280253156343468	-0.1431420747867191	0.5262858174158977	0.4523028807770896	0.670383585485235	0.5609171559125777	0.4007490257999567	0.513785960205059	0.7529684800693405	0.3154377186918184	0.6381292065034847	0.6932488324779155	0.6453971112908081	0.6298718481694551	0.6944764612826045	0.4739751370203381	0.4267832339694667	0.5224558059733815	0.308585011692387	0.4930878616087875	0.1433018276838471	0.0265456265171969	0.1829667358945096	0.501154815961121	0.3681563262555567	-0.017662226666785	0.5466471327052005	0.0358754560039439	0.0031023628399621	0.0443098610659213	0.0527810227112782	-0.0282622867128211	-0.1121988543529066	0.1390494176581089	-0.0716349741229927	0.2652609958909215	0.1492705807148861	-0.0275196716253144	0.1927893249519193	0.2495062184442881	0.009995507720243	-0.0898449557207478	0.3500743456744665	-0.1171912951412998	-0.1224955834285846	-0.0440061998776242	-0.0911292985655545	-0.0117909544630262	0.0753526660168751	0.2050149759223895	0.0680450597038879	0.4407412845821025	0.4906524656935618	0.447954329133839	0.3584336610997572	0.6793316378616191	0.4265733422661771	0.5562790699617403	0.404911300812208	0.2907097176142076	0.3905301921871508	0.2900337945327219	0.5048898697866036	0.310123003171079	0.3147677121632195	0.2838297250848892	0.6826503754405464	0.5069221156715279	0.3942432935492405	0.2416320467772767	0.5110690232154431	0.1118211092246206	0.3758084320409067	0.4374323845269721	0.5449427863453359	0.5048260654382631	0.669501281079041	0.7135285116492937	0.7091094833035042	0.5922863469457302	0.7225043566895595	0.4964933576555427	0.2707564935896746	0.8392369328946871	0.0861226756589727	0.6802496951995116	0.7562648499023843	0.7975798424131624	0.800838615840818	0.9149552295338036	0.7712031385080484	0.4608199507277438	0.8380192864821006	0.486417616422822	0.2076703894892059	0.6353211962185452	0.4159496204760113	0.4448459713795669	0.6377093481110847	0.5574110352616694	0.6002865709149734	0.6676751770806251	0.6268044693534564	0.4935657172696057	0.6122121990694278	-0.0074063581298754	0.5226640065691031	0.2260420369096091	0.4420574844145326	0.5605277419986193	0.5285319826479531	0.6306922935122787	0.4819837197688389	0.3474044716948453	0.3899320944060972	0.5705878802090059	0.1774907044359056	0.5102866143258388	0.2841858026345517	0.0809241942970198	0.1556408693252917	0.0278846003333982	0.2205901331740733	0.0204011653847147	0.0724013284718008	-0.0923537558673237	0.0794358692000482	0.6953778539132106	0.8296119242572038	0.8034354615498236	0.834667418419156	0.8616672992118828	0.6404344800925196	0.3781672315618449	0.7696366058263279	0.0232666693498554	0.0884807301680491	-0.0022816648165612	0.0216657989114834	0.0367484241263669	0.040423448568204	0.2555408688264393	-0.0337219883011465	0.6063571832299703	0.7138487424307256	0.6634744792742441	0.6658956949089782	0.4282868936992449	0.2322835877526874	0.5525288285779099	0.6656028946439793	0.8251942486168675	0.73517275824331	0.548462396283667	0.3897431105094683	0.7160299456907651	0.7781845361157391	0.7805616183220376	0.5606073541004419	0.3494171730035939	0.6943399543181714	0.7762761595119375	0.6452022976915129	0.4449155200523047	0.7980567514468	0.7787311301542481	0.4628674282716039	0.838977770836385	0.7185620927325614	0.7650136719975474	0.5038099935678833
sub-061	0.5827181293669055	0.4226483717267736	0.2808218258400491	0.7368658808008038	0.1903079434540508	0.0589308439867889	-0.0918471577812869	0.4671868595610114	0.1485481353308905	0.2690943490679809	0.4457728848632591	0.36105482458528	0.3365875969349052	0.3654221172161552	0.2417672625071183	-0.0113224610667995	0.3602163842654783	0.3410792805903044	0.2700156607208137	0.3720608876489464	0.2328860951593124	0.5302335652546418	0.1570564712630425	0.5616083330997097	0.0546208079303977	0.4719522266813615	-0.0048512584063841	0.7519725245054205	0.3567986074689568	0.5044949981580301	0.6257175016505352	0.6537611146114475	0.6314699034558204	0.5195394861052233	0.6219241160530421	0.7498772245992437	0.6212126668722683	0.7038503700974313	0.5612284948760466	0.1933424806751255	0.0525967389292451	0.2871830043510237	0.6661418674755801	0.0428415005999771	0.2403741715368363	0.5351103985188558	0.3947350101604684	0.3468540601702683	0.4361883530306266	0.116203094753701	0.2210895191660443	0.4493336677800809	0.301162305867976	0.1074839529883268	0.3743061213530231	0.1367854849995095	0.132289738688779	0.5628800454308887	0.4096636859694622	0.3288236283104435	-0.0433085839293421	0.445385978165372	0.1170413031512759	0.1097163866552559	0.1784415474664483	0.0021415638827453	-0.0145660346687823	0.2285196130076227	0.08069677284624	-0.0530930326392446	0.2076049938717167	0.1436784892943237	-0.0468310758103891	0.5582440225102427	-0.0082698696791922	0.4096793614898931	0.3311872427026566	0.383404521084576	0.2920673125624843	0.6160416055790585	0.3417738103190768	0.254408275963177	0.5066119333511264	0.4365079534137286	0.3399853998682903	0.2976792032528186	0.2222332504850567	0.5710025052211563	0.0505553235433717	0.0612618035974217	0.1807155894606469	0.1665869534676641	0.2850643303621963	0.2144865609545304	0.2071237651987173	0.165386937740821	-0.0875599920448288	-0.0671964000907646	0.1725651258647899	0.1905813215737207	0.1882298280279087	0.2057134455749437	0.502264477756171	0.1330787571794787	0.1827164828882099	0.3462861855813431	0.3996678138604531	0.5032516039415397	0.4870812227162638	0.1941334053473834	0.3806281134578413	0.38688410889424	0.2489825401023245	0.5301777419007643	-0.1232865577487362	0.0602436330306874	0.0655074014697095	0.0123339430017592	-0.1133231807436383	0.1490437151202456	0.0641660954294905	-0.0972595543813044	-0.0890761069819263	-0.1012048087373226	-0.1128359623915666	0.3948980496992255	0.3486372851620513	0.5627424473316116	0.6373630072205316	0.5738718482108766	0.3426006185848278	0.2701440513289897	0.3415631346247614	0.3002766498579284	0.3855855844928221	-0.2057542192737586	0.009958370230281	-0.0831151547783858	-0.1343013019810795	-0.22905858015253	0.1404292270172925	-0.1552943856033723	-0.3074059147408702	-0.2283677646540643	-0.3044152470575632	0.2127849710165237	0.625501872210675	0.5710297015293457	0.7624060075213571	0.7368808854150911	0.6871130926129871	0.5684979858689225	0.7338834836213712	0.6705836460920347	0.3040157461061666	0.1497555720369489	0.1859653837836958	0.0258542581272169	0.1179088717749701	0.2173292146009149	0.1811635647425098	0.2794917625389748	0.539425534497483	0.6062255738032294	0.56612461326694	0.3471122927575726	0.3876167831044896	0.4355038659254377	0.4366560948424801	0.5740521023809902	0.5461934501412313	0.424337480648549	0.3619072160988911	0.4552054585257197	0.4416272409973857	0.6188675552922174	0.5337943500893436	0.5981939826047149	0.6140039807104167	0.5211855253042046	0.4665489981300559	0.3259912974013436	0.4867593290720946	0.5537771439591077	0.5451236195269211	0.6877600455870534	0.5197057993645976	0.8914551010506292	0.4977829018647091	0.6004317487515051
sub-066	0.4971288733922392	0.3950682698357867	0.0158648634923971	0.6502437447065711	0.4464374918666566	-0.0087651599046747	-0.105537079259041	0.5866858562554114	0.0944315558178677	-0.2371058369250016	0.0108441088450161	0.0288913794571335	-0.1819381282662884	-0.0012770313765487	-0.1840623488656518	0.4435863528139743	0.4741631471305256	0.1819416444016223	0.82106286842113	-0.0070645609166422	0.0498502848936333	0.3031641023804862	0.5315265834845487	0.4478313361253017	0.1161023812311274	0.560022894017568	-0.0661789207657849	0.3354795830803184	0.1307696706157845	0.4748561275503647	0.336634737685514	0.4011895055865989	0.2052067803359017	0.5750993967796689	0.5112880946522723	0.4124339012253867	0.5673961898405889	0.5065157495887495	0.5244493407718118	0.1889573987813535	0.0341854861849925	0.5214794093187259	0.2776435501094578	0.3797787041440777	-0.1928324854338907	0.4973578219567542	0.0820654202576935	-0.1930366217391153	-0.0191384242090015	-0.2508813723101796	-0.2045167022569471	-0.105611814498756	-0.0244149213800979	0.2942128644722698	0.425842978233429	0.3209263525962058	0.2353237843182033	0.7269689453517769	0.1414372996652593	0.1734984960284735	-0.0084303384652639	0.5955363354371712	0.1889059625618795	-0.0094607635204382	0.1262186933057124	-0.0846034059714013	-0.05564064066484	-0.0147560444434684	0.1657089923581478	0.0904213921938828	0.6299462204678695	-0.1044521214275179	0.1242036335765533	0.5055154137494422	0.1022607510555455	-0.4103087364295836	0.4246645328865114	-0.1061387086390489	-0.3743615190804146	-0.0963794239163361	-0.3009568823709105	0.5133493923835438	0.3668830795036623	0.2962938879775353	0.6807613347894607	0.3109662421599871	0.2287863539323721	0.2810441467570008	0.1208975008973505	-0.2790420521068081	0.400893290667059	-0.0377623393747974	-0.2056367344313173	-0.0114283210563138	-0.3039898274164307	0.6462198744714222	0.5638480530609385	0.625204007387454	0.5282936210856228	0.5721564768534636	0.0093748768344998	0.1644541076593645	0.4811876972192192	0.2365319546072093	0.3609386846365225	0.4190176528351787	0.4666425299878307	0.2031760717740186	0.0415773578851668	0.1461775932642405	0.1876780651529956	0.0519339809877612	-0.1004621689505247	0.4476493992896076	0.1953590649110442	0.6352838034512183	0.2464715186272562	0.1642912213274373	0.1860434603354481	-0.0430282847635653	-0.2355781476074372	-0.2332943707840216	0.1505848826723201	-0.1071682644827387	-0.3297320358549783	0.1844558165407456	-0.032760316486997	0.3999461058350081	0.0682912589513738	0.4155003030873196	0.1662111488015614	0.3186473678149313	0.3809487747185344	0.1083511182961177	0.6113492788421461	-0.2808750001126848	0.3357605587475158	-0.1417777253979004	-0.1325215301968796	-0.3011798348745635	-0.3500142442997996	-0.1492222357620806	-0.0878405724048611	0.2160303578878934	-0.0524544150457941	-0.1535566210490475	0.7392283861285012	0.8026030981030199	0.7106832911112632	0.7785202036506303	-0.2393977049732263	-0.1264621228560743	-0.1847913379088172	-0.185667229989801	0.0005014081775928	-0.0620159996711448	-0.0635471304112599	-0.2316169172824828	0.0670058757932384	0.0378956878804187	0.2909865965417997	0.0124441155594962	0.6947975378275291	0.6623345486713359	0.5812260485687034	-0.1091515254070331	0.0658263244292977	0.00027241404284	0.0713076440559008	0.5640467865315194	0.7125783195674618	-0.1517316256784031	0.0022383933642609	-0.131616810126043	-0.1994265547425443	0.6890642200833557	-0.0403764951893216	0.1270392998891327	-0.0484366830135049	0.0950244502698927	-0.0989806220763485	-0.0009713687273992	-0.1969872307325088	-0.1564447729856328	0.6386671185045015	0.5218817151011665	0.6068887901848796	0.5719507196600668	0.5633218253008087	0.2001321883485511
sub-067	0.5901816100537721	0.2160230087548682	0.3846359608519931	0.2240117346342944	0.314340755059933	0.5359873427102699	0.3948858755008403	0.4837918251669042	0.1815148096688466	0.4901540278072889	0.446634315924872	0.424414308532646	0.6778266215732185	0.4399667155412641	0.4913926174425633	0.4495947794095063	0.4515992559829932	0.5254389696099823	0.4572949199099141	0.4555186281949092	0.4743418119057023	0.3973795881411301	0.4337785075350864	0.7971096251074803	0.5302530338692176	0.7486025257487566	0.0375553160092968	0.7512570711186592	0.6238147363971794	0.7168102225471057	0.8266422410882337	0.6887815803064151	0.7565624009238463	0.5986502243112902	0.6675206733810632	0.6797354560665114	0.6550040065837103	0.5774817788337548	0.5638520317440926	0.4913241374174886	0.3600414237516361	0.3834062042590478	0.6468428372058244	-0.2223210822738554	0.2043999429816349	0.5633786264866778	0.2956787905510142	0.3069603159829571	0.5371152828508383	0.4198093087142311	0.3684032252088874	0.506968673756231	0.2483787508162569	0.3512842778294663	0.4509483252348456	0.2735611695776673	0.3989526904434342	0.7641038048767553	0.4536237679529677	0.2369045646991832	0.2960533414189645	0.7138699776255614	0.3267662374025076	0.4385555122155827	0.3587115190406902	0.3944529450255497	0.4096245086108813	0.3547844578232835	0.3463833630034117	0.2542888851974217	0.6701596884169497	0.3986927532130492	0.4217877113938134	0.475525918650167	-0.0796055438482657	0.2175309386569227	0.3322533304185766	0.3629436587321445	0.2970550556560796	0.4757938981113002	0.441414642778565	0.4548845892335955	0.5977206077486743	0.3992684746063071	0.3009202338384165	0.4157227657294506	0.1803567140073913	0.5385891658418858	-0.129412293406978	0.2984842681029774	0.2255672544165285	0.3262831279352539	0.3289657395727653	0.4721563971020366	0.453380323472939	0.5477356961497277	0.6030569669018297	0.4817347694664552	0.4164600843799018	0.3321127394586332	0.727014120855553	-0.081451986627893	0.8622074359621492	0.4665891113069175	0.7824768638679804	0.7575183004319817	0.8043632497316036	0.8181469625646012	0.6336383864595474	0.8201510842609572	0.6207887760050359	0.7241536725906688	0.3475295179566167	0.4104484450783874	0.2607599870245092	0.6900444993023067	0.3015843309057579	0.4215049963469943	0.2554229712421013	0.3095008821912967	0.4440997169705202	0.2411432730908269	0.3517152425732797	0.2440114404459313	-0.2569635208836557	0.6764716007989455	0.511903225178483	0.6490419858130965	0.6305511773651812	0.6782642833696236	0.7407727525392747	0.6646231026509286	0.747034033643412	0.5582030767072909	0.7222740806666655	-0.0428156971780968	0.1553310292888869	-0.0725901662518177	0.114353396253413	-0.3405337855398854	-0.1084481944596384	0.0616550121168973	-0.2626239197350702	0.1560609428657332	-0.1724249672482482	0.4051717723339644	0.8387623318007915	0.7000716424330472	0.6459430359415016	0.8377219044301346	0.6365139149254974	0.7265759142260776	0.650962803528453	0.7234595487962592	0.4346083874575803	0.5060479094830058	0.4760166242231278	0.4372753916227544	0.371984206836314	0.390350243557491	0.4105416295507526	0.3465719047130755	0.6590867170959172	0.6303603347485937	0.8218536864538761	0.5099331907537077	0.6569862076061526	0.5833683771174414	0.6129837220062246	0.5970510912159286	0.7694630565835231	0.5431060348468532	0.6164691946146394	0.636104261697044	0.5981847233190106	0.7284961504953824	0.5277071329509916	0.7823800456400295	0.4353904093591612	0.5748697525253623	0.655391578962611	0.7847400687449461	0.6137999803244135	0.6967788360355595	0.7479668121130976	0.5906218044998371	0.7318106185911262	0.6384343587973799	0.7593201887997983	0.5878758317976643
sub-070	0.6481530444417439	0.3194905291995324	0.3553067465852184	0.4469104589312024	0.3623728040431196	0.4522369336177132	0.5536321694285558	0.6139952718779215	0.4257094981548577	0.4046457268251111	0.6649814642608186	0.3788354908704642	0.7011324253488871	0.4790582087188536	0.5891046397414261	0.3466837924415627	0.4188930665095641	0.4035668096251436	0.2378494712842385	0.3481004753163673	0.2687167350365157	0.2662181546510141	0.295803160951525	0.6088786505427829	0.3784462997265861	0.344255635747271	0.5448401729993786	0.5195157370132749	0.4429512251720585	0.512150571479929	0.5254175266141118	0.2304288719744028	0.4204600479506228	0.2534578750180806	0.3512241591461014	0.2671639359196071	0.1611123437914204	0.6491821441012962	0.5779268943823743	0.2932997555245276	0.297372125721302	0.5204190832336995	0.3870157298459215	0.4794470193729224	0.1962621724470918	0.4803122795193217	0.1498453702563343	0.2013439698650536	0.4187384820772477	0.2813909296702573	0.3576257884212185	0.3282821924924819	0.3718083961513973	0.380519312936686	0.6738064693290502	0.372578246241001	0.3155537793965452	0.6396847374471633	0.353012719857205	0.4456054055067211	0.2114138039269808	0.5783615980716004	0.1765102570417958	0.3222813371821971	0.4625111532459727	0.353577777145969	0.3845649079772328	0.326726635296777	0.3885654582801932	0.1942075001682545	0.5558866352649	0.2578874124511431	0.5988097729441334	0.5617679536532757	0.5088635282112053	0.2880280408763013	0.6938799796821312	0.202046187124357	0.4601078945274195	0.5609045215172977	0.450868427686743	0.5195505489555067	0.5379506886979687	0.5935652205329746	0.2684672031097025	0.5015434146801832	0.5137420953461596	0.3642616826401418	0.6322832954527547	0.4275348465780622	0.3897234141584664	0.4519283273812967	0.3112930432575941	0.6099896390762899	0.5444896874954755	0.8129281988351711	0.6619329538288762	0.5957581911481198	0.1959259958519785	0.4481823751444209	0.2062097406215491	0.6032249441979427	0.6782148202362626	0.4391804603942635	0.5520827533377315	0.4716431813424561	0.3969267101114492	0.6401389169916998	0.5884875974946074	0.5182347434694416	0.5461450300287611	0.1293299544872776	0.5184710806292565	0.5858043602512452	0.350023302072544	0.7492658411282271	0.2782548094585275	0.5591225376296538	0.606992342747417	0.5885688556509935	0.5773783041127935	0.5265186228481641	0.5604244823724785	0.2110506833112848	0.2217914925596056	0.3668904510306952	0.5047506945984104	0.2631643909956334	0.5618858231898541	0.4559786928944817	0.474270078468873	0.3413905908062873	0.3857828184013204	0.4549757727510123	0.4627694299641725	0.4492688512991538	0.4816315353869331	0.3968675782307107	0.3147001876784951	0.4593075204898802	0.4750836848975863	0.6285683018892996	0.6471450866713818	0.5398589512577817	0.1317103697590687	0.3315497653075684	0.5895676385017308	0.5218745365661452	0.3654252576956344	0.6198465487413345	0.4630839741918794	0.4047564861670335	0.5269184980029902	0.2892110835070858	0.2434220921181344	0.676524666726253	0.6144712479788407	0.6023815921356164	0.4463474277997935	0.5364893405416958	0.5992815911336363	0.1557300841228191	0.3565293853890425	0.3081926335341958	0.5767275407208143	0.3703445613485515	0.3079074732115799	0.2600431076244823	0.2446942732390751	0.4860928861997565	0.6957705498787968	0.3475479720390194	0.347719927781233	0.4541091939695095	0.1966633991211451	0.6444206444591146	0.5573529202726352	0.3917798677545901	0.49466682850638	0.3145642087456395	0.5437784434110575	0.4753982093768403	0.5784334437822296	0.3214651490323501	0.8293313710923577	0.7784853347752784	0.184442413066793	0.8318685364097992	0.1042342965622845	0.2652919144514611
sub-074	0.7013598774316313	0.249581498990193	0.3842879821358533	0.4810838590686188	0.3715333153015596	0.3838768581241314	0.509410296320756	0.3759212184442134	0.4612901609582528	0.5295409408058062	0.4841020894752696	0.6317767164181242	0.4015787394453617	0.5491982807401672	0.4663994849102166	0.567272310820633	0.3447753722509438	0.3847279417709365	0.4822380249154211	0.3055069950034134	0.3145463620199318	0.6872966839076298	0.5300757744017223	0.4823569888387983	0.5475911840903341	0.6313372085899611	0.6363665389061611	0.6973954234183317	0.5887527809977302	0.6956006233241795	0.5974096339997902	0.5486650954669198	0.5571071173981108	0.6094230537865426	0.4269823371555805	0.373383859114121	0.6047116386375399	0.3382311026652321	0.2172675317267779	0.0923096224791373	0.3414738308777083	0.3609241354791284	0.3327092575836495	0.1725413425494089	0.2125876754697705	0.4140786276927244	0.2039380285995894	0.2948611587385267	0.2598519456626671	0.2580829247669417	0.1773960232153283	0.3965107669667295	0.3517876566967399	0.221920172853009	-0.0696050722598813	-0.2634253414492036	0.5634014407107895	0.7885421967849109	0.3833975120197301	-0.0400812413236953	0.3547647290255726	0.4714477005417193	0.2656395039027163	0.1250635095391228	0.5478526976532777	0.3730538205477636	0.2261490479389349	0.6566662017437132	0.5248226315018724	0.2290284862165603	0.8027968756420379	0.0952362946287056	0.0793260239043852	0.3477260305898264	0.7819877449159633	0.562191048785069	0.5387650366324435	0.602802687250217	0.4191241458247826	0.2003772202265188	0.290216319038136	0.4965104833364192	0.1669543853869	0.1663923469049445	0.3466493699504337	0.0037244926309325	-0.0883887908506072	0.1901328807262288	0.7872463681722771	0.4750769232078936	0.3087105044414819	0.5825725466935027	0.3159512070009899	0.1638530545794111	0.21312254058101	0.5797670860232907	-0.0385736054852926	0.0519699654908607	0.4164479798875233	0.7425032956911974	0.5449193996107554	0.0710137645584299	0.4843634214837272	0.4071004623713437	0.2842566259658367	0.5258154533251672	0.6392984615606989	0.6840516812140283	0.3476564446070613	0.5471255728410467	0.5235382643737428	0.417360272612738	0.5750391808544459	0.0779438530783747	0.511424030753842	0.5737112293100277	0.4103017189789428	0.3838963296740313	0.6924566812970114	0.6192234512274719	0.4075842762182111	0.6960630680886833	0.5882526534020138	0.5014662403010225	0.2578290551176754	0.3679503690563775	0.4438855889659555	0.2106937011837878	0.6041120828703281	0.3230596021206107	0.4370474833265474	0.349694459581775	0.334543008347546	0.3442777601976746	0.5496683269987214	0.472600283313321	0.4624454176465707	0.62780374766437	0.268179875447676	0.2112125663238824	0.2023276169261055	0.5700969749437572	0.2174222196658724	0.2166260670368955	0.3929033220712323	0.5942526662157864	0.7417989289928545	0.4592745467235853	0.6401550406113824	0.6513290688770075	0.5534883082583539	0.5169964175249392	0.4350313599307459	0.4885524181252114	0.5106584860212166	0.4078485732458914	0.4219832872981675	0.4855456443285325	0.3221780028950973	0.5874520552207678	0.4926152467828024	0.4105823013563776	0.2767926559233247	0.6169223516562224	0.4794247232207888	0.6430862354779154	0.3965941878416803	0.3290078617496755	0.4663914690128225	0.2700678322167969	0.5798181605449925	0.259583761831417	0.2031568645213755	0.2534755276089292	0.4394853104924759	0.6339179284600532	0.5699725325310537	0.5442091799707767	0.4620770715959628	0.4866094226725168	0.3803471630681196	0.4285573962562243	0.4312315639482593	0.4814017898159308	0.359772119879416	0.3216625746274144	0.7237912221046571	0.7486659065518126	0.2932645364138139	0.3112185411859992
sub-078	0.7546192671520852	0.3602578493093486	0.2199179788232964	0.2802617447289967	0.2645653447914657	0.2277556393227103	0.3986086042224088	0.5941110948350353	0.1910011705000225	-0.0217247124412971	0.3541222629245099	0.2749313731946973	0.5344556052558477	0.3446845438447244	0.1925472505178793	0.3124181964461692	0.3288675566627513	0.4382900589836395	0.2945489022805896	0.1848188517460324	0.2167418356717193	0.205319233897266	0.2101836815674017	0.4623651637480058	0.6178241137491334	0.4724148482605083	0.3392004097078057	0.1803544934563763	0.3796956581722852	0.4276440812283531	0.6608892809493097	0.3968184182690665	0.3593006354653573	0.4604059007000154	0.4577441219334855	0.3414761283395564	0.5466249442652076	0.5250956406806616	0.4876745286792507	0.3574899800648878	0.1254132287480102	0.4217495684807584	0.5878176261284329	0.1448741854871077	0.0787793472553231	0.6556479201150173	-0.0213047106126224	0.0312846734609738	0.3446151618971514	0.0527500784815936	0.2462344928243037	0.0853738580744648	0.3660851223271831	-0.0725355260053879	0.7285314660255651	0.5087865471631927	0.1423750603455187	0.5718769387001652	0.307712926143876	0.3979840083069382	0.1075946962827891	0.5271024384483333	0.0064576909269252	-0.0108313613247379	0.1070165669427295	-0.1690749779029138	0.3213110022704541	0.1876925253881494	0.1007838767271013	0.0635596100711307	0.7197778526953812	0.3100720028579006	0.426940843204045	0.2551686617801344	0.6546513070305864	0.1293893154660895	0.4050099253150918	0.1703275471433703	0.0582133900895444	0.1741673978082182	-0.0566371788307752	0.36124237275515	0.3073117714340453	0.221649474668303	0.0624443541616923	0.2972334012100601	0.1819691665886978	0.3012189990416992	0.6196912670892818	0.0717071410059881	0.3457649303174893	0.2785664471636821	0.0497200269781216	0.3830274084361189	0.0180308481674277	0.5381757751265441	0.3419135321065146	0.3431267432802427	0.1129479318989136	0.5545061636521573	0.1521955818862712	0.5419367065632286	0.6406810988306479	0.2066356040907729	0.5702385813765887	0.4931250196934985	0.5028284557847996	0.5929623415285701	0.5742706589943641	0.6316356062116768	0.3387265691006011	0.4391585214834569	0.3109252922008412	0.3751598527965455	0.4196855608615181	0.6263551656820079	0.1796895425424003	0.4380735437903181	0.2526495755266166	0.2564674549320401	0.441027609587195	0.4563214771203946	0.222721601472659	0.3943420361291266	0.0335130763723236	0.0824893364210584	0.4191064232727332	0.1671454850733082	0.3154877804051089	0.3557646757945361	0.1802057720799667	0.2521338215680676	0.2062982679022176	0.4233603197415103	0.2010212684541354	0.1508552512711902	0.2133878894685888	0.3400489703557162	0.1415115007907328	0.2695466851816821	0.0463818999193212	0.3857528083028559	0.4593257773993753	0.2453304509515271	0.1189432756894409	0.1064460730206956	0.3667218372562305	0.3010247400750397	0.2898177955643473	0.5367315588372832	0.3480242844531744	0.470736929607068	0.025293000206378	0.3993163807911045	0.0408682432515546	0.1676643092455263	0.2820599877734547	0.0881734893921772	0.3785724287843637	0.2225670207892169	0.2598552139302558	0.1473640533888754	0.4451980991372073	0.4521245494770773	0.5213620794230607	0.4555748829774061	0.3987574565819774	0.2291325667630087	0.2847914578021882	0.3958145874104527	0.6066902590242101	0.4040449768299062	0.4553476509477596	0.2763389044683121	0.4091127409446651	0.5267814502978352	0.4595852096389838	0.3742402715018139	0.4362307019029626	0.3106640684370214	0.3688127309355172	0.4665247597520287	0.3469896220889265	0.3534795184990785	0.6644620965489408	0.4144715634915214	0.3760924981996463	0.5760938710521692	0.4180614146277573	0.1139544264018809
sub-083	0.5550704884897988	0.0256296399944744	0.0612237375022706	0.2247974770787989	-0.2458572296134316	0.003050301200361	-0.0258597047813278	0.6742610084300228	-0.3014387930265153	0.2851330753499587	-0.2133230400968941		0.1364814130678264	0.157967720666379	0.0700003894646184	0.1853170089001357	0.2395771131058283	0.0903787977842932	0.1381031270576452	0.2486532736148486	0.0277149165440288	0.0914719158754982	-0.2235428743049574	0.4974505370832721	-0.0297358444607409	0.3468466642134243	-0.0101863775465027	0.5749293815811791	-0.1230444492102119		0.6803725887889404	0.5675083928040726	0.3783312715587511	0.3717034631968375	0.4856285675853226	0.027666315239191	0.2619503477355505	0.6174549614754906	0.5952071637670775	0.2381222449112481	0.250342875208713	0.4517876973553205	-0.0197471030715269	0.431005785936897	0.301859416625518	0.4751624981334597		0.0910086898822597	0.2694136461212566	0.2252757895527635	0.0896802839345411	0.175326793873466	0.1723198032491439	0.1724703328362864	0.6004361307146465	0.3981573539384467	0.0777464588638087	0.5084105843888552	0.0165270741618155	0.4283182558912951	0.1366321535564951	0.7774537107577827		-0.1872427268915746	0.1496443018517435	0.063558110610307	0.0525863264942182	0.1215390107894407	0.3270322968052915	0.1003445379077264	0.3470237852754517	0.2537866978994462	0.4465802708999644	0.1994685315699709	0.2885085627751194	0.3108083020253849	0.3540165579755584		-0.1178313937470398	0.1518307761151278	0.2356257042439677	0.0633543953974627	0.2792996190088153	0.3813911955032958	0.2852691285981262	0.3677191371880299	0.4820647882364856	0.1826977553205348	0.470377265479868	0.2589446450249159	0.4296270348432704		-0.0148941855596112	0.2177183258711312	0.3956690681452081	0.0792250691745134	0.2532185836063927	0.7023198236665475	0.1722660956616584	0.3158910558828677	0.1455649964734164	0.2831066024785017	0.688443207460306	0.0092688507637998		0.6474428464057933	0.5860163794326125	0.7324381790150777	0.3324252829421796	0.6793816703482507	0.3530369692300182	0.4044779580688173	-0.003219053873617	0.688396811786806	0.2826072144473499	0.4037670747086424		0.123214815030659	-0.0741449346132021	0.3027051607657556	0.2043061226723104	0.2385937191082841	0.3708382405790641	0.0610265671738314	-0.2905983674372906	0.3654694080319834	-0.1359785309467847		0.193509720909153	0.3575720578478633	0.3028024724101253	0.0211470483313856	0.2704689898145982	0.5413182250112074	0.2988923359703169	0.1503293919087939	0.4550374327194744		0.1256444712635224	-0.0475788226334156	0.1766970476126225	0.2035593703218607	0.1877452677276466	0.3189469636267891	-0.0672098312995406	-0.012945641556004		0.6208784021920712	0.5532909894498854	0.7297771669379199	0.3558006950358963	0.6383607769354542	0.3920846077272136	0.4218005176304487		-0.239238519958549	0.1126183410988742	-0.0149436584541908	-0.1678448014157337	-0.0420347301100461	0.2849837648874524	0.0140190987453456								0.3944266723698464	0.5557315502157136	0.4630052894166006	0.5919215555948223	0.1542977285540399	0.2376448908057025	0.6103947753111356	0.0504390934611565	0.402549789853059	0.3250792202171637	0.399865259693648	0.2449670018258267	0.6689374183992928	0.4845264999809111	0.4489149377096072	0.5089437179788668	0.046868376505333	0.0575012048876416	0.4609379424503499	0.3705320357220977	0.2844590894618061
sub-088	0.8137087794804735	0.3455586594562698	0.2757702287503255	0.3259514219731756	0.4016640972923544	0.6044196411504015	0.5281110355829906	0.5737904353307948	0.2101706425524645	0.52278997249589	0.5097438633936674	0.3789379261033785	0.6202367394085228	0.5391156341813201	0.2890349128757468	0.5351243441919906	0.4279575952760819	0.4942799513486478	0.3867157863937191	0.40596580169358	0.3651961566318524	0.3445204416091736	0.4081417093369218	0.6526385938844176	0.6253836173780085	0.6002746387636639	0.24259704971737	0.641181668809503	0.5965731070246848	0.5029396125133794	0.7726738578646037	0.6353315413999546	0.3069193899146732	0.6258071241224563	0.4040535964964331	0.5044143145608916	0.3537753648688247	0.5801952806303434	0.4911576631753699	0.3550903584361268	0.4724572638571884	0.6348802779260249	0.4946073015255898	0.3497356439427795	0.4864033470499	0.3714591347310723	0.4375977441415826	0.4472009388341404	0.3431489028194593	0.3535415393073385	0.2592850235523025	0.1324958225267554	-0.1648643331863379	0.2492075068486525	0.7114217675461728	0.4457777801172579	0.3127892210164386	0.4761698920095734	0.406815505486194	0.5884505644198866	0.2329230530587714	0.636067273103074	0.3042949686106629	0.2838552172258959	0.2335017217182317	0.2059957905833735	0.2357404263177596	0.2988447617112946	0.1320903576816423	0.1489267839569754	0.622252912906709	0.2754690994551947	0.3780080431971241	0.4324377104874096	0.7588362500524627	0.1414122105192043	0.6817433095990428	0.2426358521313271	0.2507089613575262	0.2446743681749838	0.2246527968546869	0.1505426269157276	0.287026641041303	0.1727058242944319	0.125380859571481	0.4476823556560908	0.4719090398148718	0.4735416404897372	0.5781919476690677	0.3724976503722639	0.5678182152482655	0.3178485883092741	0.2960525614277138	0.4747390129778365	0.209647368190551	0.3037632337421515	0.3701958713370008	0.2934445703782694	0.3162048913928072	0.7387912564734794	0.5787014229904985	0.2056216711789221	0.749035722214382	0.3627637295982686	0.604154636258301	0.61463142448766	0.5279352003869955	0.3392172983111453	0.509907461240566	0.2216544082096052	0.3170440740229692	0.5473511799163825	0.5423499368430477	0.3211221457782586	0.7239194792962245	0.5693135365253421	0.5225887084345882	0.7033730189963219	0.4943342606692322	0.3321855081814284	0.4286840342272778	0.1782906928280145	0.081098053394906	0.4166232605348409	0.2461093594816079	0.444489108430999	0.5261626115419739	0.4546220391124813	0.5575370898902207	0.4842512569318044	0.2539817435529616	0.4154912143473917	0.3711308235761878	0.1763332779358999	0.4194554998228095	0.1596614881303114	0.5789048559884383	0.1789458389021798	0.169304206355043	0.2090553504583269	0.2159329569140736	0.1301496017062303	0.2974676359576843	0.1413207833869615	0.1234998148713259	0.2223373310600922	0.6204248355195074	0.6518872316349479	0.6403199750022924	0.3445882581347851	0.4962248238606306	0.1927959422572378	0.1233585921526353	0.4735332360996287	0.236036556204596	0.4659379715827765	0.3518213815120937	0.1708755029061919	0.2827861414913932	0.3334615536499638	0.3894922697937026	0.1821273953885653	0.5064899674305409	0.5213672924159601	0.3176907701744076	0.4064447110239322	0.2642420826284302	0.049523761003188	0.3905937867937444	0.494534062019372	0.3568724567890741	0.5167309960161857	0.2598155930074556	0.1957495876827465	0.381248316740453	0.2375205631562034	0.5041154895561599	0.3749223027860368	0.1645782464713439	0.3805219008948516	0.2009968231991737	0.1423383873106302	0.0157310473402549	0.2639112532454554	0.5762910245413048	0.3230851887540056	0.4436460678334251	0.3752780884247527	0.359335757681877	0.1389960376049097
sub-14008	0.6297402585567474	0.4683353386745194	0.3277313047308882	0.3738888802949326	0.4544852968506916	0.4282871614723366	0.5234547312252833	0.6463790078899438	0.3274378036839109	0.545982471356598	0.4607010250500757	0.4467386694704985	0.4168077002284971	0.4974411592082904	0.5557066366025127	0.5483235951764106	0.6339136311569877	0.5812548219295506	0.3756085435645693	0.6860022471620497	0.5156711644212709	0.4347118046832732	0.1905202995421658	0.8518745239902685	0.8529836520189065	0.7590055607778343	0.5175682451410913	0.6867958109022512	0.7501319318692544	0.5867911401012138	0.7749621795103679	0.8004596329025447	0.7817445073771503	0.8135295313089542	0.7604220153218832	0.5184015819710719	0.5644930727201073	0.5263238677378139	0.5447624134414443	0.3103892581691912	0.6070460966695365	0.78345936411811	0.6937391837105089	0.5749803941545103	0.4258153361411935	0.7856687088523827	0.3296770637915242	0.4477068254930604	0.59030179102676	0.463240397005349	0.5958301828573964	0.6476490145490099	0.5201750616076578	0.2694690607572014	0.2468921000883576	0.091860558697448	0.5172644372854333	0.6550493056026162	0.3924430094809608	0.3465847751237619	0.3319295805929714	0.5765858251462628	0.3089364640314812	0.3433438506152022	0.3716334507346627	0.3175216066150328	0.4485913091932254	0.4930867570710311	0.2766153157543408	0.2268338998644571	0.5457328680378303	0.2541886857030392	0.4539746832327496	0.5433488313777602	0.3552780351750218	0.2926820993546412	0.5029761759130982	0.1657661964280349	0.1752194439492372	0.4264123700878853	0.2321799074867629	0.4035851188112548	0.3657001923306693	0.4267710659116242	0.3273815530536971	0.0070557664731944	0.172218262903065	0.3878839818354718	0.1253651711177283	0.0513555196196563	0.1834100596817698	0.1475729879312909	0.065244463746998	0.2824274275763996	0.1459955891359044	0.159086244928309	0.1134988837360709	0.5891775183136673	0.201788255171255	0.836169678859743	0.5763806173786937	0.6311393785976752	0.6477516429614729	0.676090751130576	0.5238079173511031	0.7435340484824643	0.750036422412738	0.7304111036278227	0.795567208716709	0.7258231843169085	0.4535533759471704	0.3991699756920022	0.6983349488445876	0.5914079656379934	0.5535831195442225	0.8209139432456565	0.4872515379764455	0.651634253038007	0.724480081409081	0.6312370555005574	0.7749269226105776	0.7464991605083988	0.5224322594624274	0.4314469617076615	0.5272399280037373	0.547174133906471	0.6717303240947098	0.5307802091068456	0.6107095467683531	0.7360363534464419	0.6546280350877496	0.7080164675528319	0.7232001074325886	0.5733868174388069	0.5119563112170508	0.3741864539295481	0.5922570088202898	0.235197483601658	0.3515046271704035	0.5509283668811907	0.4003886143378434	0.5079304490748165	0.5913127110432862	0.4320616417249368	0.1621861125267485	0.4696980477324215	0.5824612854710376	0.5666923147153962	0.4660837444841475	0.7387773099870947	0.6974167307631031	0.7648891307216997	0.3776714675897927	0.3899915040532096	0.3150446104180127	0.4895965489505038	0.6495195304953548	0.5078612058472685	0.6320147813016902	0.6328140657489716	0.4361155745974492	0.3808068166366152	0.6242265142788818	0.528359694561297	0.7562576362234007	0.5827797042138992	0.5505019277636847	0.39962732178464	0.2906271495830223	0.7098455346838755	0.7961330448122412	0.7221817250782651	0.6238243895875352	0.4192510994047199	0.4840561353206808	0.7594219699060952	0.7279569441930674	0.6475832339867246	0.5841152447806817	0.4032928197929466	0.7341694368450161	0.696654142987925	0.4718826336441276	0.4645168136796146	0.7955458825199446	0.5239314948764576	0.5094773556518887	0.4883555697990834	0.4303954287747767	0.1146919898116507
sub-14011	0.8723111569347931	0.4943541319034797	0.4139610952955917	0.4420137785631146	0.2367101968317141	0.8501237353003701	0.719302837584149	0.8206399988939821	0.6673114758531307	0.7380158199204861	0.3956890061430472	0.6442650380762724	0.7830393590932301	0.7465265808224235	0.7457747346153802	0.6716625777272041	0.5974213368537103	0.3504151804909179	0.6559142089516563	0.646108969356147	0.5818425881397806	0.5626305393408663	0.3424318015234203	0.9637604971114796	0.8692405897404087	0.9075269233534888	0.8446056145038864	0.8513408927432327	0.5161073490652808	0.7835690859162098	0.8937926157413175	0.8730900985019957	0.798983955401253	0.7973965184379179	0.743502767668321	0.5267567129135038	0.7300445662745753	0.7012133937039643	0.3571845745321355	0.3899918503606072	0.6191662411090435	0.6355536270314275	0.6962292448476914	0.6246374436924743	0.456291118292308	0.3648695383950153	0.3972470923577362	0.6390598977703746	0.5031713930403142	0.4030851477307301	0.5361502546723599	0.5577954259927749	0.3675148833569379	0.4805148996673999	0.4393308982879224	0.2559450511024502	0.5047413384149347	0.6480199194854402	0.6130648470951615	0.541899228127378	0.3571098438659617	0.376739731008795	0.3962255920245778	0.5907847241264427	0.4803517054730717	0.3231883847816278	0.4873209521892017	0.5097839944343547	0.3877424863253095	0.2671965969633119	0.3579205195483961	0.548900143636036	0.5896157047654377	0.5541757683938473	0.6333538197446025	0.4008163808784972	0.4027465658817853	0.3711583124855983	0.5045280278467557	0.4381669163367809	0.3324405368361596	0.7141971732007725	0.6427732914297362	0.4540629447319739	0.4904262238589734	0.3443947713796259	0.3762640105377429	0.2967725185038126	0.4915580590157177	0.2208244399249956	0.3654366220809756	0.272066937523201	0.3065110082695299	0.2895720240014274	0.0460499735571335	0.5632202605315935	0.4393781900844759	0.5536891508018693	0.5443252786062752	0.8514827452107304	0.8612708341018463	0.8390481491823477	0.8804240643665185	0.5067818493670173	0.8022180912498047	0.8844652397272941	0.8805419549306059	0.818963321940543	0.7904038159506459	0.7229033937796692	0.5210342720423423	0.7546783007449542	0.7458549081253888	0.8491245670781563	0.6888464903919116	0.6995522285176387	0.6980375741068056	0.897618603716287	0.7670616582405207	0.6487148522854811	0.6922944333752982	0.681437484045218	0.5772138442149806	0.651215782175631	0.7182300515004774	0.6834141164078747	0.3753039866207162	0.6576153334430789	0.7730737559352996	0.7366593528744341	0.6596551950855739	0.7642370110945439	0.6453911909921213	0.3920788048991769	0.6144619109797751	0.7277839375882247	0.590768752633661	0.6874362906520084	0.7842409155666837	0.7679909665154147	0.5685781314055599	0.781347674787727	0.8051339903378351	0.6906635915508885	0.7680236096970959	0.4614108817612894	0.8532853829295522	0.7720683784572562	0.8969692905440668	0.8820011765925636	0.6222048039637587	0.6869863370533962	0.5429804407498061	0.6315011248463395	0.4475454256292018	0.5206555035929067	0.5198438978611833	0.34859570168781	0.4538955336075643	0.4971483384628466	0.4770480393942738	0.3774165419042429	0.7427997283936956	0.8893721627246581	0.7454727711077265	0.5656847864974485	0.622066518506217	0.6493337449187871	0.5730765347539523	0.8355990866385541	0.7423836790080482	0.6379179933788495	0.6896677643831282	0.537374817905049	0.6752107884466216	0.785210927237234	0.6591808687608409	0.7304388052999351	0.6279720706069689	0.637145574154093	0.5027467805621247	0.5257423559893706	0.3504047893997506	0.5231172177123824	0.7747820530267954	0.5304143844177546	0.6676950105789755	0.748459247948753	0.5874245531756904	0.534503461209131
sub-14027	0.703700472485029	0.7402306232498441	0.4832018112562406	0.6235420236169252	0.4312749534000733	0.62214289433889	0.4791376583467392	0.8599550105775108	0.5374812655542391	0.7597683978460918	0.7500641653182382		0.9079526700386596	0.7951649874840093	0.5872045274598043	0.7410405662666639	0.7818863641441255	0.7889218941556799	0.6506928255099221	0.5705602803650255	0.4364209073293246	0.2396825946830872	0.2890417793232729	0.1921961431755445	0.7967378843056392	0.5625313734625788	0.7217632699587732	0.6508069211513637	0.5702128773670952		0.7413011013176983	0.5948284303169653	0.1449325356212102	0.3768728659798204	0.5584895762381971	0.7490372441231199	0.5361615376559483	0.7371735237671772	0.8057765354738676	0.4306508907168871	0.5569686806265367	0.5826217596672444	0.8728994476929621	0.609533813873938	0.5732815745804505	0.8344664652030781		0.706537880209202	0.5867273788017794	0.6092209710972686	0.7056968385302201	0.8201950219078031	0.7210732780705279	0.5918920517594137	0.4761611922726057	0.3808344748053001	0.3094165150143863	0.6039533351399642	0.6084680221936634	0.3979755625441195	0.4104362989656863	0.5797127449071431		0.4304640228396384	0.2816626840853432	0.2705336904205043	0.4097717093214227	0.4327042670946431	0.5246324162942418	0.4619194343171225	0.4195495294473572	0.786080642180024	0.2668414503692381	0.807017169626172	0.4378145007290698	0.4692214071792423	0.685153618674846		0.5932469927385793	0.5633339892843855	0.8157352555493793	0.7963494503748457	0.7316445520131813	0.5318460488096113	0.4456261789923	0.4444562013681835	0.3346605660392329	0.4007577466594223	0.1766081690593698	0.4004583267981967	0.4444029226650267		0.4047474738481141	0.4569460157446559	0.3371730753207082	0.3531642352326308	0.263941751442976	0.3394560487067047	0.3726548967826144	0.1971908395963262	0.7479574454581321	0.2960742936683538	0.5232483164362443	0.569488462977088		0.580460017001672	0.68336506950708	0.8321709636300937	0.7950908640456007	0.6173910115623676	0.4472239196679327	0.4500143255311948	0.4642245334091953	0.6746532226075128	0.5179670044601798	0.493837258238478		0.5515571330456688	0.3785257142286837	0.1503576887065939	0.2842102834973548	0.4284983810072069	0.6256744929565723	0.3690986311589064	0.5541066190451375	0.7192045867306313	0.8199281020839482		0.8313788252968441	0.7501649545791284	0.7599289933301439	0.8796203779166223	0.8596454139223169	0.7832415710639239	0.7058774094633203	0.5194600248689932	0.5419726080236734		0.5969705390002599	0.4310510634617028	0.2787769021972335	0.4717488284189673	0.634491717973036	0.677635496536441	0.4497197169464836	0.7049202486537078		0.7813774939619561	0.7082824284335483	0.5754536732903132	0.6882904050872949	0.6473075419510275	0.7351992116523852	0.6503887315267307		0.7489186897628647	0.6739060811333957	0.5741161999159254	0.6900847078188849	0.7707001946577641	0.7319432321860545	0.7045085850867187								0.7788134354943133	0.5869401442455723	0.7243637509621558	0.7624498533162295	0.8227975254305555	0.7160729318785453	0.660928488895544	0.714569311585954	0.7015527768075038	0.734340158233417	0.6222098142897632	0.8147956687544124	0.6640694853837122	0.4851940041940725	0.4489206289357128	0.8233164342767159	0.704049850006434	0.6840488959492551	0.7825879962504887	0.6879300063999612	0.7377719125322815
sub-14041	0.7878316286324445	0.3897461522601453	0.4162586983627336	0.4743223024810847	0.4072962376407827	0.6105836068446338	0.2069019229426125	0.6966316246947657	0.177180832547513	0.6827330372812008	0.3518272986113583	0.2327106983817028	0.4986674032920149	0.6094770841617384	0.5644449089714456	0.1513198188999523	0.313545092800079	0.5051651768088004	0.2525487683528936	0.5063670441979233	0.4233871835795849	0.6024250419440229	0.3743564237982928	0.7377836696768852	0.2906500590653803	0.7888173626655702	0.2469718353609658	0.7144289564207067	0.5038038380135575	0.3348813374806141	0.709246022443516	0.6722189876594158	0.6977578210134816	0.2594041995914232	0.4783579472888563	0.5540922025389186	0.3307456299070751	0.4158251033472394	0.5068702854119536	0.175884957917299	0.304555682809033	0.5400736555745494	0.483926640262336	0.1475576296870214	0.2681007152877196	0.5138553115176678	0.404962493289643	0.3972642848664302	0.2187860898018215	0.3791431921088249	-0.0912296745119287	0.0607792808284467	0.3887777012102051	-0.0753317990208791	0.6300286760880347	0.6963451303572356	0.0791502189713665	0.6175183436181254	0.6409996737998854	0.0681643265830878	0.299965800183481	0.3584415795154018	0.3361611502098696	0.4940462383286989	0.0413899223315952	0.3193195492132866	-0.480386178713245	-0.2169574189511675	0.569945429706643	-0.4007437297881604	0.5531615120463248	0.2747692283700715	0.5573163062645219	0.7630106825682085	0.444066630853658	0.4426548819045588	0.3470948543046686	0.2928467013710836	0.5575427503455591	0.2469902383793722	0.479436178179654	-0.141007765235645	0.1268595164601317	0.6407123513139759	-0.0673718417499055	-0.0089102871085133	0.2489933954473294	0.5015705405709959	0.0072338389831106	0.296428474601914	0.2806196800987576	0.3651282101475276	0.4138426821030532	0.0707739129137592	0.36913891439393	-0.3928205813214499	-0.1888471759272958	0.6615881117473709	-0.2768916762732629	0.0520339591158457	0.4392793598898739	0.3407894024903231	0.6190696840895109	0.4476779380918151	0.0946755509255698	0.4168083802559261	0.7110119127746495	0.5099965211610272	0.5967589694368418	0.6731236003409874	0.320782796499265	0.4994041771607517	0.5025562925300235	0.2125317648571038	0.1415290376868381	0.1663888306602611	0.1905149912928248	0.3848701275997973	-0.0453461890501312	0.2070379154970107	-0.3443821408942223	-0.1876970781200616	0.295953715283875	-0.3589597329805055	0.2345709783200864	0.615765563851679	0.3683387789002142	0.3751427606458294	0.7308470359611101	0.4475269207802598	0.628606432948707	-0.053165408810582	0.2185110843216959	0.6328027995028026	0.0513606615620787	0.1917080208645373	0.1531666337682776	0.0676567510195698	0.1467163006120611	0.1961824565193917	0.1622292766699427	0.2538305980818922	0.3213450828774596	0.2173421483198968	0.1449186087865973	0.3053853984562569	0.1912541659976137	0.6232728995897454	0.7730359379570839	0.7971403244011264	0.276198390574175	0.4261159109102091	0.4804879121004357	0.3594047806570228	0.4101925249442255	0.2589744520301697	0.3566778651448691	0.392866190685314	0.0343690748565758	0.1378092756418716	0.3877469528113439	0.0389455110349183	0.4342234208022036	0.1157914839584094	0.4308824625620773	-0.3100544935664374	-0.1392795691325159	0.3391268642366506	-0.1934042210545953	0.4089737077370879	0.6610452895049906	-0.030106085255	0.1962373162859323	0.510618274032125	-0.0009602714227926	0.6699048539116772	0.5623934399505526	0.6447217576892613	0.3754272623747731	0.5527079257420944	0.0902705941543954	0.273777825917952	0.5005868518734172	0.2184137190673273	0.8494501591014819	-0.0586508644010893	0.8387628576801276	0.1891298324857437	0.7985200075365528	-0.0358663715429423
sub-14054	0.8574411999235437	0.3203667908884965	-0.0490157319956132	0.6328644315339798	0.2307632020503046	0.7270539602756383	0.5779987666787066	0.8626492433323174	0.4161370402711724	0.7348785288339706	0.3791482159902392	0.5948053678660858	0.7079778102798694	0.5943587432544445	0.7473631086135465	0.7926876588094078	0.6671021083376555	0.4089364866908686	0.4491425204727062	0.317033878535722	-0.0498302708991047	0.5988346556796479	0.2324196051849275	0.7617418070364013	0.5443919300248233	0.8526447355013196	0.4574512718792759	0.7544821854780256	0.4871766361930473	0.6680144116447335	0.7961805594670729	0.6942528716141256	0.7545030604383058	0.7871247140371639	0.7256203436567542	0.4840701205761637	0.4422624228141352	0.2726728061579286	0.6409670869682191	0.7406244899673782	0.3567665935860665	0.3868117176818051	0.3364895489196051	0.0563852804114291	0.4185201171388666	0.3793246270672455	0.2921020020889702	0.3552762394001493	0.4054139481987979	0.3285299618831661	0.281549439120928	0.1060616502901407	0.1826368226960291	0.4125127673278551	0.1430994496926167	0.3104313707060649	-0.0580936971567923	0.068668633157934	-0.1386694917050428	0.005774713564774	-0.0410159086273607	0.1945831069604178	0.0438480318835584	0.0232112210171735	0.012689900256733	-0.1409040520344779	-0.1049980105599724	-0.1391096760597409	0.1792138059785918	-0.0253951496447763	0.642023590119472	0.5280149535799187	0.5708048725912073	0.6046442969199878	0.2887783466594782	0.4688506327842155	0.4335698474646562	0.3566412610551736	0.5178586341274535	0.3895832885315562	0.4515782434063257	0.5546385023879244	0.5002601674415001	0.3457989010975146	0.4951005110758603	0.3637306189408236	0.5167053546170176	0.3210052658704868	0.0892442787359977	0.2968760370062998	0.0780410775427332	0.2893837825032339	0.2774320128807892	0.2176408240996853	0.2573509230288368	0.1445701806532052	-0.0973709064670519	0.0837571598664379	0.4775408541866646	0.7820328593541619	0.7623576183537334	0.6085430105413846	0.8858317864919886	0.3238253279571416	0.8168859791171984	0.7822098376386174	0.6597399209937027	0.8542820464442942	0.7308337109476362	0.5538522663935942	0.3812711965514559	0.5410649023183102	0.6327860043608902	0.511167905578002	0.6004258528910011	0.2882169746602173	0.5439204936825801	0.6074816118840534	0.4175012624281559	0.6302105406456779	0.4357955016245342	0.364064396991457	0.2863838751486623	0.5969185581861257	0.5377331835447205	0.7618235193769467	0.2966728070886873	0.6089350456361107	0.706674920342899	0.6449455030467947	0.7510885292283529	0.7535012759342119	0.5882086977819453	0.2728499277694602	0.582351541819617	0.4778540563180115	0.1490536015631433	0.332193883934306	0.4774985620736183	0.4043872842557169	0.3983851748148426	0.3860412101786505	0.3439585111496768	0.0790097220829657	0.4669756793091725	0.3037711968056488	0.833911755790646	0.7296657227900653	0.7773258536845358	0.8957890205674559	0.7377327786551916	0.5328692009706669	0.3746222221747828	0.4830191257906313	0.2552491769400559	0.538314077536407	0.3770292479069458	0.2286648238722911	0.3913087938811701	0.6031040402984186	0.5148592368555923	0.1558303931176262	0.7064906310284645	0.613865094287846	0.8558947214051775	0.694322055638777	0.436386860869389	0.3588997763911733	0.3567391137748409	0.650008650371282	0.7145385756873869	0.692802131427861	0.6062181218002987	0.3788525313216715	0.4721962210988596	0.6701630592251963	0.5318025071636515	0.500583956070207	0.2760457723963087	0.5419058059882508	0.7281569656504925	0.5231530059159253	0.322471577035353	0.5068588849785494	0.7070013663753096	0.4443851447972131	0.327266988965437	0.6617072301159154	0.2428651704999662	0.0374718230446548
sub-14057	0.7614409581297188	0.5672197070943193	0.5415216530425098	0.5986732659290702	0.5566663938834931	0.0071819548427202	0.5259236343821064	0.5437280153149154	0.0378168309225709	0.7180943972990106	0.6197306473112415	0.3657230724459953	0.6120507774152553	0.5164317049310999	0.5019948499066645	0.5115247475748005	0.5092739998631022	0.5272860325476227	0.5570356152121468	0.5428608603044507	0.5394268381430763	0.5618705533331397	0.63201743792916	0.0902102015788888	0.6534605347837001	0.719073912370254	0.1013977388684543	0.7125054162892182	0.7613189742111133	0.4518780527708349	0.7116735089523836	0.6313654888939843	0.6753549162735348	0.605578074327862	0.5720428511318664	0.6251821586088754	0.58911367529683	0.6985948016100193	0.8068474403319199	0.5432871601533743	0.3018287691814006	0.6225154583636255	0.6955709869274561	0.3148210224177642	0.4702720634603781	0.6348942347961138	0.2386549575226522	0.4483385078643516	0.5217088057611027	0.4531995482640658	0.5207410129975435	0.5849467282355203	0.4023748151091275	0.5257728527757213	0.6262842624434674	0.5404430931998973	0.3500926722327161	0.8798232995787821	0.7355003188703771	0.3180425389956329	0.4927717350865347	0.6496446820052456	0.3446424896232329	0.4018328753879907	0.5519900370601782	0.6310399608619236	0.6028405972551891	0.6611614110389094	0.4871871023547707	0.6613944831181408	0.6279159566675494	0.2781783035619299	0.5508218281632453	0.6101667787415588	0.396438018599136	0.4699773932359796	0.6284026053869846	0.2565752767962714	0.4575659693393174	0.5792212008915936	0.4794558517246405	0.5490878092145618	0.5816983384302072	0.4416464052954497	0.5244822917335626	0.0547526300208018	0.5721817374841405	0.6299884612795993	0.2898621860904444	0.5324812878244138	0.512756684081223	0.5154518806317874	0.4540714433801329	0.7110545962348118	0.6652092243581202	0.5117743040104876	0.5091605332770595	0.6567628822895177	0.50720774727406	0.3655118775273372	0.3454231938216757	0.5387116310354416	0.1615856612966454	0.2956951103728591	-0.2530308550831526	0.1789299109740359	0.1854192761087204	0.0897633430537914	0.4768162307064627	0.474070346147589	-0.0446196233963237	0.3258554261876436	0.7988124194080389	0.3038451439522679	0.5208645231833953	0.6614598201150075	0.3713121888214762	0.4637154643927255	0.5963470697726534	0.7193528462851806	0.6378908575615425	0.6851336751100879	0.5721317759805596	0.6654713928768836	0.3243963740539829	0.4791698949965994	0.6304471362654852	0.3416836561241097	0.5419787427272578	0.6427614505756445	0.7406114796611724	0.691813092125844	0.7206045910358089	0.5802751242061123	0.7209778614133917	-0.0961836565765767	0.2122375211415717	-0.1311804095156634	0.2266061239553428	0.2581010307402302	0.1771919261579703	0.283835468824184	0.4304892189009243	0.0934757115730263	0.1515917271768979	0.5934468280194086	0.5904307180341694	0.5197677177855279	0.5477072978144228	0.550455769234836	0.5878387908563777	0.5465293960696403	0.5837365287827042	0.64045007661616	0.2503975001756083	0.4534352537752145	0.495409847176015	0.5067592299835483	0.5662211998689554	0.5313117226685673	0.3777501975730126	0.52411686280844	0.2287529735970157	0.595794123985837	0.656774532521825	0.2787460275054136	0.3090281241242336	0.6036852870388116	0.411270013872565	0.4330903586711258	0.4306761997605158	0.45703764609825	0.4470606256624549	0.4727704016963965	0.4172045839229344	0.7748897587375452	0.5094006946158334	0.585454865311178	0.6643162556791576	0.535395793390839	0.6318307984011676	0.6394025481614318	0.7210860385960008	0.6908337337501245	0.8556640514638729	0.5230733438510914	0.8426138204420188	0.622070751002377	0.8171762305903219	0.5697498361571562
sub-14064	0.6157880059233494	0.4156682677314862	0.3088260259560519	0.4969967997016199	0.3537300004803241	0.4025968926536027	0.3623859834971065	0.6728322678616822	0.2773085371374764	0.5386629101789895	0.2916666468499246	0.3261654488262232	0.2771457867351695	0.5153330551439242	0.5581862921366229	0.4241564318698861	0.5268464024447254	0.6402199030931298	0.3706305120675262	0.3977250938143186	0.4781130135325118	0.5897686977900537	0.4283918536859153	0.7998026454356192	0.785723137522501	0.6248367362773368	0.3368187734737365	0.8343703472827696	0.4680261968110509	0.4728763095347481	0.7469921744048278	0.6895494574059826	0.7024747093299225	0.4825957120312253	0.6269565364195808	0.5057626899190979	0.5727256183273992	0.3950998567064664	0.3891817810658072	0.2150653382592765	0.2230355779171149	0.2671635131447289	0.636580754115478	0.2566098658996464	0.2559328329643224	0.10554234719027	0.2207232361507098	0.5023923331863497	0.3329193356957337	0.188402037070763	0.2803899196853818	0.3334582789855578	0.3990065457090463	0.1857635010431479	0.721013748730329	0.4933754471894709	0.4779805792576153	0.6494875893668444	0.5039664670654471	0.6158202233148903	0.4361589386251458	0.5669584568482817	0.3499924158646516	0.3016771139364438	0.5312119933146177	0.3749523752515453	0.443148136424709	0.5523519369127141	0.5022366293716132	0.4269051800362264	0.6143212836919455	0.5341984626027815	0.5470991121029996	0.6322809079940176	0.5274374563841846	0.5008923077827184	0.4835449297834904	0.3826533151118945	0.3327217391516844	0.618120881961835	0.4409438507506807	0.4368934315380429	0.7046958027126193	0.6661516551244563	0.494493300419312	0.5088987180066622	0.4678144459231733	0.5138237600723907	0.5190374563131113	0.4174477470349444	0.4997941325313239	0.2199041603151875	0.1967800624152257	0.4290960528599525	0.3576040848462967	0.5800313351928805	0.5892297779472992	0.5375594399438759	0.5833491041744451	0.7933851496285889	0.4212446275171639	0.2369076961338575	0.7639878148602641	0.415109735982322	0.3782548811690367	0.676971142636721	0.5060223336994831	0.5618469924888719	0.5510144190390184	0.5186208423608849	0.367627966943006	0.5960458357996062	0.4029006862896963	0.3903476783328262	0.704499732333091	0.5626069760929044	0.3256724803434225	0.6635264824295515	0.5133703897574252	0.5411876079768813	0.5350927619276445	0.491526975319577	0.3809735474725083	0.5481657276673847	0.3464477182348319	0.4863845619548208	0.2891280182716953	0.3296649451493572	0.368905289183266	0.5690691134911663	0.4756128348382646	0.3782581961832107	0.617076332899127	0.6696637354437148	0.4254356078581698	0.349786148326212	0.575712257675163	0.3303915500402496	0.0813226532325751	0.5243761861423686	0.3337838000552602	0.3305901745796813	0.5147512464123374	0.3921391767005065	0.3357133545003586	0.4681872481579229	0.5193870074546774	0.616767302457361	0.6980454785836806	0.7657252689999585	0.528650214512224	0.5697714947227397	0.4474792166438652	0.5815726541046584	0.3124707589019672	0.1309138761436638	0.4629343385415742	0.4397535242676733	0.4145838110813224	0.4891704651279594	0.3813310098300151	0.4375913001569334	0.3028394088652132	0.5802988041607223	0.4211921296050559	0.2424201590439431	0.3689244737933245	0.2765254177462338	0.366774499132173	0.4075518290719607	0.4554554204837337	0.3433203987572256	0.3183350823148989	0.2124680950299849	0.3705194062260392	0.7356878474931435	0.3922643925039349	0.7399012659210306	0.551230734334518	0.4201245965445562	0.386986798756341	0.5458933961515317	0.4388565522321134	0.4107258173520027	0.4897207094810701	0.4358662609347039	0.5893373233537551	0.8034457706373178	0.4517347629638528	0.3935545030657248
sub-14076	0.3975626455143503	0.5274920439771604	0.4681069263974017	0.6256834977198993	0.3531981782291949	0.2993042984788829	0.3428252362530243	0.744063572090438	0.3756967115513902	0.2825315793508166	0.5715894706832951	0.1638863890493487	0.5021556671105315	0.4290531930578634	0.3916126408837901	0.4500163682543924	0.4046079356239746	0.4730799101428294	0.4721506088548456	0.5321075432958736	0.4969639882326814	0.3935038609315036	0.3570730470459027	0.8771885962451901	0.7418944471799037	0.4272234995863193	0.5283722843825166	0.8661083759951711	0.4215365509713885	0.7694030607409467	0.4773346263490562	0.7309640057392173	0.683640354609074	0.6109384557466506	0.614589524642666	0.6463947587212237	0.6216393011320631	0.7643788580699673	0.6699430460510302	0.5785106289238191	0.4061376970803754	0.6597507753610146	0.6600313524333951	0.3675045316106415	0.4764630333075966	0.8123822972449418	0.2399258627024948	0.60660877801792	0.5495902484726507	0.4428419740573711	0.6433401639991773	0.6358069898176257	0.612484312904828	0.639402516818317	0.7619726498083853	0.496879241289653	0.3368510431200825	0.6830366330118365	0.520702981757922	0.3922172995768316	0.4020742866981979	0.7802862606153858	0.2594500814065903	0.535790074798317	0.534113265585967	0.3382395442935247	0.5572870088012881	0.5815841072993362	0.5985916463617958	0.5977348529321876	0.4849088748219755	0.3045444712165303	0.4593156374681481	0.6316773155938606	0.4539895009286288	0.2839037113217592	0.7980503981822696	0.1327615038910007	0.5321096463345656	0.4119933339894775	0.2777757637951372	0.4536375193454657	0.3778231835786304	0.4395263349071501	0.4410452856831545	0.3266825151688918	0.4337305296220806	0.481277034381157	0.2485921988720054	0.3469295281862036	0.521067873698853	0.2793738211663153	0.3514722600531054	0.3709914983642057	0.3486939764375255	0.3625256781205284	0.4215933247592919	0.4381608537299123	0.4142815828264952	0.6528052508749815	0.3970375177257127	0.4807165207446632	0.8708056975472361	0.2940902578053908	0.74545444822074	0.3474644368479463	0.685373040098498	0.7009895877244312	0.6165026877345358	0.5233678936230306	0.5415828310284664	0.5750083104320978	0.4889513001470159	0.3772831421317927	0.6664842666792116	0.5821758638977518	0.5874456376296031	0.4191314853066354	0.6521924352695396	0.5436677214033147	0.5548266297092208	0.5460773490632131	0.5300736730121375	0.5964852854947869	0.4093140521265177	0.3575455093717265	0.7268538992767555	0.2174692620883143	0.4242550380652408	0.619885185287473	0.4890837902691164	0.5541849215653543	0.4280645141431358	0.4935001376547736	0.6046210545271249	0.4109705606632022	0.3867873466891906	0.3322937103495708	0.4036715476448696	0.3782101320829841	0.3124165305106073	0.5678491445615678	0.3815516920882859	0.4935788933197195	0.3192178218980603	0.3287952544100382	0.7324941349345332	0.4152458446022409	0.7563085288310375	0.7614944463281552	0.6028045419073286	0.5612907623407543	0.6155694614000022	0.6264937639850204	0.1636276391526592	0.5570677487875612	0.5400201642688468	0.3300087155643412	0.517648247437579	0.5247563030131162	0.5344210860250371	0.5234955739613338	0.2580411223392739	0.5537005893847751	0.6443639095896116	0.3429097444699288	0.4168295505676544	0.4622633990109061	0.3916992561758806	0.3511635015649763	0.4590895730412967	0.5498613799157153	0.5483954404302774	0.5618527095615412	0.5087593866667555	0.6578310534514711	0.6267671995864845	0.525213485959763	0.5800280647940033	0.7156705425467265	0.5302095725980712	0.4731710394167795	0.6220599538550169	0.5982731455753252	0.7383092605770639	0.6489854485556825	0.7210112906161892	0.7204604008450003	0.6591735162904211	0.6535014768311656
sub-14079	0.4478368008562352	0.5645571427666763	0.2255285925977591	0.5031066074788522	0.0857565101478562	0.0100985465504556	0.1910915638048188	0.5899909476459115	0.6684187064092282	0.1665286636640824	0.0248266566941867	0.2125450007786281	0.4327878888041718	0.0205458505426131	0.2810981608034886	0.001388538181064	0.0034739675738476	-0.1416721659685876	0.2944530072210208	0.330700728498702	0.1480367338324223	0.1988062117227374	0.1362912293617521	0.4763664520518731	0.4401117838593492	0.2964797511827953	0.5804477094572672	0.4727575162051176	0.0463387496011253	0.4951779105486397	0.5465670075932694	0.325316646419711	0.3973313419405842	0.2203331091170321	0.1618996187622885	0.0681930956638247	0.0846627131548596	0.2908506520903742	0.2979630127093549	0.0247373307290326	0.0166224270264628	0.1176860824459441	0.415368283051128	0.5083425894579586	0.2746338004140516	0.2515347384060378	0.2938115899382833	0.3942900378556693	0.0922875306762307	0.4307827727035659	0.1135196345075603	0.0807116921350843	-0.2358545629328299	0.2878417332457645	0.1391337304474569	0.0129045654128715	0.1029039048341998	0.218193653578168	0.1062308717096808	0.1610813500169831	0.3085362568333981	0.1450148089222979	0.14916237817224	0.1007942765155972	0.1231871036981199	0.3246447425246073	0.1838842544196222	0.0605460045465445	0.0515084093613693	0.1271846057262497	0.448015583486006	0.2222575563703084	0.1825151090860434	0.4254340147948596	0.5660168053539961	-0.054968617410057	0.0784571392364109	0.061559546656147	0.1578176581880987	0.1552064585883339	0.046150871304657	0.0506847457177738	0.1334408560863055	-0.0361526307660775	0.3101147054906017	0.263565000208494	0.3109059218051718	0.2347434208955016	0.2639522398817106	-0.0740575633218124	0.0859999093194482	-0.1503584438836645	-0.1220032263762439	0.2545190202453448	-0.0830797703978716	0.3063798301413709	0.2834597857288841	0.3373336248602823	0.0375676405637292	0.4695623966859074	-0.1696734152139766	0.3622262695225572	0.1939316546410879	0.2367597583976206	0.2083196569922732	0.1780503857326297	0.5194014980416313	0.1239824658607207	0.5062544460683909	0.4429223574229933	0.3763531002987442	0.0674193768577661	0.1647576376513202	0.3713479608756111	0.0532956450421849	0.2101339653397043	0.0255365836488014	-0.0314834576655747	0.5714771126476043	0.0670989782053682	0.3434016623437302	0.2947450954623031	0.290854184288683	0.0500338364953288	0.3419344274940756	0.1925710457861392	-0.0069549200790168	0.0347130350037685	0.2861701830058553	0.0781431454646778	0.2191590441699921	-0.0338172430142108	-0.0101836974968937	-0.2929842169345794	0.3634913290212538	0.1628151403931606	0.0821445241874159	0.3412162691532697	0.3693070127315839	0.2709426287389783	0.3415941177257268	0.181006034628876	0.2259458082401027	0.0114958153160213	0.1989838487620779	0.1421251451905466	0.4167492874731984	0.2538245811383454	0.1979554038524429	0.6594178803096123	0.1138282084644618	-0.0294542141769522	-0.040101505212058	0.0872221284016054	0.0375646950899889	-0.1130318036852683	0.3863994076695352	0.1545926051368954	0.180991582312996	0.2901767503844004	0.1438685453643914	0.0283689701984091	0.2887391226997601	0.0869648858685132	0.3058210180448292	-0.0079069230018224	-0.0694899421484738	-0.0852077239421107	0.0529373444032693	0.0307445981279551	0.4553518022158977	0.0059123309888816	-0.0445421114991727	-0.1607531290095777	0.0352842030878683	0.1403216689042926	0.2520571730592535	0.3796999362907756	0.2862142784396909	0.0536428988593133	0.1107682015612707	0.0603659753380885	-0.0482487307420612	0.0463114256428611	0.561500430846443	0.1308970545270432	0.1381585448329659	0.3148467784877831	0.0971878025148294	-0.1714086480063484
sub-14083	0.4874036678637658	0.1586988315408595	0.3864443874066633	0.244290325640993	0.102239065855962	0.3261148107906631	0.4632614226853736	0.1137002062169893	0.4211329586479865	0.3577632480969179	0.3859764156285841	0.3231516452764055	0.4939180197773852	0.2904167017526938	0.292264740454849	0.216475099970531	0.1796447346477383	0.1384125257468618	0.2834212638679466	-0.0069659267248238	0.6015247733516563	0.5581248409072807	0.2295828184433261	0.70405216266163	0.841278077624067	0.1864740729895573	0.7068159048869115	0.7013470938855829	0.6019695816681193	0.5783300558902437	0.6641664779996539	0.6472946629504488	0.6057109117444311	0.2586824104032855	0.2508595056664552	0.0762888632451557	0.299436969521562	0.2095433690195569	0.0591527041668815	0.2242736327632222	0.0858154840249336	0.0464225185442846	-0.0068837846417643	0.1239489443733305	0.0871574596722068	0.1284803114669762	0.0179936474738848	0.1097768801158681	0.1274262875726594	0.0927363498096206	0.029979186278913	0.1298477561067522	0.0971224097036417	0.0227175161330068	0.6309357280271034	0.3657044438359775	0.6240304582326652	0.7098143794403204	0.107217779848101	0.6029782866598183	0.5257324560295267	0.5768372422596304	0.3935178652129416	0.5560818703713348	0.5642169485691491	0.5703114835393734	0.2664192515393668	0.3053354009776427	0.0448012915520041	0.4130284076093247	0.3839642456918817	0.4885349321632887	0.6362957267648652	0.3583863705613087	0.5156581103796803	0.4994324747512382	0.4538131094818606	0.3989509105418923	0.4509374292898791	0.4684304411923023	0.3606468173578065	0.0602508513800308	-0.0477315208436873	-0.1047407373178885	0.2129990466721787	0.3340134637011314	0.2608265195617188	0.5526120672946822	0.4637418578284211	0.20510833845462	-0.1371865744853196	0.0825323302285386	0.0818028804353204	0.322921996745784	0.2819074764699781	-0.0170610780656874	-0.2396460847901254	-0.1019129392961819	0.0242379749795457	0.8248680559386236	0.2133552174285736	0.8299532414753622	0.7608894158287797	0.4055444851225778	0.4917245023828778	0.5322454669799563	0.630335977706344	0.6409786174027782	0.2888087050115297	0.1925934788281192	-0.155199284708572	0.3870681988680581	0.2082150632592907	0.7765787844985347	0.7662418295886738	0.5814557941208841	0.5847364166310601	0.652301919209962	0.6595778493279197	0.6508304490280264	0.3066488592782228	0.2249745424808431	-0.0744600886012311	0.3623835608351539	0.3515360500131188	0.0956779270795236	-0.1211000760604442	0.0886122787736037	-0.0286542097587568	0.1440848181844494	0.0310603741369592	-0.0779233401653756	-0.4981560314190553	-0.1857269768431005	-0.1885019662623638	0.6933053927629871	0.3524457939305808	0.4834828564969108	0.4938911399574142	0.6279659042728146	0.6130839351589557	0.2216914020983202	0.1159846903178288	-0.0774006605696376	0.319969980343265	0.5050580872399921	0.6212777582679896	0.5854207171223035	0.7938482231662354	0.6508249949046176	0.256169026198424	0.211293122256072	0.0024037485988469	0.4099589730353509	0.4483702073900236	0.6801958695346542	0.4446499181978429	0.3320327373014086	0.275538681129093	0.450138869215554	0.2173667460558126	0.3605280141290008	0.5635368102868688	0.6048671566223712	0.4727640454484466	0.1337243916079736	0.0737242889787634	0.1292661698313035	0.2631287207475573	0.4456928991873157	0.341419834037374	0.2053668025829755	0.2746113746183068	0.0592543369015423	0.3439155618520904	0.7752905271694678	0.2059625489432262	0.1249570395067671	0.1364772880023113	0.3348734006890477	0.3064503865002424	0.2432203183193157	0.090232484967945	0.35046481334113	0.4331000875288275	0.2034239768212567	0.3823052336484436	0.459023092097779	0.3986793823558941	0.1295625169350723
sub-14087	0.3439280519491109	0.2207315546057179	0.1594621345381619	0.4696027021289016	0.2205168029994579	-0.3166878523456153	-0.3073559400184925	0.1858195151925448	0.2613049563786752	0.123130413910126	0.2168975479289377	0.0760211120687752	0.0738179366497539	0.1584408293083269	-0.0876974502870457	0.2212707646535356	0.2282148098993965	0.1063430515338009	-0.0255027140225979	0.5233760300113249	0.2975220460714757	0.6058686486067332	0.5982121715576233	0.1046538971381135	0.0661904068654022	0.4474935722868836	0.6986410031409184	0.0371886006162887	0.6896667271273373	0.1595269697370218	0.5735543982969156	0.2454767636666551	-0.0918204373223967	0.7755813883087906	0.6627638481666914	0.4957492598107578	0.4969715234829617	0.6936467862801944	0.6380955293038505	0.7007671521006625	0.4932392640242958	0.4418394435765961	0.6800519944231074	0.5986205480541843	0.2467489858642516	0.763537545494543	0.1966645277533232	0.6114856489251015	0.612017541532808	0.0482209297874791	0.5954802740382924	0.5834949520272767	0.5619080509462658	0.517178325702626	0.4076349587568752	0.4821807564355929	0.4802814162464919	0.4609944308236914	0.5054063634939909	0.4414937707761547	0.164526343800585	0.5991580579570556	0.1209381181016843	0.5123316517763092	0.4523179185642731	0.0192374642999825	0.3768350558080114	0.375020550406573	0.3418730100380812	0.3907402146238882	0.556391474886284	0.1956408563487378	0.1515290180329101	0.4826810267493268	0.5921787334508619	0.3785149375303989	0.6629343333629558	0.3462489434894214	0.4278658495156793	0.6116604756761673	0.1480748823287836	0.6448020891471776	0.6173106162145459	0.4626870723692645	0.3658037073466801	0.4413391394926244	0.3135073261751438	0.6077399974335691	0.5702886775231303	0.2275085449973208	0.6645109653646948	0.1392678166839753	0.6536775589423829	0.5363703675843435	-0.0708026857838923	0.6334262327144407	0.6128075627292797	0.6678125281374636	0.590938000984038	0.816742732964774	0.4216581532242544	0.3689819408545767	0.432138246051843	0.4807854816628699	0.2007504996447308	0.5805485304311132	0.504841266595192	0.0945661054166994	0.2857265360822894	0.3831746034418028	0.4612156519686187	0.5009654827133619	0.2610149376418222	0.258155320878974	0.3367112940248158	0.3662655758813007	0.1214636337837563	0.3739847107844901	0.3283345075440072	0.1147329702586766	0.1599993668675031	0.19982188861629	0.2942579751681458	0.2556490712284551	0.4628246397363677	0.442774214719907	0.5502006876767641	0.2568017167768762	0.7037961023098132	0.5578169110519233	0.223331835768861	0.4903061702211226	0.5444302851518174	0.5024242321772169	0.6177017969238772	0.2884756990891237	0.7426938504897581	0.3319304496532564	0.5883502463600803	0.4741090849129828	0.083928721871156	0.7778363429977951	0.8051907189111137	0.5950025447415414	0.6384107826284465	0.2124833977196841	0.4688776697179542	0.3754384835572421	0.5941242539710475	0.5026109084969657	0.2298279535102045	0.3698419512290359	0.4447846712493776	0.3292526887997213	0.2342622617263152	0.6446023379602743	0.5662831116412751	0.0174222837565648	0.7038774536726549	0.6990404461149634	0.5974586661137465	0.5961183515372591	0.2072262526747628	0.5134182056696298	0.5232965732423885	0.2952736419439825	0.383787745808116	0.2748143975888066	0.2037417663126437	0.4772653946233756	0.0184427040228085	0.567752182163166	0.6124662328829196	0.5898408557706706	0.6564669866725963	0.4020141493174347	0.4779245281320871	0.6126868780923215	0.6187225559749661	0.5298884159285404	0.0653497321978678	0.1432394393449883	0.1788686860544469	0.1358219184446154	0.8082668547882587	0.6210143478326873	0.7199997218675569	0.7230429283113985	0.7236552931983613	0.7142386698092961
sub-14094	0.4473387173068915	0.3648325831760929	0.2964466874931844	0.4023711537790301	0.3458251178568967	0.1701771603670165	0.2127086305797265	0.5200371903069391	0.227741088965575	0.1127755301219135	0.3673839417347174	0.164161519245235	0.2308447812737371	0.3496066658679079	0.2276241106285517	0.2275668488450841	0.2998392209971915	0.2130536310165883	0.1814750086942134	0.4109984926516458	0.3681797181292174	0.4730169280101737	0.3842677630014427	0.4046096310101542	0.3668443275451938	0.5408202004339999	0.1861427178109252	0.3615270350338016	0.4125137415123773	0.2968633744023601	0.3893556300069137	0.4558124731230977	0.4803311721355356	0.2549532251022866	0.2752365039820565	0.1938197203498103	0.2719153597458635	0.3492564934884885	0.3455287361808556	0.2143057777189441	0.2569733370700499	0.314557009093838	0.5078369599312713	0.236414158557052	0.1291735283922444	0.5425616210674853	0.1417867136416782	0.2747135946260131	0.4039411655625013	0.256869539516699	0.215213699811575	0.2724157629649933	0.1717510554045233	0.1394078671294609	0.3670701371780366	0.2651944492334763	0.2779722389483912	0.4158245759455743	0.2173887333771447	0.3653498148251106	0.1032782346567535	0.6161362341175893	0.206489996853813	0.3289878863945596	0.4722131499401419	0.3325960803274682	0.20625504957106	0.2951336584514984	0.0939409355508824	0.089437281755698	0.386112538969911	0.2643328725259011	0.2846404088790099	0.3519629580459217	0.295572411631611	0.1491956795340857	0.3370898819436025	0.232872645980091	0.1620687733611822	0.2124400432838067	0.2214099299458746	0.2773561218214578	0.1446056417408223	0.2604265867316753	0.0464365133532863	0.3017195315045567	0.0876508620810407	0.4446252676201765	0.1330836917845631	0.1498363085914294	0.3228445960810451	0.1672138961774198	0.2053364164315342	0.2798819462144642	0.1973025102017597	0.5557317977007684	0.4246698966937611	0.4784551755766986	0.158190377445717	0.4927190376400333	0.282140977926693	0.2983274890071329	0.3271722098680356	0.404521594364929	0.3267243846244225	0.3858726204437257	0.3006599865466677	0.4109561741077226	0.3965347172881917	0.3476955063855436	0.3002093471058739	0.1731785541918759	0.3384230510276417	0.2974619422714142	0.4121374176268066	0.5472126569859408	0.3109207605588235	0.6787543454255306	0.3671501233892384	0.5018197079594057	0.1978366860787271	0.295055288411519	0.1122076871416535	0.1258251791789451	0.1825588971350837	0.3794038114495591	0.5117186461736261	0.2684445551110825	0.460120101558739	0.4679517595180091	0.4566262449175139	0.2686805171549011	0.2988566594123489	0.2704607132734325	0.3855176513995572	-0.0370409320659876	0.232438343598057	0.0133832476471082	0.1041554265994368	0.1116024367185293	0.1145430085721355	0.0601503939821179	0.1730725135510675	0.0957205217838415	0.0957221920421359	0.405062070587704	0.4862374807759907	0.5671522963421637	0.4673037842135418	0.6967180013627512	0.1378655316002363	0.1455460168307314	0.0453206816941031	0.117698230551436	0.3401321962443374	0.5560596037033664	0.7028812343740357	0.5695897895952473	0.1979706803866929	0.3928276037193643	0.1335545688124484	0.2086240704915521	0.2613101713704717	0.4023261596821816	0.5031807648632758	0.1854270315970625	0.1511631226306332	0.0728602819778779	-0.0190025035274996	0.4161973340708048	0.6139368939134096	0.1756404006564441	0.299841034444445	0.0971757675959166	0.1426533441212485	0.6817598158728295	0.198961857857738	0.3235122768401518	0.1026640529397377	0.2688552769917424	0.226577433228925	0.2962569951490663	0.1007092654996911	0.2351945867987775	0.5395061939856831	0.6356371700632847	0.223600013121987	0.6117935725363263	0.32230923028319	0.2429411543005886
sub-14098	0.5824381049580726	0.3376420150723905	-0.2901132229377678	0.2130151394930684	0.3923694470401351	0.2196259888622632	0.2761819651622448	0.528885086936714	0.2630986497276413	0.3320721024861899	0.4625411432212555	0.1447345662011135	0.2641989753030528	0.3559904691023594	0.1672251469740318	0.3819401781859805	0.2195429238605722	0.2368435507059963	0.3425032463971687	0.5325495460760499	0.28212734922696	0.4037410157213694	0.3171156725753964	0.2176754735723003	0.4184702604468441	0.7919069611426258	0.4965175967328339	0.1006995396605366	0.6512292929459886	0.0278780576678886	0.7174466524621357	0.4803231170736819	0.1379357140311816	0.6165091660647918	0.36885862785618	0.5373786839498556	0.564299449105152	0.2100603393014906	0.7682094057867908	0.3026991010887677	0.048199331242757	0.4723309292850493	0.7582285879503879	0.3847311247243192	0.249786139702082	0.6810357558807237	0.1798879002120209	0.3621579020254023	0.487563379522847	0.3487813195303405	0.6203754145232642	0.5616742825839218	0.4010293285232263	0.6226210801249535	0.3872260190287869	0.080785838713517	0.3215940189078388	0.3931167824498985	0.1875785792126015	0.6307900802059077	-0.3144068891152864	0.3205096691661319	-0.2235139052087199	0.2689570718970955	0.144165803098462	-0.0799783452534197	0.1219401095473455	0.1225801528374616	0.6055282196095965	0.0454204632223764	0.0760212150356949	0.0519693391818324	0.3354939495016673	0.5714013359866018	0.5098590262680073	0.1977638264490029	0.6716698993162371	0.2584037319375086	0.1430190990119597	0.3474095624762752	0.3293864056635821	0.4431771709615447	0.7082141740854275	0.2769345910560785	0.4341391805847454	-0.0741087373567778	0.1966390686800438	0.369935569161226	0.18478773273532	0.1310012469673312	0.2435664649330446	0.0322661509221336	0.1947948150191097	0.3458304016565943	0.1262416264757051	0.3985513344704836	-0.1968369328297511	0.6642082509646434	0.1777212190893145	0.6473482138572209	0.0206027895122414	0.5765101747849056	0.1088964377536611	0.2139423514667517	-0.1238702313305664	0.3070864111601686	0.3337590025310964	0.0534391099591375	-0.1193197676179148	0.0043169339576441	0.2074664835233655	0.0238629382370064	0.3812350317519986	0.5957091002608508	0.1260313147847761	0.4673146685525793	-0.104856500144543	0.518519727566583	0.547021256824205	0.222498254464121	0.2369691299007624	0.2561152042325977	0.5056111559970797	0.4693933719982717	0.4541532027045791	0.0825800942295784	0.6833098587343022	0.0356627131107973	0.5415887951657417	0.3916814265438756	0.148924281525665	0.6727907925223661	0.4662579085216917	0.4907964274916483	0.709192687736872	-0.0482453047817026	0.5999313296034996	-0.1396592712779276	0.3429875774859117	0.3645975562678994	0.0911430549379464	0.2631284313929733	0.3077603452543054	0.583676335114403	0.281406877059501	0.1439972271307321	0.765594163071065	0.0862719896987794	0.3782882231643211	0.753618266370429	0.4360470407735176	0.2163680717632746	-0.0788073278311175	0.1369487803301392	0.09494537337233	0.3337923372317216	0.5249636562804166	0.286264597166237	0.5591185143506372	0.5369822058983825	0.466400567094492	0.5324903667039123	-0.0971481191359951	0.221408131114231	0.7232860368501433	0.3860080318747753	0.2777594971778865	-0.169901538180799	0.0173647771551621	0.3689939890508726	0.1086858503444131	0.4132678739700959	0.1917962051109272	0.392585141704731	0.5094559595032242	0.4507583490676894	0.4593527133827085	0.1321949040629757	0.448004191208703	0.4550745613299743	0.4909767269982422	0.3110299461741299	0.0826689261581148	0.2022579479083364	0.3845505675546611	0.4434463986216749	0.6171990310849558	0.0042258971189021	0.4531833277947332	0.298612851881632
sub-14110	0.3740381748290568	0.3884275264427393	0.2349152259633581	0.5133225372706818	0.2853955721721615	0.3764708173466091	0.4851682861312801	0.6780673950289833	0.2506769205448991	0.3006980837150748	0.2102163603452237	0.4096200736517185	0.3805752670403267	0.4186165748815844	0.3700284012036857	0.4223987574079932	0.4064280876997085	0.4642772949156242	0.310541862015026	0.50473471969344	0.3195211446889876	0.4862858463036329	0.170150526396044	0.5387923912068363	0.5311452995100495	0.1816399000215154	0.6990575477194076	0.3424970520938325	0.3681406396259787	0.3367686795957531	0.3332192906922054	0.3527624563800016	0.3321208585251075	0.2798350068540793	0.1499733793070343	0.2708793912857129	0.1387229889003026	0.5669282118033486	0.629236292132814	0.320756094218603	0.2719764180681172	0.7050964300833202	0.4506135997810696	0.4577125430798759	0.0988373673912363	0.7315489353016494	-0.0414884638296806	0.0006857435667556	0.2955826348421441	0.0504653511311964	0.3963664579765397	0.0937404977624053	0.4071539839813681	0.4057416083201006	0.6435792302289535	0.5390758234381666	0.3469967454264048	0.6209402511081787	0.1950032898481093	0.4911108759460707	0.1212448712596423	0.6071079790648477	0.0053945687068855	0.0102696770950548	0.1944518890657044	0.1464003946064793	0.5872629617160066	0.1534123726894326	0.4225682483182398	0.4921141523610881	0.6137146745012665	0.5176366684302004	0.7108836959899358	0.5790231894366765	0.4294108706846222	0.3683668329648308	0.6103875832532355	0.2488113962580717	0.2500324958975176	0.4217467782870941	0.3916795094218074	0.627887283123033	0.3699887945212967	0.5108449950659927	0.4567171074127155	0.471339136365079	0.5782386853761977	0.3029606755482629	0.3723848237276889	0.2251946746514422	0.4945769642456739	0.2189998652720095	0.3146724401207986	0.288187951456705	0.31635652431273	0.4412187658609048	0.1181684141465802	0.6701481705859198	0.3492909767065261	0.5946856392805338	0.3487162827615737	0.5763420448292317	0.5992936757043521	0.2758379096159626	0.3871735934698225	0.2270310634911768	0.3934547481597964	0.4774359836072314	0.5846593618934661	0.3776838358146646	0.3008944462437811	0.3778499428730809	0.4686909560022089	0.5767468446814542	0.295703040663316	0.6246408751191245	0.2346768738265747	0.1483168790856272	0.3029573531625261	0.358926393465157	0.5645952866876665	0.223473302498517	0.4771022244171132	0.447092680247911	0.0328652490588199	0.3438139321349447	0.2579343148600309	0.361558158720462	0.2737766635617364	0.5180831872732429	0.3769493148701058	0.5735921556453998	0.6508313754187037	0.4739917026121029	0.5318355857875214	0.2098562623560268	0.358701025654805	0.1959099364006696	0.0861075403228535	0.2938054265939647	0.2035205316659911	0.3318242103973055	0.0001864285283577	0.2529762010328495	0.1707599242155393	0.217613019709905	0.5990824057606757	0.2694288186599836	0.6809591624198938	0.7009591155686571	0.4652792645288625	0.4597243689351883	0.3145698109426774	0.3363535063836053	0.0272947990064507	0.0780679640480622	0.3176848780988398	0.186185574415869	0.4024864487564341	0.0244396450637549	0.5083284841441402	0.409621879889903	0.3694953911538946	0.679172439471914	0.7486824602160526	0.3221513154559665	0.5108612822926965	0.3403056141839114	0.2370956131099669	0.1874852192441889	0.4181793858580878	0.0498743389258204	0.2072625986549591	0.5901414211343294	0.0178927163906981	0.6635579608303125	0.4535902207097457	0.4961524476661482	0.4352950035483122	0.3976627763332677	0.3587427185555865	0.4898375981110592	0.3799063182007586	0.3130997256557047	0.5905492729413658	0.4029650490768603	0.7842935039524538	0.270735425131754	0.5056518788955386	0.389640327334201
sub-14112	0.4566964150940147	0.4516604596013907	0.4564475133918664	0.6164832489617194	0.8317188988209913	0.5456705994276804	0.4965059380028742	0.7834936759178405	0.2099813285127058	0.6295312509209712	0.6137084323230436	0.7951126568758174	0.8217367165570719	0.4962774354544817	0.8503752193251644	0.5733073301219361	0.8078787440352516	0.7287609130135643	0.713412765815938	0.4404027084353321	0.2699210421964602	0.6688930603234876	0.4564333814611691	0.8779949352304135	0.6090112992317345	0.6336708036236034	0.8758660145909996	0.88413397644854	0.5673462569479699	0.5705230691122406	0.6330224963426617	0.659857414509436	0.6375745877938598	0.0412864932262178	0.639108293654055	0.4339959509128596	0.6520888688344992	0.3301374031308003	0.4602976402284914	0.3789049912725458	0.3351919538276269	0.4947894318288946	0.7064870934993716	0.3154729891751668	0.4573578510045086	0.4085759015864207	0.2938671294410249	0.4477075687551189	0.2043815868633468	0.436467308710009	0.1234200094750611	0.4376161395654553	0.5012444802668571	0.5179344558143807	0.4325630963480378	0.4303566220501719	0.3828361585983038	0.6484720036384076	0.475563078265314	0.131480949209388	0.3037921119901084	0.4519695098329508	0.3745474496367066	0.4112239841148331	0.263901403674227	0.4065213315549944	0.3968978931668227	0.4265394313089322	0.3906639224136085	0.3844319274979565	0.5830988875913342	0.6579195018983254	0.4658241688905493	0.6388939480743221	0.626348449607043	0.6794107269117489	0.663431948318208	0.5719050817079181	0.6183807318885011	0.5376013675203066	0.6510598780277673	0.2245876011163703	0.6442739484098012	0.4936844293375363	0.6096873122844236	0.5890081088977998	0.4965658729316627	0.7193279289213624	0.191211689747744	0.6087254885118853	0.5496368750336522	0.7264419507474248	0.7573827392661819	0.5166270008028071	0.8460124124626768	0.741704052197495	0.8773185250691101	0.7736445510219245	0.7488970880419106	0.6729560505804245	0.6686559093416219	0.7425929923680473	0.8340040835567184	0.576523423314406	0.6845461077959107	0.7091992828250069	0.7318200030885454	0.7298203905352928	0.2933708353175782	0.7049065258642516	0.5038787445919025	0.6452346515725242	0.7304575524069997	0.3681055579684013	0.6008607291912502	0.5939259988814761	0.5805115516637257	0.6198910977817446	0.4317250638262249	0.6181053102095626	0.4113852684204962	0.5214356664185273	0.4538502440458916	0.5224913700494886	0.3787043676586774	0.6847026993485108	0.5979923185885541	0.710677068961098	0.8243061248454879	0.4487472838952098	0.8082707389887258	0.5010526650913518	0.7474544826575069	0.7455042902047555	0.7776151263891056	0.7261890524255976	0.4131732564661144	0.3077078193143335	0.3668648132943215	0.5135742620137441	0.361077163302908	-0.2574312524102973	0.426482806893854	0.2057353247886474	0.4357978199488893	0.6451530951340657	0.7534589704280303	0.7844331234981713	0.7518581322366504	0.8140009169300247	0.1838254459240585	0.7143109720597527	0.4853048955478862	0.6935334361780782	0.6124706068285432	0.5790142983530082	0.5536957075964228	0.6558840121662389	0.3128387203720223	0.5610981107455073	0.4273794908202881	0.4857470386021182	0.905694307035629	0.6837328448362088	0.9124826029562058	0.5721684010799589	0.7377495106424334	0.582162327572649	0.6191763653228073	0.6181491787623656	0.9173210161602504	0.5456519910474084	0.7956787946975434	0.6954485309756377	0.7284718883384738	0.658319335072997	0.2989512579966324	0.5758540414988964	0.2656419211106272	0.4396984260277072	0.5982127967968034	0.8495815253550291	0.7060297600128621	0.7432347620533292	0.6181815064316337	0.5802938269446886	0.3869191023852963	0.8260204984143241	0.7653022601287808	0.75324758189241
sub-14118	0.6152953188133318	0.4048964433159925	0.3082803966113809	0.6015905386667962	0.2632082127572738	0.2266588432574458	0.274244771529386	0.6410021747538186	0.3975926494244706	0.4214511775790411	0.5429781566902153	0.200317863274991	0.5327823809683664	0.4638302970084743	0.3769378928998009	0.448659102415974	0.3389056738711376	0.4868961540882907	0.3609351370079499	0.5903537432671071	0.3585508439020712	0.3378769349631375	0.3007890225877162	0.3302008076789322	0.5737084403562639	0.5808341915117757	0.4467776216058768	0.5909667643125265	0.4756587427802364	0.3234937877867339	0.6375233719932399	0.4770707293430011	0.3380297433825801	0.4781890074239965	0.2546944543268736	0.2653947883904146	0.3961431386228777	0.4466627672006835	0.5147426698850551	0.2448436448502825	0.249800080479694	0.393081651903196	0.7181235678355947	0.3656770750122162	0.3679966378093469	0.3464219929327863	0.2996022075437981	0.4064314678252093	0.4180198347166506	0.3821033185677194	0.2954600840162116	0.4262946237883123	0.3722998738229994	0.3731014490264837	0.5024000294168043	0.2709757815584432	-0.0456619992808501	0.1906773263587251	0.3721700656332039	0.1405697154504167	0.1874169554877152	0.1170459295482326	0.2032399837730188	0.1400196253876286	0.2041142724930758	0.3280511955214938	-0.0003044118944192	0.5511095009844865	0.5401555682230088	0.2390444326898714	0.0422970686881	0.1410296642622596	0.1760155079931928	0.6502380989720545	0.4168775551562717	0.1122800850159717	0.6061848448378909	0.2121644039024673	0.1582859154179454	0.4487975943590363	0.2683190089988628	0.3967709120208053	0.4574275203584021	0.5517384510258047	0.3198549752209368	-0.0149615071698514	-0.0046628864691972	0.2070206772946849	0.0922484730512802	0.2677043739270732	0.0902077101342459	-0.1085725223676857	0.0935132891113156	0.1747409547353355	0.0959355984856826	0.0670065521525072	0.0282807892532501	0.3567393520263848	0.2203639552375645	0.7325140974530707	0.3101813209384664	0.6106370574413296	0.4749410596410171	0.1944011336516579	0.1905395436003462	0.1960662681541374	0.3584672969074843	0.1196194838897451	0.5494854247861892	0.2242203194328855	-0.181015496003755	0.2069113909894989	0.3732987751376068	0.6248254427589081	0.4361580137143456	0.281440965335133	0.3514735941382485	0.3150864184513823	0.3489692246064187	0.1567464375707694	0.465910486875705	0.2871305891092404	-0.089294087578628	0.3285442793181063	0.4135839626665785	0.3483428579128831	0.4415580382217063	0.3542372196490373	0.528973186444368	0.6385713897137404	0.482011271975145	0.3792045529916018	0.4668683022618261	0.4848887960395185	0.4297010655282193	0.4788753396248603	0.4857385120469544	0.1950096796867311	0.2105979174293157	0.5013986848013171	0.054405478633088	0.7089239199279804	0.5017713816783378	0.2104412948076113	0.4233254565809489	0.1968224420322001	0.3034034148081801	0.396102951118522	0.3698782502955063	0.3031374519950285	0.3245225569872609	0.2121771779774257	0.0207716625764699	0.2443194087179404	0.0874328902548815	0.3715416906252495	0.3632537830427163	0.2111896356153945	0.5469742660146838	0.1362335006645548	0.3376485400166214	0.3183093155031299	0.2750932836066075	0.5734270964727106	0.6007832907995321	0.1456932694976634	0.4309635403939079	0.1395580228907284	0.2464365873707859	0.374614674795889	0.5795997846523223	0.2244304050600944	0.2218809307284908	0.2159376010173062	0.3536012011411245	0.5089927810469774	0.4161404584773175	0.4934897831995151	0.4624981496019987	0.4823707096149897	0.0766652418078573	0.3773940355848545	0.3055932688154573	0.3113589513413741	0.3527398928379997	0.1766060570523776	0.4359152998314533	0.6152691561288611	0.5051138201525897	0.3989130065458965
sub-14120	0.5386976942504633	0.4852865108401403	0.3145873444371326	0.541210570548214	0.2405619792821305	0.1498161149626548	0.1550317228403811	0.6509638528749951	0.1584226355059437	0.5187840973136031	0.600813307189275	0.3986093031681978	0.7018619461722994	0.3235210681528794	0.5489141630072369	0.1107228075144488	0.1147940623609462	0.1649151631006884	0.057154707756382	0.5509947117190748	0.2905924771420388	0.555266310347416	0.471830327753615	0.5462102539822032	0.3522196346795197	0.5942444544794948	0.3410428333985585	0.7071413262165553	0.7495876843669356	0.5535536373692168	0.7684605003518469	0.464030874109698	0.8095253662323812	0.343617726500453	0.2833940159036139	0.3268054313689392	0.3789650754831066	0.6772227804369058	0.4692036159912873	0.3882323108890473	0.3361850418800228	0.3672464532072622	0.7608953109748438	0.3406765324672435	0.4474567241923554	0.5684205063227525	0.400793644639761	0.4859906521672776	0.2878374743689378	0.4299067136231503	0.4036154479602366	0.3541426501694874	0.3501783560003432	0.4886756410307267	0.3741148835222667	0.5445014098862222	0.4502391269722972	0.6889414402192973	0.5893573471513107	0.6123053554575486	0.0650915393951739	0.4084286472206718	0.1592394859862059	0.2847713894771293	0.2697478334021018	0.1756636265014944	0.5024411863824758	0.515685007447852	0.2560008709421478	0.4747245633274926	0.4572673820026634	0.3357103893563657	0.3376176291070448	0.6129286063631918	0.3576886012289755	0.2625151121951441	0.6083477570140335	0.1067604501185348	0.5651817637062794	0.2430073979970847	0.4865200773592538	0.1143707513225655	0.1895253899555306	0.0191579896849541	0.0712558883324874	0.7468434214861326	0.6108447316246348	0.3499559479694684	0.6672994555503803	0.2001277097910561	0.268860582113587	0.3301219231447206	0.3262865784417031	0.5053213647912129	0.2685167886799424	0.5579803150143731	0.6352002884164958	0.4240781246554626	0.5372417542075806	0.7645592764512001	0.292885800043975	0.6134848924577164	0.2009223539048483	0.3709392982606068	0.4072028492260428	0.4621270806945076	0.5793230349576988	0.4546529013325618	0.6105363283175909	0.7811782015564909	0.2751552589401879	0.6138154364460708	0.3935366780860634	0.7615068970094651	-0.1085892089283393	0.3575949023132029	0.1148415268848155	0.3144052119490799	0.4384036414955831	0.2665312172795921	0.5861672442544493	0.7010893570586721	0.0614984552015235	0.5146201603865679	0.3401186646628764	0.3941156638323099	0.6587735156817285	0.2984304098691401	0.6095955641383513	0.3032267528950873	0.5783596026259707	0.1748374666239722	0.145214208162015	0.1465809804830619	0.198106046619596	-0.092644070307063	0.3236974683107784	0.0202113855526043	0.2754349010682798	0.3159028907582081	0.1396991826831825	0.541954454548731	0.515374469835593	0.2229769956944042	0.4075915395535516	0.4773979233404939	0.8029477607985027	0.590303960464273	0.2327134581731061	0.6993485325948778	0.1984660157037767	0.0717417207444188	0.2673413690650043	0.2601825222634804	0.356179650215258	0.7483245145911036	0.3201131203317313	0.6644347000463852	0.271557788172371	0.2245142673459136	0.1349972941342828	0.2162642372222935	0.4527732019869933	0.4707981636457256	0.5783919318212505	0.3815355104124925	0.338918179951659	0.4144273062711651	0.410792014459432	0.2699783786936569	0.7991149517897508	0.3070836399110697	0.3082046638598805	0.1197898922813783	0.2822146408136937	0.364775536908041	0.2695136578007651	0.4661135175531507	0.3309059766284015	0.3497864496939629	0.1500824555761829	0.1767261296045239	0.0707981172759535	0.1799136171724481	0.8299440392844798	0.3788726165339991	0.8508395850193964	0.3177321197995443	0.7833154808398458	0.419479186953159
sub-14129	0.812129871564388	0.5490811271548128	0.1340569425679955	0.5273328510369646	0.3818197605667692	0.6978855268995052	0.2895977257688286	0.8256552611342359	0.4201830991168307	0.736747283190373	0.2192756446968063	0.88266706858114	0.680783898174999	0.6572283342625003	0.8266580807765416	0.5921017824870182	0.4329876788420434	0.1704558513109686	0.8130076294713087	0.5863312588882971	0.1430680480485776	0.7788404438425658	0.549442400115023	0.7015196683023894	0.3382897282654639	0.7690390679463582	0.66294427660592	0.7566527834842176	0.5592422350077482	0.7366297086504165	0.6622974782038563	0.7857911573830763	0.7452336148857377	0.4662309720318157	0.5762956160377658	0.4507910045082283	0.6910324700559072	0.2619501870291757	0.5393970148457775	0.4362568140657629	0.3937761712921275	0.287882886806089	0.6165414165279666	0.3550854428053214	0.3909756994899924	0.4000928005654829	0.5087571616605324	0.4669616571059524	0.4098653990198688	0.4046761611492898	0.3180062204024538	0.326072250593402	0.2445118373526416	0.4255540764124467	0.1899011810642024	0.0640544018600285	0.0637141160512173	0.1466756931865259	0.2034765560291016	0.1028889477208332	0.0889171151152241	0.1574244527059178	0.0704154125228505	0.1518980774880679	0.1870780998983998	0.1066795868556867	0.1147728706474235	0.0839347970902183	0.1168200001632178	0.0996395464009748	0.6364554107478371	0.4410434088976715	0.3108060436267174	0.5553565059756844	0.6965515202723803	0.527848368318301	0.630792732718917	0.4707243479293022	0.3656299043849857	0.7144423836963628	0.469928640292222	0.4860560001189543	0.7570913824125105	0.6285738728749984	0.4782775267251293	0.3566071095916248	0.3578731135563405	0.4633311593838579	0.520199131990182	0.3423676214012292	0.4682485592824272	0.2600834775576192	0.2448175411246811	0.4714799796663939	0.3030735731872685	0.4067745774916148	0.582989574435791	0.5202370975723806	0.3266077129017038	0.425732114883133	0.7792362309556371	0.5394909700693585	0.8779409201468026	0.1898196304900063	0.7188719774547683	0.5755357138609971	0.6952753964859893	0.8215423620180857	0.4028447321960907	0.2451700319070992	0.226538814446633	0.8038589490711755	0.3920091281183471	0.3411248675058545	0.2491479860240333	0.3179013565237628	0.1550259803631062	0.4147773016536512	0.2177910574324967	0.2210681204293131	0.3486189523532618	0.2790124544285756	0.3319299979874912	0.2658968979615441	0.530345746625706	0.7384275286143464	0.2650832021118867	0.7823692486469591	0.6632638936177087	0.7247853026883379	0.8003222556418617	0.5372204599719737	0.3754456213586047	0.2844877431518651	0.8065129607290549	0.5329327481383773	0.3909583969358155	0.3408337936033269	0.2329779435883792	0.6313956155228289	0.5065863115923728	0.4478684124192595	0.603027873031315	0.5338070337235596	0.4980780022076561	0.1828776706994423	0.7851926573276701	0.5536898945314783	0.8163334606338835	0.8657283416730465	0.4404127291021195	0.3690464411812963	0.2324158123322086	0.7867219319092413	0.1874490780785676	0.3023895501484673	0.3711072875940559	0.0817163610055055	0.1376064611144798	0.4284063055680822	0.6070724312857623	0.0870585075294262	0.6925020693318028	0.6716817904640686	0.8578319422254085	0.5310643748439418	0.3268978005425658	0.1227292878223411	0.831724739556788	0.4210416991349465	0.5686117077783451	0.2965651940259843	0.1705803473371627	0.1182939793370072	0.600624541482588	0.7464427573856162	0.5028640190909508	0.5613793587747675	0.4418798335481046	0.667039194499876	0.5153755323378657	0.3477274072748406	0.123430906818962	0.8819880378074363	0.6477816837756084	0.1902637657711021	0.5799173877698995	0.5512579999526991	0.3394787166907673	0.107013135853328
sub-14132	0.6612444492703866	0.6997201816724937	0.388725763637025	0.7941077763472757	0.455793513056156	0.4000673207860615	0.3024520013048564	0.7607752110648598	0.8071869189210563	0.1077954751984083	0.2694462060797209	0.0216300208162191	0.6182995391176453	-0.0346260153501496	0.4239244117922985	0.4855908518445064	0.6193901067457821	0.372687147512044	0.4711735434232117	0.7189050939450954	0.1171482091839612	0.695092208465205	0.4262688012383027	0.5075617863884939	0.6497868606588284	0.6609445847713656	0.7877773323610936	0.1061036540521603	0.4904028902251415	0.0385843405296306	0.5170973067179562	0.2383954701128757	0.5779105859660699	0.4488053428735034	0.7227109326891	0.6386564454957989	0.5396447925244539	0.1223176347886921	0.8630764986346044	0.6603778984086939	0.381675485835922	0.3120521158188165	0.8016680189750789	0.7573626256104821	-0.0315413478092594	0.4488758806398805	-0.1974350973277458	0.4420321556030064	0.2064000161326875	0.4195303337036489	0.5715794955976021	0.7782252656199137	0.578505318427648	0.7281950398074838	0.3235578928016181	0.0834210840975913	0.0791186004825136	0.2065228109192909	0.2840628360464559	0.154729903619866	0.1798044064162905	-0.0723241056833137	0.0904119522806448	0.4604525382878109	-0.1014752013652903	0.1515037212452738	0.223348633185533	0.0480531504343057	-0.1452056014265676	-0.0956535373829477	0.6456715288148842	0.332449703745644	0.3385891855494459	0.8321604014804292	0.7855116268034036	0.1002558061887211	0.3860922505110095	-0.1589317678635217	0.5878977767525115	0.1190079054754401	0.375233224761377	0.614841651085221	0.774031435397162	0.5807712204442029	0.671176958611341	0.1825442554515264	0.0779017010694841	0.4831581480056018	0.5531114392419455	-0.0595869940534254	0.3995781409552987	-0.1457349897631723	0.1228460948822996	0.0892322636155864	0.1568349175749411	0.3387051650200311	0.6066376234237114	0.4304738647275283	0.4352171777913416	0.3248342950408424	0.3362068175752516	0.4612763813869743	0.0995194515312224	0.2469692985694951	0.0362580562125722	0.4191189922054081	-0.3439443893835058	0.2533984074604767	0.4155607079573374	0.3780504604194887	0.1800740527686758	0.2740461655742513	0.3294295903823334	0.45218555850922	0.3215025456113742	0.4481350798777857	0.1801600588727258	0.4234742804332355	0.2922719537148028	0.2939442108424581	0.4614430865683069	0.4677491447926551	0.5120162273767003	0.2159620203186883	0.6890093956903168	0.0749884310432559	0.2948248740919447	-0.2978677065983445	0.7120407304729528	0.1916520778542306	0.567878812122735	0.6820377929301306	0.7443547212793734	0.4203987033157979	0.6254399624934034	0.1014885654323003	0.3971193486763416	-0.0534077125221079	0.4770191566477476	0.2055955791324466	0.5062253761717662	0.5945691299187187	0.8217679669603978	0.6395926859639501	0.6050511927578628	-0.03023011972716	0.191113076028671	0.2297190556125567	0.0724430014349881	0.209661192704892	0.1304084346008599	0.1110566570664904	0.1600126382137132	0.2228810026271171	0.1398630649513638	0.1852717298348811	0.157230218228432	0.1984075588866983	0.3000797100343086	0.4842071289548723	0.5239675971568769	0.3501733086496404	-0.0524372668145358	-0.1220758913979725	-0.1370000158875143	-0.2592380999953581	-0.1426107754462309	0.039839003134278	-0.2230187680104985	0.0471305033078562	0.4188815607981444	0.5952538206472346	0.4683755408428361	0.2341849012500364	0.2686583692082972	0.3238481268810481	0.1218591876959404	0.3141941867038226	0.4712234489846053	0.2450380718643886	0.3029902641398008	0.5265387489421927	0.3361919718774659	0.4345918070689789	0.7115290784118582	0.4417407302541097	0.4638123995703183	0.7794962692398355	0.7026914329849034	0.5339304412299921
sub-14136	0.5632939773608419	0.2828811026611645	-0.2166357035234562	0.1153096658623535	-0.225647891740141	0.552195060789928	0.3131666060984873	-0.105749693346224	0.3232025814825821	0.2988369727420842	0.2671047117001768	0.3831210234310774	0.2414006423791331	0.3248753450885863	0.3991216012077264	-0.1665119257870397	0.3557083629344005	0.2115269490460477	0.4358414494238656	0.5659102170067085	-0.1505139391715501	0.6826605792413051	-0.1371474243853787	0.8306350802019774	0.4498826906243575	0.4420262451389034	0.2330133121358177	0.5140433253434873	0.6387594881093275	0.6429362397394762	0.5531148810539424	0.6215327780455685	0.6967516297253372	0.2199853855487278	0.5519723282679283	-0.2433463539221832	0.6741104383563989	0.150375910961873	0.650185000133388	0.1908232568154772	0.3162471138162064	0.3868398631768422	0.6408309253831783	0.3477291137228201	0.3116649314795136	0.470995018571216	0.3375336012982995	0.4301142817732487	0.393824270977298	0.3418250317964432	0.3910341376006442	0.1185805410098512	-0.0736323014205417	0.3472206986312227	0.1415463672324863	0.3928740866952256	-0.2356713102174842	0.1090818951562078	0.0390861013019691	0.1510554901214461	-0.2316393344281412	0.074402522111668	-0.0677736580433069	0.1749743251180255	-0.3103148920259591	-0.1586064194815324	0.1822224418020307	-0.2286656545801323	0.3059968030275449	-0.2885886011554429	0.1825678579352765	0.4836839249564206	0.3476441079947963	0.7014263011032078	0.2090370184297313	0.4419945094063486	0.5743903512700078	0.4774680482837935	0.3669586389564034	0.544844129876349	0.5080914751706076	0.5372840055896383	0.3996741788681122	-0.264899558846534	0.5649673979428663	-0.1703703267831429	0.224904411170959	-0.0098167751442	0.3745179454939835	-0.0557021847409644	0.1041931374234065	-0.1118848199973582	-0.1110681218979705	-0.3642107306540718	-0.2891165459376021	0.4021940173562324	-0.315657642021444	0.4946181443969051	-0.1461759752928411	0.4333603845905172	0.2305887358076317	0.1828320212338232	0.5254604175607794	0.5897138653127743	0.5999702396368674	0.4573807104243245	0.5686211835094802	0.6130440354317668	0.1837075620251584	0.6158227447840904	-0.2358484353322353	0.6866452613241804	0.0531198413205345	0.6734406267055519	0.0258752639133161	0.3854838652704535	0.0290552874581432	0.1879034301544546	0.036620411063949	0.0394236408636807	0.2390507037679056	0.0976135472350184	0.1003050679221308	0.1812332644962892	-0.0393526062711104	0.4212336727116588	0.3768014919256519	0.3948340606214308	0.3930740600393373	0.6547222688516499	0.430033804639676	0.534288817893173	0.2727082139089326	-0.5704269224391234	0.4072025275745884	-0.2149114171149156	0.2256606875948155	-0.0741506315796775	0.0103096475798935	-0.1402580375124634	-0.2208425383402209	0.1410931218138302	-0.2060911087363038	0.4273724696495163	-0.0624385286164591	0.3166769323736509	0.5795918569006564	0.2349905625615385	0.7484887653154919	0.7664251077161329	0.5117759287313166	0.7042246839088192	-0.2799824736720909	0.7380761512817142	0.5669128655658122	0.4136272810414849	0.3310830475224947	0.3756613033914389	0.4199644995352175	0.3619469684664098	-0.0871818814254631	0.5069212702144319	0.3334888053175009	0.6081650920070008	0.6835254247388632	0.2900757659820149	0.5438000006628825	-0.1880350185274711	0.6519683659997887	0.3733835620683549	0.3858581680430836	0.157370474457548	0.3662103350460048	-0.2013657454062912	0.3016941919717918	0.7502971936822854	0.374280646909535	0.6803056526786623	-0.5632212763970644	0.7116461902488149	0.2813209792288876	0.7196471133860619	-0.3815399359453539	0.709520579778823	0.3382377421558216	-0.1173752481772365	0.3730385006396315	-0.3279362570749526	0.6384983112177641	-0.342860041932254
sub-14137	0.6077654541227787	0.6396059401440475	0.6068324960036854	0.3158006176257975	0.6313888796197941	0.3484065667896844	0.5776901335314841	0.5907545077242963	0.587047190551226	0.4024546210021394	0.6133290028196691	0.554115888086606	0.5629129597785548	0.5780872460128369	0.3913968684221418	0.4500872527892781	0.468284499617106	0.5774604162441097	0.3507143960562982	0.5875340187238997	0.3452297756520965	0.2372727289092434	0.5180026261650631	0.8126446333965729	0.3397252172196537	0.4997257198163065	0.5591877909862135	0.8864776752221488	0.3576576049111873	0.1913136336125256	0.8088513041926949	0.6332177700939174	0.8349051762290345	0.4268990357009727	0.4220135588069632	0.6389038901172569	0.4840060862587226	0.8570789935000214	0.6767679771786815	0.6971469040984996	0.4434906416103684	0.763014200439411	0.7949252029890409	0.6396357103504422	0.535484655672138	0.6901321553296065	0.257500422572657	0.6142273474291885	0.4196633737152965	0.3588432424704907	0.6933916371198333	0.6430032013600403	0.7620941465011575	0.5199173757804844	0.6485636799484862	0.6397443724811178	0.2350216075027746	0.8692330109394544	0.6614425485241757	0.678357965198505	0.2808286460933499	0.7017728233294505	0.4211208180522743	0.4348563447273435	0.3844245101280217	0.1263011751732663	0.6879245609918164	0.6315693379387898	0.647983034536519	0.518480388269083	0.4041221159135716	0.3976479661917192	0.5017595397036316	0.548009059421322	0.4744825718617693	0.2738467983612574	0.673961957259356	-0.0352392844752902	0.2309973978234341	0.2263488159021444	-0.005169279674519	0.6649536093788442	0.7219559417678098	0.5217711537710702	0.5145994520009705	0.3065737191928252	0.5566819486730786	0.5484811099517304	0.6595820974841907	0.4101258014571716	0.5180332600083569	0.3382205763456377	0.6329343950377343	0.583690287535928	0.3880813098294151	0.5420208382391666	0.3773643147269407	0.7447468397527094	0.4584286091688314	0.2092333359863488	0.3653266436645478	0.4098010088523077	0.8623925463269118	0.2771099668967522	-0.1372238814148953	0.5919141855990142	0.4382206799957441	0.6553688560021121	0.4300372725694768	0.4894034431026401	0.53944193729702	0.4931539456538652	0.6173591226980354	0.5992131249768115	0.225809315255373	0.7039741893670927	0.5356042469972747	0.42053245896678	0.3444523216783863	0.1475941797420984	0.6023689242248238	0.5298095407121403	0.553258397478949	0.4793682139686572	0.4987790558102762	0.4365898414257853	0.618978629533214	0.1874695842443001	0.5771304250762012	0.395013225139336	0.2780649232391568	0.578821958568621	0.507621722296687	0.6061076693193018	0.4232449620624953	0.3760482115724251	0.4593286030113464	0.5084948405119597	0.6512325756327773	0.7734653601276527	0.4303724163505952	0.7032562305644412	0.5849886421459832	0.667831510285599	0.582389301477077	0.2692196473849409	-0.019252238726065	0.7273745693474509	0.5036676593259296	0.799021636979279	0.3775862285226595	0.4088304871943531	0.642175270694004	0.4156142804029714	0.2837142942738412	0.3260948001563035	0.213324359635302	0.080601575465102	0.5152066091627122	0.552124422631121	0.5605481075704819	0.5382284620122079	0.3374392344011762	0.5430339953620406	0.2074465997324464	0.2484202152761161	0.1826727419946646	0.2742068206835476	0.1461419079494374	0.6844353598741489	0.8175784573294137	0.5077874971850966	0.3187439434376418	0.6671426899046705	0.4958283522534695	0.6024276339981559	0.4812923346811195	0.4393640567418829	0.6127919758263332	0.3419058239773045	0.2123219423608565	0.1241035150198127	0.4444359541114575	0.2747651740184928	0.7568209025662843	0.6308095647887112	0.8063472521005844	0.6614801394689959	0.604647395314659	0.5561997201475922
sub-14145	0.5262388761523351	0.343681246017153	0.3918277993484945	0.4389243317682362	0.2759910632085962	0.4890537053058365	0.343951195841599	0.456870903638814	0.3693567436823853	0.6066617663350204	0.2810558120020224	0.1623563192214648	0.5967562193804833	0.402066600792164	0.449663117310323	0.5951386703344848	0.5617315715639344	0.5938510707739589	0.5227996398120663	0.5871307428248378	0.6983500546036487	0.4955112610116112	0.3843990116575806	0.9266679158612072	0.8465239277925042	0.6811682058143805	0.309907623063105	0.8333067329211818	0.474876593035584	0.6184191068595822	0.7495264739185751	0.8253029767510401	0.7567229155908205	0.6721403387323996	0.6518721717826197	0.5629149830444903	0.8091146929469546	0.8512378578251317	0.841563883579883	0.7613227689067593	0.7135523746665299	0.7055864681302831	0.8568043190054041	0.6577880882931424	0.6282095043158586	0.9073330161885608	0.3803964571716042	0.5932678759225727	0.6706182939778418	0.5332742723578711	0.7540193502913476	0.7927589610269157	0.8000346839330982	0.7181000358573736	0.7411488938826626	0.6625024146414368	0.7553085807871234	0.7829589099925001	0.7367931522028548	0.5400230701905356	0.6924567097021589	0.6896429252521683	0.3567647096946361	0.6616987825771294	0.6782192568537962	0.5572188840032969	0.6885509690863438	0.7242064417886916	0.7236625198400752	0.704131399383103	0.8530546282402248	0.6121321892034233	0.6023212445848891	0.7975543982486017	0.676664504383086	0.6356609211678272	0.7938274933788818	0.2260665367234885	0.6534750347983757	0.5994802009473544	0.5260557792980362	0.7333644283614571	0.8169541976339518	0.8292022607022959	0.6202070035520897	0.5496620964527498	0.5237340178406233	0.7951272116442413	0.4804672808782095	0.5999221210570631	0.7031175615027494	0.2639522145771635	0.5757491135273477	0.543314864907117	0.6470502820369184	0.6210732496079624	0.7506527601896128	0.7566443559643548	0.5936759872070339	0.891530296541703	0.7819900054156661	0.4579114879767534	0.8772305635162352	0.6103611892047281	0.6623216883074653	0.8231640349059093	0.8635569164789647	0.7890327382703334	0.8155960586705726	0.798472863164543	0.7262288300056488	0.8829946760384354	0.7644073506356598	0.3877259030447492	0.7017255712821053	0.5695500456346271	0.5299694482497228	0.8216542243480823	0.822139454742729	0.646039372948095	0.7280042697864435	0.7257897584568707	0.5919072521924944	0.8521139201171413	0.5595984163617403	0.7061079239893724	0.7692955513401506	0.4373162802774907	0.7515921909695652	0.70397377112636	0.7192328394988327	0.8232887243014709	0.8627986404128234	0.7704387218557542	0.7750247840040692	0.4335915994194934	0.6256922970802139	0.1971735958514226	0.4315697099053222	0.3842100358273638	0.2535661354536235	0.6954402205012593	0.6686842210521187	0.7168610159863713	0.4606387540008629	0.564873831188995	0.5613063596847558	0.7676953481143162	0.8002852948886108	0.8413249591018561	0.727220544525573	0.7582935033303726	0.7470636218659443	0.7577157432400272	0.3596276810587436	0.5055026723152862	0.6482173130049647	0.4912843857911019	0.6936300192736496	0.7126735918742183	0.7287043569308523	0.6168197906272439	0.4856614625108081	0.610701022002693	0.6422860701119272	0.3874676234812176	0.3603568734182291	0.3198741176624037	0.5298707027378856	0.7659389296399639	0.6624418213295469	0.7851035436242286	0.8320545394010957	0.7337930839950124	0.8076466542668668	0.7127129737111109	0.6369720086642133	0.6583060706720496	0.6065434859388513	0.8263245975755594	0.6475423359922705	0.6582195807527566	0.583370581345778	0.7291883739587262	0.8938727646608382	0.8725656810371414	0.7750328066686849	0.9045240711612732	0.7621526565819817	0.6988870356087169
sub-14164	0.6752188335452534	0.449327988195966	0.2197081942876691	0.6472969813989103	0.2571031848718405	0.4179222155509411	0.1115371947414902	0.6721177496285322	0.2401836393901457	0.5633249938649929	0.4639309873746907	0.3700606356590489	0.6615756434328715	0.5560628014982142	0.5227155452047972	0.2561512301668809	0.6807744688664671	0.5943451073676992	0.5691783325808475	0.5817860749028034	0.4200249154275196	0.6931359099971257	0.3776766873850734	0.7014516923911457	0.3630360399873208	0.6515467858055451	0.4458025366355191	0.7646415818140485	0.6702054291464168	0.41105897259681	0.6689249798167375	0.7395458205847719	0.6632846136732249	0.5052625701188318	0.625410779699636	0.771793888477107	0.7344747246547692	0.5623367722747522	0.6052032555543744	0.3722901612650451	0.393104551409039	0.5650803879531213	0.6072481323523706	0.4311727238119862	0.5481843360227653	0.6546364595537284	0.2815938738401847	0.5217732960262634	0.4705174869387898	0.4507877259745641	0.3114443468319232	0.4922093052850656	0.5139311418402085	0.5424267451896689	0.4284747736522487	0.419429767262461	0.4212451601917613	0.6510428546241428	0.3032738200197737	0.5726145461702815	0.373495288378072	0.5553749499947521	0.2406302090841014	0.2744866726207051	0.4276585909697855	0.2795509636522086	0.2785789319027455	0.2548403756998337	0.4805908094773546	0.4029639177076641	0.5438014764742521	0.454898447312876	0.2011863569458448	0.8328829067965813	0.4789301605078631	0.7360722575166785	0.4692559099257972	0.536623916737378	0.7292350449413942	0.6759766500318304	0.5976103564596863	0.2563296581636392	0.7997814785424321	0.633790521318013	0.628644583971946	0.3068939321354492	0.3286343288583835	0.4411790029223539	0.5195572864933393	0.4507246686217499	0.276300980208456	0.2960998620737986	0.4392008186486014	0.3824869819708991	0.33660570279245	0.2244230410613884	0.4277982790122183	0.3704737428283414	0.3596014973188878	0.3479104013201144	0.3118467279690233	0.5474708351511501	0.5583757877381104	0.5285659289133343	0.1642857068467185	0.341210683635342	0.5162332677989235	0.2840899333104528	0.6721454231877225	0.4701982071493413	0.7133668450199752	0.6615723438573161	0.120271925650473	0.6014451404464449	0.2463839763085138	0.5284570780014138	0.0648455848936013	0.2134701558973766	0.2242027321757904	0.177637108043877	0.3605687339911613	0.1213928728527969	0.2532101061727916	0.2234309713029827	0.3262268776986918	0.7409303451322455	0.3741478329641606	0.5894398191074322	0.8265397625821308	0.6808383092662079	0.7543775977135958	0.1389843383946296	0.8160721998492205	0.5751296815142612	0.6093570958632192	0.4444442828897451	0.3985540742486867	0.2354762249672136	0.3523964994828197	0.4506424016049391	0.2885976988416509	0.3245886972143466	0.3986842852664148	0.4249568055855678	0.3687522463483413	0.3799314719531865	0.489367303337935	0.7672415006907052	0.7468948549741287	0.6983385083503213	0.3268338061859145	0.7197886596382883	0.6389125806003273	0.6952534023498775	0.1776473224972184	0.3428894326294012	0.4838445796345135	0.2894468162894623	0.4663052991513284	0.3466935956301393	0.6268582485101996	0.5239858089197842	0.5121891856154124	0.6405373553811603	0.6186383394850448	0.0334756297263626	0.4903450304745206	0.3251366265257824	0.328271206679121	0.5855137834291794	0.7058941783418041	0.1936176589856298	0.7776379488120729	0.5649860808385592	0.5979756211907685	0.7486550144225298	0.2623034244059696	0.6250191775758137	0.6394478187330511	0.5959138008419691	0.1749697678412658	0.6304745600308852	0.5033119969383144	0.5372905331736902	0.2986333591282245	0.5306622163136437	0.5421075370623192	0.6916948953188601	0.7000088726040429	0.820193419940921
sub-14168	0.7783398668223459	0.570893059948417	0.3877407466580823	0.2734593013513995	0.1542196427551064	0.5475845732040447	0.5206337546052963	0.6736995908899708	0.0160170234395884	0.4881885844642991	0.5214510080588484	0.3384136252064575	0.5918641084245465	0.5227990689961026	0.5613227792924759	0.3800080313600266	0.1083663119066607	0.5595578641801999	0.3301581297222973	0.4903234531521527	0.3295526097544421	0.1453550047735667	0.3661840346620935	0.7089418095252847	0.5305044630928469	0.7886581951982317	0.2204943783982916	0.5702253760505385	0.5800544495430899	0.3649697334307272	0.7466596597374016	0.5848945793724541	0.4951430429254012	0.2465835887246776	0.2304494526564647	0.512782279215729	0.5468987291175854	0.6310359820199485	0.5997030512871571	0.3906365291512525	0.3310723626716321	0.5882786311738254	0.7408835857240946	0.3410831604126689	0.5223326786948013	0.7131060969955167	0.4460553272884702	0.5071010085932829	0.4994261283931578	0.3944957861686702	0.4168497236888189	0.2073753393806992	0.5337550994312075	0.4187482083701895	0.5194873472071739	0.2549872343031472	0.2489363193232913	0.435596574331908	0.5231056133252684	0.1832978306189814	0.3587707393221004	0.457790602303019	0.2278329895797861	0.2954338390658406	0.4056987966007358	0.317797861238328	0.3128744969404442	0.1869201646820621	0.383214733587224	0.2496139177842319	0.3442710979108929	-0.0245375347405622	0.3772618957422555	0.4144274652016164	0.2802093115634376	0.2949366168184908	0.4475029178866744	0.1504977072169453	0.2608607957128416	0.284415158843748	0.331794842876258	0.4833098742700718	0.331022331185127	0.273393609200104	0.1837307739231202	0.2578008222768774	0.2912553408807361	0.3932383102240248	0.657131696505282	0.3652067902984798	0.4029732205733908	0.3296116412897118	0.3592729830258062	0.3986541195101015	0.0065858727442028	0.1424157820936908	0.4401782470374948	0.3013268733195564	0.4138042141733069	0.3686136297476698	0.6017681274863322	-0.0179146448077746	0.595172532603162	0.3929564235146017	0.3348197419454941	0.622637614636009	0.4673398815557253	0.5170565610301974	0.2978378159499382	0.3931928884816658	0.3340854697307645	0.308836322424404	0.6718951007368034	0.3043520992840989	0.5495470455904601	0.5175738952001965	0.4554333537340446	0.5459476697362246	0.4848636814806191	0.4606160385534362	0.3599981254043028	0.2437085175163803	0.5406986702920495	0.328724724930052	0.2824199036766004	0.6292843508563629	0.6702793030123619	0.4542811577624526	0.7217274178283133	0.5747309586431406	0.5734099712019525	0.4653171285622953	0.332588353252583	0.5714902552582993	0.5489325455941219	0.3254540486499233	0.2912374309670546	0.4201699664717779	0.2363157299577636	0.2515324511092468	-0.2967042045520838	-0.0044695962159111	0.1400727544997396	0.3889286467251417	0.5342057608436619	0.4906935492918243	0.6583374432013374	0.6553933698303869	0.6289867958334865	0.5766831890538358	0.518261720668463	0.3368397644415789	0.4476489099122194	0.5056229950964914	0.3776931585501326	0.5168251243447605	0.5815352474222666	0.4449255836466915	0.3783112862044406	0.1318328808422781	0.4979449859196115	0.4046532976394956	0.3747402531361313	0.5008661847481785	0.2695748854171728	0.2928281084154687	0.1073086176646252	0.4164244067498944	0.4351107945442534	0.5191723482568875	0.5240126682908702	0.4886452699069092	0.4164062127452033	0.477269653454935	0.4756436956900796	0.4879558487296098	0.4450094118606478	0.2357489234032152	0.4785109803932292	0.3557811928755524	0.6786982551226417	0.2382231886864569	0.3852336884517192	0.1867423117894626	0.4011182621241517	0.3661323157895182	0.2484289750308723	-0.0808976308400799	0.1032131254618186	0.4808807855162758
sub-14171	0.4786219040588655	0.3904598021865861	0.2199786629732912	0.1586243323834132	0.0904934073307889	0.3594119921082036	0.3073170594516166	0.4475232943309221	0.3147904045553234	0.6656049346036383	0.3569326328557945	0.3643656463574029	0.5508901767730314	0.6272154594247138	0.5096479621050345	0.1925449701674653	0.3008518064183511	0.5040266411962995	-0.2707836818752261	0.5654072386927727	0.2572374969867416	0.6699994174058147	0.5479445000685333	0.7720629070160022	0.4478531384115589	0.6020321777983257	0.2980759892625202	0.7355584402199179	0.5003741667207964	0.6783078699635319	0.745148396422534	0.7600576132034003	0.6388240449857103	0.2911713676418636	0.6682778952861732	0.6753988405523413	0.3250481554365602	0.5581992801590285	0.5731941190581522	0.5951586528438534	0.4607680495800175	0.4245371881021823	0.5634415172493218	0.523786252001744	0.5042771190358761	0.6986856391723887	0.3066474107873195	0.4524740316888742	0.5556600273616006	0.4385935737300088	0.2246319312493764	0.4907684750044325	0.6097923894135062	-0.01109241486497	0.3311618998064319	0.3990336014091498	0.3817735169349089	0.6894007776916706	0.5031834508615369	0.6161538963347262	0.4055316178867401	0.5629717741159747	0.1207115064708355	0.2918613992146499	0.2958302908643048	0.2859859289092103	0.2294254317285065	0.3259442625840204	0.3751409431199631	-0.290742103625871	0.6364013268139445	0.4586934527252118	0.3900142145256748	0.458420151203965	0.3781496083268358	0.522682275772235	0.5376451365499018	0.4051212035432907	0.4939889961117677	0.553643697200979	0.4724583696300891	0.2089469016127122	0.6408754047871961	0.6023078614672935	0.5674773081590951	0.6160523345593837	0.4498093076681848	0.5534125517259751	0.457138078938438	0.4116501080112217	0.4445791572917165	0.196156557565698	0.3057194699283846	0.4535192488735918	0.412730836421552	0.5094006986390766	0.5731520441461351	0.7021290474504357	0.1673270615638135	0.6282721438168507	0.5240532418333668	0.2899151642261055	0.7027884217913659	0.4256448604041727	0.6193506746707839	0.630094536092673	0.6340827092714096	0.6282048223530315	0.5868661172571003	0.6567531898896449	0.7283097558417161	0.1701395156492045	0.5816961911658328	0.3767479056983137	0.6241883531706	0.4647001903416298	0.3612323524410349	0.5102786502084258	0.5223147153749532	0.4727562963030881	0.4429291819008046	0.4313792005802606	0.5276656854821854	-0.1044047985056551	0.3339517913791711	0.6568079125144908	0.3206382831215036	0.3542891482560732	0.5019143389366867	0.6068465225080524	0.4323908758433046	0.4054026606923857	0.381748067823091	0.594482322839344	-0.1205409539119412	0.2815425629479262	0.6085219486812299	0.0191375118095526	0.2562820427493177	0.2619249173567939	0.2623257162224549	0.2077453207617795	0.3940059302639672	0.4245218575699289	-0.2571219293822252	0.3905230778852208	0.6307745267533998	0.7798179002367813	0.7781582251204194	0.7946296155499042	0.4477333286671747	0.6468221751575461	0.7138880690438058	0.161302899490533	0.3136507355688229	0.3620501804604866	0.5123607995304046	0.3454745246909346	0.1141090725455775	0.4283679378485757	0.4563102113765026	-0.0555952120728096	0.6659534746476273	0.5774210838954837	0.5939809116784642	0.359696875949677	0.4967713377020562	0.4689440247427406	0.277318895488381	0.6333160881534914	0.670881509121145	0.2957394859103621	0.6333256254413083	0.6073236816353396	0.247039528411597	0.7274621706496376	0.2905747420558121	0.5884626938947393	0.7640814330934029	0.1201182762672705	0.3883444138023785	0.6267236782377564	0.6831245300877444	0.2142024470307497	0.4118228415549946	0.5520693589979451	0.0395965245916337	0.7768240733888617	0.4021469728804416	0.1406054971357727
sub-14172	0.3321331781183096	0.4268189026931278	0.6576926273187685	0.5944159528077138	0.2934396721528888	0.1091154054256116	0.4233016289214539	0.3507899983735432	0.2186398152353009	0.3933606466214003	0.1594478976273501	0.1149106225382178	0.3418126025872997	0.2858097603712947	0.2099623606163744	0.4740798940848958	0.2942439713938453	0.2985659873266731	0.3013942375472566	-0.1770342571769781	0.2576878667244525	0.4770632290880398	0.7458462968330165	0.901928939964716	0.7563193350861477	-0.0267189063958119	0.8961099300648117	0.4777843750592353	0.8938177447903535	0.4874734787653588	0.5387692744164063	0.4471585096129489	-0.4829335258309046	0.6132919133305983	-0.3563928552878679	0.8891570085588497	0.2576651546823987	0.5851710594660787	0.419458163895884	0.0850380484882598	-0.1776109881079376	0.0825264630525803	0.7750409178682501	-0.2649539698150208	0.2493304530743682	-0.1502215642441419	-0.0173296742240021	0.0692401806546211	0.3578178820791772	0.6264031829161679	0.3055017782062545	0.6829029296703165	-0.1865028800099359	0.3536817350632785	0.6756687434273058	0.4743473023724905	0.2099473182806169	0.6794939072565715	0.4283479192840062	0.2545518440547301	0.4099620086914808	0.2200587654256988	0.2815738197534137	0.4721834263983979	0.3307789999105454	0.3047869506089795	0.6611651501577966	0.4949544318501911	0.1835084637032071	0.4622682835837872	0.6249558747126179	0.3765336636881374	0.7050081784468392	0.3640022387806618	0.467444600569059	0.2976073889264565	0.4800054259636084	0.2157557745298546	0.360743588137496	0.2979780046771297	0.0451704713328753	0.5478632160185736	0.2300115493099385	0.386673631215244	0.4216977924544022	0.7862341197296088	0.7732745604862953	0.172672355451473	0.7930673491464827	0.3970537653985271	0.799304096633554	0.3994901182422328	0.5640970614122527	0.2947325111988493	-0.3742196681801475	0.6459809640816884	-0.1925587425441883	0.749441919430809	0.4755031684644547	0.7520771664744487	0.0304808366275077	0.863474371731466	0.4335717146972603	0.9022577939874804	0.5198533594622906	0.5127824500739079	0.4138852558268911	-0.4248089485642198	0.6369551776178302	-0.3407261468461239	0.8442572157842735	0.3041591444754868	0.0963773017342857	0.7758253923799008	0.4266337624414807	0.7414949912060848	0.4476842524592876	0.6192907288664549	0.3418802562333659	-0.2172636418447684	0.7333984833839776	0.0079648887775171	0.6149523493045919	0.4061401144228061	-0.1736017724707473	0.1774076812946456	0.0273889089485	-0.0815640086327828	-0.0917444339705574	0.325815357843565	0.5217303348593647	0.3990200699154804	0.4191134353028071	-0.0045497323484209	0.4125507321034354	0.2883963552988908	0.897106639817498	0.4195873934813475	0.6487706791764317	0.1959760024897203	-0.5945705689858417	0.5360890103501893	-0.3973451806145519	0.8287850181615558	0.2244524672135637	0.2600538330874918	0.7830116873419876	0.297949591627593	0.7255191318043989	0.2068800396896515	0.5087011187692714	0.2173410131252191	0.3983151606087158	0.4163168027684075	0.3171054882790062	0.4958131690084245	0.2423193126960558	-0.5717422019105105	0.560178376521503	-0.437973396319819	0.8383816552701291	0.1948944238481914	0.3940689663472712	0.6417127269653489	0.0378975937830523	0.4067882530221715	0.0271984712400082	0.3889490803096606	0.3095876403569829	0.2623333527803922	-0.1865228214950584	0.4279166075762247	0.0290027828344053	0.4434477164515804	0.1196758234859211	0.3565017982088909	0.4828624190965631	0.2989095932280318	0.3394446615625532	0.3325874093202066	0.0785248038993888	0.8201050985844679	-0.489941051647374	0.2679678932700363	0.2158370060067605	0.6168255223198764	0.5010814954858079	-0.3164103086840235	0.3354653416646336	0.3024696488405851
sub-14181	0.6225303619495894	0.4832850954173654	0.2781289919430664	0.401340391324875	0.2562810123303614	0.3892319336225004	0.4512115180224588	0.6190322198302095	0.2913078928445989	0.4726086437466337	0.3590950023425314	0.3410128141492543	0.4205334240551079	0.3556043230518122	0.3975070378536142	0.2088983819423743	0.3379700621809517	0.3644996994108188	0.1839190767522652	0.7461924068998815	0.4814637463190097	0.5691729834735155	0.4458024196322592	0.823105925079329	0.8263033847897868	0.7635515805070348	0.5668628823459719	0.8803543273482306	0.7006900099044064	0.6940477188864778	0.8349908273267476	0.6769646641342614	0.7960760687891126	0.5051603260194893	0.7073834547546786	0.6740758046749424	0.4124057372816667	0.478092942918601	0.645548575351783	0.3705994658211732	0.5818133101113614	0.658497141491763	0.6705399491507446	0.5666868288680343	0.6166084208388458	0.7294639565793855	0.3309901279340165	0.6128939130841261	0.5279746224734592	0.495646203120981	0.5204201902298763	0.6768033136392786	0.621090139844245	0.3871361333748384	0.6836276454857174	0.4904357972687714	0.3846066768553747	0.6598517910467447	0.2766478886601744	0.5199102423372339	0.3394329917192898	0.6216903433459219	0.2932414247759097	0.5250501583573811	0.4043390450539504	0.4574822295893401	0.2852078048351291	0.493280128279655	0.3941348619243436	0.3049365512404778	0.6125979349359404	0.512955655441143	0.725698545426201	0.4456934088034572	0.7108134882902026	0.4847352240506207	0.7055234322593698	0.296351073534918	0.4940773229597001	0.5150947274285486	0.5092684630782549	0.4230454828394657	0.6584717585776979	0.6172255990524422	0.4081841843730953	0.4295258527191109	0.4682327022986013	0.5013133225752363	0.5820557219917954	0.3925275925153302	0.437313880613546	0.3222458447203773	0.3811214955474704	0.2926629788703519	0.376659749910718	0.284791263576842	0.5178620506772494	0.3290243291345134	0.4531315359195131	0.8115876634877452	0.5623629392757706	0.6890740605990695	0.9026828182772918	0.6979294020589838	0.7454872417557482	0.768869537584363	0.6542387980232485	0.7943920190120319	0.5916935368576457	0.7547588687600897	0.7585880303646828	0.4794597996528066	0.5429662209479665	0.6807246566468643	0.7754669815092421	0.8049797865176455	0.6380002785791403	0.8634969032941506	0.5927876389850077	0.7920387421351311	0.4538571223652795	0.6976114692008223	0.7091587201964304	0.3825713062861882	0.4396730059169677	0.6160727391643481	0.51333270036527	0.4380744360095844	0.5676560419328649	0.3463064600242733	0.5268314578518036	0.3386084283647201	0.5750453563641154	0.459313557473636	0.3059435312062469	0.5748278375501743	0.7332624223790284	0.4068670314216636	0.4834688282543412	0.4879063562823792	0.4660102292477836	0.3845736102907832	0.7667953578827442	0.7179577434030266	0.4136906041944103	0.6619077633185145	0.73819588991004	0.798480642012446	0.6936143169644728	0.8316965152416478	0.6019766191278325	0.7375157362103806	0.715795307657014	0.442922494814494	0.4487437571055603	0.6985762346681889	0.6260397276583151	0.5858700698936891	0.4426953407893496	0.7515190917155876	0.7768680750940739	0.335470940425467	0.7101267364060022	0.5472248227581532	0.7649436542732634	0.4644654548315264	0.5219936860472807	0.5090561346457502	0.322183936560601	0.5370821612113947	0.7876183539923091	0.4281855808887629	0.6151089259587422	0.5671375890047403	0.3078710995752665	0.6627721911868796	0.4910689136059836	0.6350825872343091	0.669121590202765	0.2988460068725538	0.5024883293481857	0.6411302655275183	0.6118665035424651	0.3454574544202461	0.615099916682971	0.6054056203314842	0.6531589119385068	0.8020212688541553	0.4107506107227481	0.4791165218131049
sub-14210	0.410269527738323	-0.4776002041390068	-0.1262742234258471	-0.0633217426384153	0.124210222668102	0.0433540195997729	0.057888662458252	0.3549985300689714	0.639140166536798	0.0683826995903936	0.0086663975354372	0.1390029664424225	0.2113958003319584	0.1129701514326435	0.1371488556593866	0.1655969699807692	0.1720444699757442	0.2722806226747346	0.2031953076231559	-0.2286670786295279	-0.177951182659053	-0.131155303743718	0.0628495033797562	0.3694517776874263	0.2938164246605436	0.1198169736547763	0.5378580443066261	0.1160268086438995	0.0200496263261153	0.2668387411679995	0.2840401637637297	0.1261907324421172	0.0653689835842269	0.1351870558452551	0.0629108869198598	0.1056085370117999	0.0779951677538216	0.3296779518762045	0.3291605691246922	0.1501470589269266	-0.0057715013211443	0.0400950131392304	0.1808375522048531	-0.2729858487509592	-0.0409970211315108	0.0327227320276296	0.0411163937343442	-0.040909981284395	0.0006139796882424	0.0242363984284234	-0.1654556506085127	-0.0828841187440826	-0.1644337001345472	-0.241493596189734	0.5232634430376769	0.0975864047921661	-0.008658411897405	0.2218389573658993	0.1762759854908838	-0.0626547125159345	0.1065449261631093	0.0524482544311374	0.111204775373637	0.127988482247212	0.033852689857153	0.191302840644504	0.0144317121101	-0.0323214516830583	-0.047361795901128	-0.1747104587395596	0.2850681296976688	0.0276573788568588	0.1405493563178282	0.4425711879106641	-0.0583885046059585	0.0608520928218175	0.2369202583834486	0.1900174530306801	0.1359690528166352	0.0833255376945037	0.0772206636575689	-0.120035033048167	0.0269485428495658	-0.068333682167915	-0.2755110911096117	-0.1163940547766678	0.0056867193630343	0.4846851360554385	0.1461139314318227	-0.0810542544691597	0.2153612229420883	0.0864239469501907	-0.0245867743948054	0.1915114849740126	0.193208666841026	0.1718248899584088	0.1566313603629648	0.1355141174539815	-0.1948186894539347	0.4899745282881889	-0.0354883155925049	0.2688155211672928	0.4048705973316323	-0.0459947300826877	0.4673687349708127	0.398979868751203	0.0592247902844783	-0.0017420036994967	0.1082265831276691	0.1006372164707457	0.1531398833070019	0.133232423560179	0.073655476438871	0.2814225909779996	0.1993433099705439	0.1379861786841449	0.4182910648331304	0.5134430667890527	0.1417750391668252	0.165615319882716	0.1032893079725686	-0.1555517144263606	0.0352227973645353	-0.0073227875952237	0.3015453087642686	-0.0075062596940405	0.2017447806573563	0.1789896887131378	0.067740030500227	0.1975975750986209	0.178513542254343	-0.101484069247028	0.2072873852283362	0.1698299501229409	-0.0291765908152323	0.0636066515397105	0.0134080734657266	0.091194718873071	0.2500518680695096	-0.0403635764779154	0.0007201649621199	0.1240323752555539	0.1094614989529242	0.1966336549455012	0.1505637720040583	0.0487574691783294	0.531475220167639	0.2959973281851945	0.2092417133711121	0.5152717952734437	0.1235503192335579	0.1406383697883482	0.1335686494916738	0.1075755138070605	0.3484046891220993	0.0897244697342249	0.421252939405914	0.1866539885455011	0.0253317872025328	0.0157697466418737	-0.0724637458942941	-0.0702040130743241	0.5166767076543639	0.5687743866497471	0.5196557146630041	0.1069670432897661	0.0940203343953526	0.0926529177640413	0.052546630272232	0.1800049300672475	0.1640640294619111	0.2090631525468193	0.0901593139649687	0.1048709003381009	0.0890358762473035	0.6054406597299645	0.028750896322366	0.022694575790452	-0.0252364519836899	-0.0352086022001323	0.1152348395943807	0.0796863378858674	0.0478273539623663	0.0260566963850324	0.2942580182127441	0.3713062093679997	0.4765481438435521	0.6162785455669382	0.3967943218988574	0.4898391402554271
sub-14211	0.4148577863680958	0.2868698283225949	0.345215352645099	-0.0256838980571162	0.1284593785696421	-0.1127688415603994	0.5427767041449013	0.4548475969199134	0.1592844319216147	0.2461043060925813	0.1741704700893982	0.1139662011458566	0.6877091601279072	0.6302328169409155	0.3491881922093527	0.5935634857712073	0.7802029964378558	0.700554448410926	0.524603494098275	0.5259103567662786	0.5501148052694934	0.6298099720980588	0.6750012581474535	0.6630010955605584	0.5238102092847146	0.610489729176199	0.5175274971213772	0.734513307707678	0.5224273289737149	0.4842688826250271	0.2641653958481494	0.4812053642965092	0.4800253016027727	0.2450196118862596	0.0761783895875514	0.1378767810692984	0.2614318551474437	0.6812625061962189	0.6394262610860493	0.6654613150198081	0.4987806404532144	0.4928141107943011	0.4127244446055138	0.5978003853086113	0.3196910014424216	0.7123907190818555	0.3112818721661577	0.1188690268983848	0.3146894987074669	0.209043634387762	0.0523711061218679	0.2105248098427773	0.3722078049135293	0.1996815266489039	0.5703891471194344	0.4450665485646873	0.5579317349312537	0.605507945710435	0.335439608972213	0.601582245289555	0.3642897397677743	0.7393420314621675	0.403447661304487	0.2764434978144968	0.4200380873213619	0.2932783747242821	0.2445031733149358	0.2576950258081028	0.4087233225852144	0.1445512057255721	0.7915585399752169	0.7924397281030384	0.3355465380467872	0.4018088969462491	0.7334376180837939	0.5537907566178488	0.7605484391401114	0.436991769562241	-0.1429129231928421	0.2306429642710088	0.2151288919883233	-0.1618975285961231	-0.2651405209674782	-0.1271214992230034	0.0416263895237346	0.6850327856688988	0.4293132528243482	0.5187818257304523	0.578322781020144	0.5622192190266173	0.5543863532330002	0.3506647076712579	0.0554571565447236	0.2960649166897076	0.3173002320841223	0.0494056375989131	-0.0704209429027189	0.0477795048846987	0.223257475453932	0.4556129783898011	0.3329147115511603	0.5956737819977832	0.6896060746476453	0.6954879918397596	0.541301753087443	0.035055254521594	0.2498907013891562	0.3972058316641373	0.0344897961094931	-0.2637822596808643	-0.1360366398068485	0.0725418109623412	0.5238205797581064	0.4270003589488417	0.4746481046018472	0.5286930625980136	0.2789178516825994	0.6988478157864664	0.6240560660763504	0.6213470961504503	0.6884470543793906	0.5957385098580199	0.5599920346901162	0.492250007712606	0.301153674611855	0.5677183498418453	0.3265122674460382	0.2038705526385837	0.3858630025911652	0.5735358162969084	0.5312677813467679	0.3748381496989241	0.3171659892623023	0.2886078376489917	0.4487633433266824	0.374411666782919	0.6265088428177118	0.310195666446617	0.0801690325770011	0.3133664345954339	0.1565002504790696	0.014048255079312	0.0626789691473009	0.1903071786894384	0.1651859904976288	0.4698011247880933	0.4992619017176413	0.2195003058902713	0.5684257881146964	0.6675701676926578	0.2386826458681815	-0.0238656366778469	-0.0144058870368084	0.289685630360006	0.4391930056378219	0.1270713171787904	0.3345236236637827	0.342915840985483	0.0788560916274797	0.0515216109256781	0.1952993242543188	0.161284266873918	0.1252192040628027	0.2375022737523561	0.34561952765069	0.0482955740363557	-0.0486189743418913	-0.0177188862424684	0.0454834127029199	0.5831139103995054	0.4825497050713675	0.8035522767326624	0.7983833077411862	0.706231053563035	0.6032333196672826	0.4990264385734965	0.6072304451029596	0.5614419688889344	0.4987834792470648	0.4644107868138246	0.5209906326568209	0.2891624842705989	0.2319282214812519	0.5315629512935881	0.7231250184390802	0.588104714190901	0.4909278413882334	0.8580836392480706	0.5658190904280397	0.408013733540836
sub-14213	0.491664899885382	0.1325572119854535	0.3758509361988803	0.6914127465934731	0.0403449746159207	-0.1115486012356506	0.3993712452507404	0.8652378835441497	0.6451160645459949	-0.0351445847351492	0.4225261988434234	0.1880544635276868	0.6160176228060297	0.4386446807476515	0.2939647690637524	0.7033543181515685	0.7073521776105174	0.613569193816831	0.7362326986303173	0.6703583957642515	0.8062588842784333	0.7776349400038438	0.6685339964989155	0.0826853463167035	0.7641256152680672	0.6089150663393448	0.5522675988610415	0.0173869028810975	0.6491063236202499	0.0973987620631064	0.4907438358090965	0.5231649286905875	0.0690867671302339	0.1165044905356246	0.4068561345732391	0.1859301924419178	0.2693341467638211	0.7192304324566339	0.5090196961186138	0.936203297191628	0.0345608668427437	0.7335601616540481	0.3081057491784812	0.2056906050911831	0.052157768150341	0.5755461593580389	-0.0862979930886754	0.322409159997077	0.3301454469726876	0.0116273557739925	-0.3066921251787484	-0.1554091651892036	-0.335184550994939	-0.0300736927131186	0.6805431163379673	0.7099783692664839	-0.0329803328613367	0.7364571251451154	0.55925620811944	0.4776806272285473	-0.0581051164315804	0.6359885877827948	0.033710198831198	0.3350584357680731	0.4121959469964767	0.0648067999728977	0.0090165620009222	0.2236727668871789	0.0910854740210447	0.2180234415900838	0.4652685502505534	0.07468890217314	0.6543728170412623	0.7344758422229242	0.7238650179868339	0.0916456789213068	0.7058890261414107	0.112240001366872	0.5859449429068743	0.5745955174398113	0.2216959521728343	0.4475154692502986	0.6311668146287706	0.4070111069864205	0.5151689808656428	0.0308130088277312	0.7218898456274869	0.248555442502444	0.238373605448443	0.003708671100282	0.5790059450574552	-0.0946261451938536	0.2895523715879953	0.3227023546533354	-0.0283592877138809	-0.3369299722282891	-0.1560877562600277	-0.3520535347158445	-0.0396771004021525	0.0537199639502628	-0.0993023241141079	0.0370718694674883	0.4476765677558175	0.0204998764230752	-0.0070670950358673	-0.0411117583462638	0.1306025940506676	-0.0609104965819462	-0.0807816697423066	0.0261220207652263	-0.0125368842207857	-0.136909162642475	0.5958221591245082	0.4602705152000987	0.0774785572680618	0.6797579379223623	0.2508523368754125	0.5655929821530521	0.320658664668551	-0.0161424690559817	0.0660556060402425	0.1612271605231838	-0.0642960697082101	0.2469126637131837	0.7085291490572181	-0.0063345593920683	0.5553174851787106	0.2273629828771391	0.5948721721914392	0.45110936214401	0.1993875468326804	0.5585386129693889	0.587626354913956	0.4458739120453368	0.6983358386007391	-0.0010168920723737	0.5258379122342842	0.1689363446833844	0.4131798224808757	0.5926846856961617	0.1971263717070092	0.5487616609773799	0.671525478243319	0.482351981131728	0.6922318033665474	0.0545865473151907	0.1749379417620963	0.1180963316751361	-0.1313253353460952	-0.0972349022092589	-0.0285206948622228	-0.0587689695942402	0.0372146874989509	-0.1024601876491159	0.1277155246749785	0.4252694273885642	0.3435017880187343	0.0892173319708568	0.1750142128732002	0.282557301987885	0.0866062108313989	0.3357086780667456	0.2519804164252213	-0.0939049241245537	-0.2193269295895437	0.275655666023169	0.2019310197746617	0.1673487680286415	0.2581064704597321	0.1991109883528481	0.0699831694250316	0.3373920691146712	0.3940621453585773	0.263526369523988	0.335969612158129	0.2455879727483851	0.2484203312094366	0.4608585904856638	0.2465775945586345	0.3424195602497439	0.2639571614464231	0.266595366222335	0.2558219613643113	0.2075587457690204	0.7588449594966303	0.7257125872216619	0.8035375654891642	0.8603451742918015	0.6527137839525834	0.5740531909178541
sub-14226	0.5146481915603597	0.5010488331280479	0.3721870489485067	0.3731313177587981	0.4154637434361709	0.4160565548265211	0.394888054407647	0.3300420274505333	0.4711170438106375	0.3183821894841927	0.3848269250116213	0.287426407581839	0.4214476247469009	0.3978078864499073	0.388312772625314	0.4361846558662884	0.3307023513681908	0.6268113411075724	0.4316148451202891	0.4989763780450806	0.3807159391444631	0.4484464458728447	0.4538584215421963	0.4295222772828138	0.53198816376095	0.4477266037799459	0.426319019689672	0.5109391923435561	0.6394518726010503	0.4081554629115078	0.6122406567036534	0.4524428413126973	0.5041324845528908	0.3395166767494424	0.2549261807986301	0.5585897661880823	0.2994797628252593	0.6801996085781684	0.4565239150510893	0.6531490644308167	0.4215022809405312	0.6411901714224051	0.5660986239729394	0.5796305986021197	0.3299519257319691	0.6625750037153257	0.0918829508860217	0.2529991234235219	0.5747176541797854	0.290113139475373	0.5577270832137728	0.4292765097342302	0.5902408544778788	0.4736748069547475	0.3595040241936759	0.7187068603949828	0.543413151004285	0.7642805277379964	0.4981901335173669	0.5987238923342377	0.3284059764796999	0.6145986247166757	0.0952490993315618	0.2311322379203521	0.4789470352560805	0.2497988774536028	0.7002008344461955	0.5210273548117099	0.5642156384052321	0.4947780744513314	0.3155855019224272	0.1992560966116833	0.1002360543548222	0.2040088563689112	0.267809448018323	0.4699230268876667	0.5902108938624134	0.3023146431536507	0.2281468477720791	0.6408316667246358	0.3452249473652459	0.3290908745512412	0.3546608226650087	0.5367698885613549	0.3697033041727319	0.4643790459980486	0.7242970233407097	0.7106945526802382	0.6944435192981125	0.264215660128852	0.5924163867499421	0.1854403683850215	0.3321167856652331	0.4435016113658329	0.2934495773217176	0.6242826536513614	0.4924116169666984	0.627303377918568	0.5134788681543914	0.5867688235278944	0.4467741357349333	0.5402849066943664	0.4956797739339686	0.3399366048954488	0.2295041930087938	0.4253789623911707	0.3785962066414827	0.2587292658214066	0.5433369251826164	0.4108053138283881	0.4296589938491124	0.3967853285638448	0.5924790011682729	0.7428991715111904	0.3026496107182182	0.4683538922609342	0.1859564193975392	0.4418350435953136	0.2660492328361976	0.3366102645574341	0.682198783565566	0.504569670315816	0.4683265549873762	0.3970953001728219	0.5247124674334819	0.2450152331203732	0.495976766599183	0.2253800860303185	0.437519406426189	0.3737899892936291	0.279429630755995	0.4674348166056349	0.3338709677350043	0.4437124459993741	0.3090003895942014	0.25772598960856	0.4110813806399839	0.1203027809012773	0.4205513337546595	0.3270061561682109	0.3234913408535272	0.6660238690256881	0.6421663200128699	0.5614548850901977	0.428106519884393	0.3812102196174949	0.6206321186184706	0.3802108009194702	0.5838173567361676	0.7167514296427303	0.4123367969492332	0.3396289408403056	0.4187981054633228	0.327786576513095	0.2537366270279764	0.2943173653536355	0.705255769695384	0.3320133708365983	0.4029498512628184	0.2599763508337693	0.5682359954966992	0.4150308812639248	0.4669872224115098	0.4391493933073948	0.7042624806002391	0.1350455202318727	0.1527670444844314	0.2926002552697822	0.2411378570351556	0.1340286599668497	0.4425110972014852	0.350059981269823	0.1968924310527635	0.3215581165478525	0.1707565071341948	0.4749074535461287	0.3675349074802577	0.3444728379718379	0.5869767464605692	0.5200472660747985	0.3291042047646049	0.3303231765823485	0.4115379567031069	0.2599251505902952	0.6603702129584168	0.5370319984726818	0.4516170199144746	0.5826320601488086	0.4626020980055517	0.5808104184564146
sub-14236	0.6336086727338284	0.6868326842291826	0.6910648720956196	0.5677287448954872	0.5269897041040743	0.2698356361509331	0.5825282532489384	0.678484800210569	0.0552848128626428	0.4839270517566782	0.2042374312122296	0.4833999781924933	0.633230315501407	0.6603431715457384	0.541776707811347	0.298607064245932	0.1049971164696906	0.0476445038870513	0.3503027007548976	0.4463741014593297	0.4877102567509501	0.3112507478234323	0.3293668048632481	0.6477295131484664	0.545555817397441	0.5773049997919044	0.3644800480638763	0.7390667866251123	0.4408070894192203	0.4954077612806402	0.6228299493942001	0.5693340126740715	0.653807614892704	0.6304236153207711	0.5406479439405112	0.3177908071909014	0.642881508341389	0.7807752427050416	0.7086980484387496	0.586309252717824	0.1097930738653908	0.4227754986074588	0.7756374818640076	-0.1422756040278766	0.3554417638856505	0.499219946814271	0.4156643902822969	0.6820935025618388	0.6332459291449358	0.5471566762071084	0.0277292674974956	-0.0866315594165676	-0.0896835218572843	0.2071706580865944	0.6070409025201803	0.619710334531903	0.4354521799393346	0.7395420445768406	0.5533024747692727	0.0593207224812468	0.5655560398256856	0.4329624338754864	0.2802060438972331	0.6124637717958554	0.5596132970611665	0.4645391322682838	0.1756154984614331	-0.0522845969866604	0.1486605624708314	0.2948405860764465	0.790840193328973	-0.1294693106590031	0.3553850820621393	0.4596083194882215	-0.4294532626396058	0.3065045640715847	0.4119887143761483	0.4968291757826495	0.3833057909160217	0.8030133387897093	0.4903175796645574	-0.250278459855637	-0.4463423465841264	-0.132778465051001	-0.0005444021038258	0.102455700473158	0.4571264147006315	0.4170748517296183	-0.1661323421335395	0.3283312917205799	0.360809134071351	0.4085909801464382	0.3320636338950202	0.7534601712354722	0.5504285332696308	-0.0620735533243926	-0.2581104019724665	0.3226937488811942	0.0845005591199266	0.5837748950821318	0.1212837072333779	0.7368568599137898	0.6717450615130908	0.2262247591678359	0.1303884832110079	0.3247685294467388	0.1033530243876353	0.3453380291604844	0.7106265869003063	0.650268129060675	0.5147584370002898	0.5190755369154235	0.3804020064359338	0.1043949829938904	0.6018968990218089	0.4349497096158836	0.2656568819812964	0.4428029113999038	0.4990926479687491	0.3623767512630365	0.3016854389173818	0.1391433213416972	0.2527421590693018	0.4111361695607572	-0.0561912465145121	0.3051310436747893	0.4359607242643233	0.4265940306061205	0.7832683670241527	0.6262689730616271	0.5230756600152333	0.2319060240299368	0.2140154756776931	-0.0146604931430566	0.2654427222214828	0.2935233523289342	-0.0862264855561769	-0.0487808018661025	0.1024153836296422	-0.2690255111740017	0.065774827855151	0.7198964477133304	0.7991120177378032	0.5459368498944854	0.328024317708968	0.3522454673661582	0.4216756265882246	0.5459474509635271	0.4685564969862534	0.5300982139428259	0.4797571121414095	0.2677249766365978	0.3161477785992499	0.4588274175206789	0.2695207462299546	0.3464617985815773	0.4113558255987393	0.5235647203934164	0.0502128291961093	0.0842184510754758	0.0565156442333496	0.3343383765718646	0.4722631070679792	0.6339837912881406	0.5729825848916885	0.1037573636736674	0.0428288106557999	0.0795874139134711	0.1338093655304448	0.5197332597891272	0.5595013031920881	0.2511787102919868	0.2143839382166698	0.084633497204557	0.2935400971084103	0.6529617934939432	0.0404144897991034	-0.1209678294620328	0.0792108267041498	0.2206580963820405	0.2312144853601847	0.1328483046826414	0.2318070754033885	0.4746505034443314	0.7738068123495744	0.4214939362695117	0.4795845592666934	0.4439097335022523	0.4563482772688464	0.2648882801466278
sub-14241	0.6446614146054347	0.6420309913378254	0.6196620188480896	0.7197012594560728	0.6279250831102664	0.6676431440796042	0.5838659779894608	0.5637908497996491	0.6242070233474072	0.6782850397307623	0.4715212166204621	0.4567654211081388	0.5848589397011652	0.3979831689090154	0.3739665325400718	0.6391131819787519	0.7489804485209258	0.6319064651113772	0.5419614176133235	0.5771422831138878	0.5919485051965903	0.7090583278392413	0.7122832594049819	0.6452839468834474	0.7096230757962182	0.6967486963789121	0.5940800793378839	0.8236950466956705	0.6544840411985264	0.4206205885418009	0.8280139075460266	0.5225571331513653	0.3802233884041482	0.7017640206814495	0.6808651348031937	0.647601517833053	0.6744297114861135	0.6532321299658319	0.807333105555749	0.6502183387286938	0.6263279220108946	0.6205577696883879	0.752506740437975	0.6238649013423287	0.5103669658029122	0.51525168972495	0.334765086298768	0.5386044896963941	0.4306461396985813	0.1148860110897665	0.7212406833502613	0.7002768909563505	0.5833282843618456	0.6530469233921098	0.684378559426955	0.5885041455758139	0.6478784648308173	0.8353893129272438	0.5704297270597836	0.6425894535960228	0.6062609384709288	0.4728862456053453	0.5199812437500246	0.5511024791594258	0.4709956321063682	0.216524693550868	0.770488716828408	0.7102338674212993	0.6021309726687009	0.6770770550529173	0.7922973190642457	0.7705800639301889	0.6283019653753432	0.7665044901137908	0.7400241327762652	0.6470836802810294	0.5845249767488251	0.3634603903059208	0.6073614139888448	0.6243523591306968	0.1149968480351193	0.7776599062282775	0.73861149041013	0.6302700531111234	0.5865626522776592	0.6827616466308641	0.619690295489378	0.7216302896677605	0.7305387327146702	0.6710296229201409	0.4770907649940916	0.4217596299860286	0.6809605334891837	0.6614017145734428	0.1955036104311323	0.7311427652762618	0.6463603287829639	0.6223893628003269	0.5586874979644206	0.6733943396868612	0.6679785226839101	0.656204885600616	0.7019013334682184	0.4548645135292751	0.3568835292370095	0.5391929485971504	0.5510108905388776	0.3261752967612654	0.7103373861290281	0.8139918038331988	0.6543547937028086	0.5771514211208685	0.6436174735999959	0.6308954217389942	0.7341523346383605	0.639489427375023	0.5753130166817509	0.7145739011261689	0.4983861703596039	0.3136354586798209	0.8048737419165463	0.6863817279154909	0.7064897354754602	0.7509433465659079	0.6802177663980921	0.6256006203369531	0.4564776871038817	0.401022165935486	0.7340709035893994	0.4879388702915351	0.1993291428847984	0.7990271760214901	0.6834605933823618	0.711849553011885	0.6022309390740728	0.5950433093443714	0.5086002787773792	0.4221026024898727	0.5942167876797919	0.6002196836107536	0.1691752156502653	0.7469473595027339	0.6798332901924782	0.6083164298834687	0.5529678402701211	0.5885342050669808	0.5054329542230874	0.8229082303732362	0.5815289628766823	0.52980135561041	0.7359202530961189	0.7402365606100055	0.7286759280827358	0.7081168140520018	0.3558378103231005	0.4972045782341566	0.353180125163599	0.2991186734722368	0.509293071384605	0.4856460633273028	0.4999546483617749	0.5174843000777998	0.5231922907217111	0.5676634796303042	0.5050035085201766	0.590460462659736	0.4793468726179467	0.6159213315547316	0.4753604234313444	0.5821085507558983	0.4092849279910712	0.742213365888798	0.6099646673784765	0.733057077260669	0.7052712586300999	0.3384119157318819	0.636586724867648	0.493507137321416	0.546615793496827	0.4898039310545001	0.3120869324248208	0.5240688316611689	0.4801174324861605	0.4326969255789314	0.80167087822476	0.8009743472547534	0.7954765369521931	0.7429775807583328	0.7143829003400729	0.7446701849665099
sub-14245	0.6461475212195451	0.3450626956717921	0.1857615867158707	0.0814929690121475	0.5682583650247133	0.2514196887821708	0.2896358067786392	0.6330605390948822	0.1986896717880436	0.2745479393629538	0.304072398789886	0.3095173567654325	0.5294480789442728	0.5459961609487538	0.2816319400718627	-0.3784939365500576	0.2261019996838562	0.6540797854859955	0.4731037548539937	0.5000066310344469	0.4793897308386398	0.4001869929102289	0.6725313709829462	0.6793897643873736	0.5864221887266081	0.8701503265747551	0.3269724752113487	0.6790273394088135	0.4876746727817842	0.6675849274630289	0.7418377531903778	0.8105484432851011	0.6607174922491734	0.1689107095897014	0.5612919078933644	0.647872145203021	0.3528289429439977	0.6140575655364916	0.5511876667026556	0.4925495383759962	0.3825092299327133	0.4664094777063983	0.5884347417769065	0.4964772120936927	0.2951516045367167	0.616348374271331	0.3309872936284175	0.4722798729298105	0.4199527449992892	0.3280740213949742	0.1430821589254576	0.4130663628962	0.299450136985587	0.1571143963651919	0.7164061055457915	0.506785489263943	0.5998811486107558	0.7511434234699265	0.5751420816635908	0.557509467328855	0.5445031105019112	0.7888335914479685	0.4227692380806495	0.4173139522766483	0.4606897409517161	0.4199699667315179	0.3675846018873707	0.5546259265492388	0.2155322115405852	0.0535350264966174	0.4981951730175314	0.5313477598822931	0.54988698227951	0.4936856811638664	0.7490578063359249	0.4915353382585654	0.6375118332903413	0.4024127744564517	0.4649198520539854	0.4227047674112027	0.4278631058026059	0.5766777255188689	0.6283040650509851	0.094765610721231	-0.162245732779832	0.4365325418116625	0.5182985509009974	0.6968230831315924	0.6673949661788807	0.4018917148889403	0.6097911174966051	0.4387359602480729	0.4761020317001677	0.5940427762169902	0.3760596500232818	-0.0619174380021349	0.5921379382877752	0.715024712840464	0.3723139533792129	0.736556859667369	0.6210265405299559	0.3124718638926903	0.8302329994179003	0.4548430066885447	0.615868958914284	0.5829143399448296	0.6041480151724936	0.6942666322518536	0.5358979081546363	0.579093404861432	0.2657123268649469	0.117750420611485	0.5544600178894096	0.3619836551271732	0.584552588312214	0.651346006842614	0.4430009917783559	0.5012009374600384	0.5077744084677801	0.4327767331938895	0.321329321372956	0.5505822182588626	0.3536794030971781	0.1991038724486911	0.4414367917940875	0.6142235212240285	0.5144930224649056	0.6127153425478042	0.7660413510621578	0.7311738902212344	0.640887840839968	0.1625065769154667	0.6739857512927038	0.5683533831310903	0.2089982394279048	0.3237639246794455	0.6293107190634554	0.3210538765805944	0.3409246076636651	0.3981097562702623	0.2908044531392906	0.2055264309726255	0.5227814032491522	0.3092226138056195	0.025031638745331	0.4347386747912174	0.749694782276851	0.573465698397016	0.7325413416906857	0.7892260031061485	0.5095294658099708	0.513306168845687	0.2420561124557724	0.1406982047246864	0.4091143239905802	0.4091506265224343	0.5097151987462669	0.3418574710981653	0.1803795664159901	0.4353316533386689	0.3519231299650562	0.1938020669797655	0.5791867614748112	0.6294358739118997	0.702770549388725	0.4205694204885174	0.5440994693170178	0.3670210078170927	0.1852555991723855	0.6337482143678212	0.6342019874207276	0.2532942306955986	0.5646677168979471	0.4255575400383232	0.1242095766625912	0.7524087680074527	0.2207873276778658	0.4627202054272294	0.5013801126438958	0.3526125501756577	0.4675238628708459	0.5172603209487233	0.227888842282537	0.0577448168249727	0.452004922945967	-0.2425987086268481	-0.2257609909444684	0.4715748512725764	-0.0233727611037657	0.6121827820809054
sub-14249	0.2072472370264772	0.4260192890670904	0.4935870849164271	0.5317695810146206	0.208433256699147	-0.0351990273395157	0.3385598229019434	0.7196887382610213	0.1880623938539877	0.3259692416439992	0.3808858249227013	0.3790048825543843	0.2897522020609629	0.4919493983160687	0.3518239712961489	0.1427396768266411	0.1927945718940538	0.2030482030083303	0.3935138453777262	0.3314911292439736	0.2905155434717665	0.1206739657670438	0.5728437451236037	0.75502974930326	0.4904462605135975	0.0887764959882218	0.4919552039994839	0.5003916669322559	0.4058292905397797	0.1384717313465813	0.4625173898501662	0.4922003320502086	0.2960623829066834	0.5266072625063752	0.455165254572324	0.6754867484640973	-0.1902223664544294	0.6767040509794154	0.5517713136372595	0.4510005363317551	0.1671321271976089	0.628427218389297	0.5433498349375425	0.3458488044584843	0.3446967895849923	0.7194580499815513	0.2967540737813264	0.3633604923799649	0.4411482512839335	0.3584342403978793	0.2659096259616328	0.4199453899457177	0.4099436361443285	0.26099824206959	0.4906510343058149	0.4150229913456252	0.2660243026514815	0.6412886521707911	0.6005329452640815	0.4398759859200413	0.3390084098819989	0.711400309083025	0.3824695448366831	0.348762906642113	0.5246855963702323	0.4124174459157187	0.3085220559869763	0.3781966103981249	0.5013421715435121	0.306280810885131	0.4484809320515748	-0.0696132016699629	0.4205069850700135	0.6418586613214146	0.3079418473883604	0.2887214017797423	0.5758571873633194	0.3796150918126854	0.1834153467864559	0.4235097545187498	0.4159382230434634	0.172013394805668	0.3508172572310461	0.2331629491679299	0.4571634720770487	0.4139312249182029	0.4473795189561214	0.1896749305325864	0.5118199137754733	0.2769865480473216	0.4746795743005587	0.2176757994254743	0.2251944944039368	0.5139996927208162	0.2449715188449801	0.4570780326603515	0.578878549564618	0.7086704220196232	-0.0071002772347589	0.5988799188511345	-0.1231429970770071	0.4903172399286667	0.5436595284175977	0.2670775483281356	0.0268478517459184	0.4705404705438947	0.3402095723304386	0.2854066608234494	0.6651051498673848	0.5167179010731172	0.5506956645894223	-0.1367637721204598	0.4225650268922831	0.5627128589496485	0.6639507800189314	0.6205777385382322	0.1873744533251279	0.5703831977620107	0.435536605977058	0.5097086823089328	0.6187693181778828	0.5693519160366005	0.4490957514341758	0.4187411922385479	0.0705751119059192	0.4207148044698624	0.4437282172644824	0.4641908576858828	0.2738550966877164	0.5201142571598835	0.5454052123488773	0.097378138234896	0.1649421117365369	0.1940655939163587	0.5425778469663851	0.3125813387194846	0.5334229394394417	0.1395073177086912	0.2462854697882494	0.3658426643121744	0.1807149894103883	0.468281089510126	0.4678025389666191	0.4655325201317833	0.2271465972676191	0.3479191376086362	0.2750319795552235	0.532147932231769	0.517631355266757	0.6839629542611967	0.5532598821322456	0.4817064504928006	0.3150939508061019	0.4039054749799414	0.2468692138048347	0.3085770129904498	0.4038415921588423	0.3185974055878837	0.2817092040448014	0.4140009760847435	0.4731090044452832	0.223389981887124	0.1224975730218092	0.6257315523566789	0.453536402205496	0.0878619446401309	0.0870264040512929	0.210005713933272	0.2381456270764619	0.2496008183985492	0.343611830521057	0.4098581273401566	0.4623569165294959	0.296497735942888	0.2376760063535103	0.5680582829007248	0.3433620917226991	0.3192857017105278	0.4871812633908569	0.197012712152367	0.2971061210256438	0.2494777597146814	0.2433288704330323	0.3908284138584545	0.7222569309717484	0.4373050498291179	0.2180245800291644	0.4869404682294954	0.1774004880081822	-0.0543353722100913
sub-14255	0.6446132196767682	0.3836597561374919	0.6149439210733336	0.4992291687786441	0.4561280204414027	0.3555786797193781	0.3222552031497053	0.5145577159781154	0.4510098942836426	0.2787388922671607	0.444447883246016	0.3386153561935032	0.4376794867943599	0.3234615097415224	0.5051562769951985	0.3964634526060504	0.3126383767654984	0.5288755303011687	0.4377417330310999	0.5156085526923457	0.3001985904224166	0.5513431120497824	0.4424275861668943	0.6109109434588667	0.2320902679550131	0.678912597238442	0.5666982473453627	0.4375586749250199	0.625179367660441	0.3358807262044576	0.6887201589970349	0.6758034784119981	0.5596857659421346	0.5602392493449863	0.44401272004763	0.4958391528676591	0.6238717321193235	0.5431154926468645	0.6809315324593995	0.4810991959009257	0.3745297598003836	0.3828298522932616	0.8347655472479005	0.4952586602047595	0.5111009810658604	0.5402804984531635	0.3984480832424518	0.4549303121990089	0.6329336599691894	0.4650368174609921	0.42802410588815	0.4302037579716671	0.5019226134274639	0.6370326816096552	0.6270403225712109	0.5180592348390705	0.245234054391934	0.6077355219076258	0.5067417976686469	0.4944765443211092	0.3396127356090271	0.4081107629266002	0.384373808369167	0.2394382663245653	0.2652320896406407	0.508641149159289	0.2839453118674155	0.4238187059528251	0.3561366651974316	0.321589481603949	0.7384320736992622	0.5139852332450469	0.4115404280482875	0.7188538142080632	0.7080071747753542	0.533262208834025	0.6047486603278278	0.4347428641618412	0.4001460723154078	0.6467378802496804	0.6487226984533444	0.426201890823504	0.4349098638220867	0.4678802496860014	0.523142508069601	0.441491805807497	0.4318075751940169	0.5435876711319398	0.5179989471160252	0.393978745369962	0.5122688311243622	0.3878656571214429	0.3285392921434468	0.5093195637652134	0.501795590023476	0.4960937490750418	0.3609856387970215	0.3716295133713678	0.3987690823513016	0.4124700567864625	0.4406346624503358	0.4819838884912168	0.6312815951393096	0.3733397563256176	0.3369460001613191	0.478629469515368	0.5103521337831711	0.6296178827281734	0.4526168419515186	0.52169500849398	0.450425725590644	0.4541218163262338	0.4077478002543379	0.3371670708710865	0.408471603315692	0.243344472056278	0.4126393916479164	0.2689072616577496	0.2515236811349645	0.5249133406537874	0.2484384810475605	0.468393197894574	0.296789545927287	0.2913256788158245	0.5664222676617225	0.5608285537677185	0.514774862712791	0.4712099846013847	0.6687390776246858	0.681506766322283	0.6013388362411468	0.4905572445674055	0.4453394368602733	0.5731383440199991	0.6814116339378603	0.4069719301760984	0.3516630112068816	0.3155071178737426	0.3932653731621637	0.4806696840161691	0.6716034375366532	0.4836579138210347	0.4458636815447971	0.425276839139879	0.4697846001732481	0.4006317344291523	0.5216632016227479	0.4549021170252064	0.6063175382618776	0.6621816903327097	0.2967012966159391	0.4555208364150104	0.4504181522019181	0.5110613112678818	0.3260214599500086	0.3523864263229189	0.6776458299541123	0.3482928431301484	0.3692370319359965	0.2904950629028088	0.3668609997029564	0.4540602560371674	0.3391168331203312	0.5408148727585543	0.5456753236264781	0.2733740384305795	0.4051382050203653	0.4251073931185283	0.4847231250890282	0.507274590984526	0.5247546630745613	0.4963139264816186	0.4224928991216919	0.4263506206562537	0.5605990334616432	0.5181988857654558	0.4485837811285438	0.3403640315929814	0.4700431686787572	0.6402556542834023	0.5126799944759164	0.5785199432904435	0.5182304045113197	0.5584984865646168	0.5327574419055415	0.3337478931227093	0.5898249264349221	0.4644138645498656	0.5269010945360127	0.5936304809251258
sub-14284	0.5159830626753938	-0.0182414673626223	0.4091572812389091	0.2889209557961564	0.2715612158738035	0.506453397292008	0.5152553328570115	0.1217893442230758	0.3783909795775625	0.4048866501909069	0.3672880991772466	0.2693925317303993	0.3287376560557772	0.2901272739473473	0.2249552546819589	0.1515145611700105	0.0234641997846379	0.2129079306831953	0.2009106002708864	0.0756160000752055	0.5820603315787487	0.4026561471671734	0.329277311720243	0.7834202938178229	0.816446335081435	0.2829150571764909	0.7169464886298079	0.4553743869960626	0.6330611772180591	0.5855018884714105	0.4335117401672408	0.4283243343629485	0.4038932028822248	0.4322294369642404	0.3882694150638595	0.366031013414352	0.2476541176856385	0.4545971523490049	0.5388074967386765	0.1805487867760611	0.0039784573108122	0.0103447631122835	0.5412501017838333	0.1036515299417902	0.2472718278630798	0.4027210038223796	0.2095533306404239	0.4561251941657625	0.384824166873533	0.1905447395979492	0.1841506216323787	0.210404857533865	0.2593109975444154	-0.0738459542036723	0.4926733334241485	0.1712498732960296	0.5921724817647276	0.6352206401017949	0.3818106651837885	0.5317684789297812	0.4655263360820611	0.6660760991278645	0.475707675593862	0.53223289465647	0.5345069626468206	0.3839478774459641	0.4151164381037426	0.2595467472460041	0.3267079369953813	0.1080172020812925	0.3463607538842356	0.2804219277199016	0.2499847649473937	0.4393285880132431	0.3122199920290862	0.3535222694855707	0.4884149330807196	0.4215555149585535	0.5580306305721884	0.4594605229092822	0.3695365623220848	0.2574506449317918	0.2635578405668586	0.3339414018883204	0.0886062509843344	0.3295256952918376	0.3671057445681432	0.2209060926240794	0.2872501175382047	0.1258899072543489	0.3252453284182983	0.3207443432018622	0.2314498910111098	0.2110397613327976	0.2695827287700275	0.2469534694929582	0.1376611226567425	0.1994099489019032	0.3342259096910656	0.8694065129073082	0.242938394982497	0.685559976121158	0.5944798202266873	0.5021897276181542	0.6129455461895239	0.4151624928142052	0.4323565118321609	0.4691910029810759	0.6029872750454229	0.3545142266030217	0.2451032726701626	0.2601154027012749	0.2757106655461723	0.7418213215534616	0.3739428907336351	0.5802093363615752	0.5478292190696727	0.3961113398080738	0.3699910760158685	0.2918840899163478	0.4874548031809345	0.3146837712978738	0.2825287780991452	0.263964640291103	0.3076316658991622	0.3119526496986152	0.4599594099526569	0.3554877701695863	0.5260276268129316	0.2973062707441944	0.2104369198103529	0.2046812116289579	0.2642705357638675	0.3250679976073775	-0.1069609234383293	0.2462708864716533	0.5970470282124651	0.3270498949234362	0.2844603546145462	0.1801732617838605	0.0392335812714376	0.4572390699664168	0.2169997548906972	0.1763438642272457	0.1832319491198714	0.3702490317001414	0.6222500200120119	0.6567316755104422	0.6062442652103965	0.6959718030892813	0.4228631934511023	0.3331822267592473	0.3444761378773983	0.0693196210298773	0.4237527365566003	0.4412422732179948	0.38518166945809	0.2015838741272727	0.3415296355480241	0.1850202377166994	0.3101288749077441	0.0664216620398589	0.5667100730659616	0.7075189092050884	0.7889579564286591	0.3274117891694321	0.3436960317434082	0.438464634176999	0.0777816982276884	0.5954714078172871	0.5370108824466614	0.2969499841821524	0.4046040138735368	0.5238943404813767	0.0997767779754702	0.7429525790796893	0.2396551457139319	0.229643032920987	0.4548708418309368	0.085802179220856	0.3220396406185696	0.3666755690587478	0.4044014324479764	0.0713819501013323	0.5226383631603744	0.1228983179755243	0.1647709167703928	0.545799867627195	0.1009455151816408	0.0250012267951269
sub-14285	0.535770958142099	0.7038804747879492	0.355865954345739	0.7185968890871439	0.4428589190879071	0.2176111969971424	0.1270099965168812	0.7712923019675607	0.0301543497649209	0.2617612922066857	0.4644425270734241	0.3986150317499498	0.1420736369455642	0.3871687958105456	0.3370928459460233	0.5039423925100729	0.2191593170221419	-0.0210902886874541	0.4554438132282337	0.4990078191022961	0.2621043792959392	0.6001474371724809	0.1786782909350654	0.3398072196757942	0.1903010432218989	0.5901453443285742	-0.0844034196933209	0.3895546055404206	0.4295315776565563	0.4104018266407184	0.0170644581534512	0.3960287947893023	0.4280417204924698	0.6125797121987159	0.0983695977161811	-0.1103220110394683	0.3077510994800495	0.5123210543501088	0.6952397411425203	0.3232744414137473	0.0781877367448472	0.3615764593488014	0.5272294050050182	0.0028768286214895	0.0733723469992225	0.5578800978186678	0.260531127518607	-0.0169471281580759	0.3255907005977431	0.2362288163491118	0.5706734416516445	0.1191149054635272	-0.096709602343397	0.2976063319746247	0.3908507643468312	0.3596680573952553	0.2976444245028506	0.7333949734565016	0.2615444257535171	0.3547846919127335	0.2304010322043344	0.4338651935311174	0.4049899090060478	0.285948417512273	0.3215575595639029	0.4438813445465413	0.3021047303399553	0.4389435692221007	0.2468678726744387	0.4159217123254844	0.4591347870644975	0.1511238402090089	0.1518141311593133	0.6636906036824003	-0.019321404779956	0.1757454227321615	0.4688684051204044	0.3152561457334755	0.0872031857637569	0.346263527393306	0.243911376986417	0.5536009861388058	0.142075862207922	-0.1605856723815871	0.3207365094712348	0.3820029916340738	0.1922613592299168	0.6204125210477515	0.5380925986346651	0.5595622990880563	0.3513136267044916	0.4490204081458211	0.601547279845833	0.5643597875986373	0.4977789690630808	0.2681093250497859	0.7024084991883514	0.4272459717008697	0.5685858788916951	0.4032508643395852	0.3648301255340993	0.3841834134531399	0.7677940386206016	0.2672969306698139	0.3686981447583291	0.531683695438235	0.3192685978508192	0.6121697558480036	0.1742707487747398	0.6254735486245135	0.419826958434466	0.5854317110207737	0.0405902927578514	0.3510436203877018	0.2771167338385839	0.3708884709340894	0.307406271496711	0.2749020019823172	0.261442278871728	0.4235167169819178	0.2131845645986095	0.3939943370448612	0.3318582912225447	0.4512964623977777	0.1060622990664418	0.4863646735607186	0.3929890330552389	0.5064361277747664	0.3536804120106505	0.5287972479540213	0.4747926953007829	0.4253013542392526	0.375983336363426	0.0976996327758915	0.5772135349460812	0.4302492046153791	0.1011344899105328	0.1971346381505322	0.5405026249279282	0.2985333890967257	0.3090176652042519	0.0060472478108557	0.6423583586319748	0.6741129807861096	0.415340797040094	0.2545118438482215	0.5036053099241905	0.6198964691245474	0.5019489142606317	0.7399286873637841	0.1900416078681701	0.6710787437593402	0.4879144944958827	0.6327411943879103	0.505269891351693	0.2151965074597724	0.2911264900297112	0.3654505103692197	0.3212623747597959	0.263098650299868	0.1227987406698877	0.2178546953005374	0.3901316362647762	0.5940413700858976	0.653148252886445	0.3151095301591295	0.465647472283528	0.2546966867795596	0.4929319265144607	0.3232833161589838	0.5614534504813589	-0.1460668849369134	0.7906115371382352	0.7344981170768854	0.5507216066915839	0.5106124723353843	0.4431449620983054	0.4642681133659799	0.1782996397344071	0.5473996871532305	0.193843398087779	0.665079417577587	0.4359207012894184	0.6162427772769309	0.1668504313788816	-0.2594120248081708	0.3820219703484483	0.6537959227690433	0.6894083646857593	0.4322225929278638
sub-14295	0.5615117001947839	0.5018470056855525	0.1623114514281603	0.4682014865544445	0.6582598397183953	0.3572649663081556	0.4032863784035165	0.661557311488617	0.3637416644172042	0.4011684212362884	0.4388585134595757	0.380996727626251	0.438825819367267	0.4592934709008328	0.4627563673117496	0.4188104797323453	0.4651262401615871	0.513494412542164	0.3221688177618559	0.4797881962232881	0.4487124996753947	0.7172141593200346	0.4512158577254654	0.3907179061318122	0.510272770836708	0.8462269724125834	0.4091663574768374	0.740601139653167	0.7480399618700283	0.5590117172072423	0.6332441018129136	0.7613687227212591	0.674732751568423	0.6158595973001576	0.7005908545897472	0.6133489646910638	0.4248839413411998	0.4813811075833603	0.4190619043930804	0.3780199651067127	0.4137292554195727	0.5637110754464103	0.6315557471758303	0.1507202616363455	0.3440882862125802	0.4837274376525553	0.30761948546488	0.4209115756537963	0.3999133989510031	0.3133056458211151	0.3348896016070131	0.2774525732349692	0.1890227761851482	0.3574915633343805	0.4014019043848019	0.3154281192717301	0.6319039739575273	0.5897941775715636	0.5153720677797216	0.3339143659131741	0.4794828218735531	0.5450149127157021	0.0600079801722096	0.554156575114955	0.5260833489407956	0.1695512424157388	0.2143868001724511	0.3472885979649191	0.1865316760354797	0.4782386514567229	0.5343147997305062	0.1765110144634165	0.4085737984654443	0.7174328023181822	0.5518339363461517	0.5919098434509982	0.7480841626461813	0.5137893827778445	0.3808201231595531	0.6258021406150588	0.6794412196773912	0.7147321742134626	0.6897093206418259	0.6285442783535836	0.3703575491983734	0.2891125548115077	0.3756519586730558	0.5026238013280184	0.4302523122840949	0.4091690108097779	0.3820124091513422	0.272007829768319	0.3448080124771577	0.4893693683677342	0.3733209682000024	0.4818359533877211	0.5410750279505931	0.5944375244051966	0.4105867302588628	0.5679098938289964	0.5004366131049806	0.3125470237774256	0.4630443239503676	0.4220432017018072	0.0591874644202481	0.5875591641843855	0.5202291272092376	-0.0682510228691205	-0.0218106236207665	0.2164147111375049	0.3028901656174439	0.4189299561086237	0.6291702246016859	0.1168322013787051	0.5612084609371194	0.4880764749662269	0.3380648048093983	0.5169489331984775	0.5359534693406509	0.3184116198094994	0.3984617385866648	0.4519720757183931	0.3678376869465956	0.4313358318166582	0.4404256078270833	0.7070213217684075	0.7492113818569553	0.5148080940592992	0.6387928362793911	0.7116024581993804	0.609997211065076	0.5993031754991222	0.674159414776076	0.5896176136345522	0.4813914131897366	0.35101161449454	0.5509228319169228	0.2490686051695832	0.3127825723211134	0.3785723304655347	0.2615558277648498	0.3766422033752254	0.3327567616602898	0.4592194530893426	0.1743978074331686	0.6369503164183337	0.4261116682300558	0.5318924603442268	0.6646659936540777	0.5462853854091592	0.5946758576443956	0.6796778155525854	0.5977350308851832	0.4182985978337434	0.4594958231626727	0.5604092434970392	0.7018241598454258	0.5237130364503993	0.5029893939801772	0.5819908812745718	0.550627640620464	0.3492093364034108	0.3577481558217387	0.503939041990859	0.6206416077815395	0.5470590938587591	0.5365814238935838	0.4628649383404815	0.2940786512519493	0.6165364307534659	0.4045873588051487	0.2884397677720012	0.4734033860959178	0.4831726789344184	0.4693702478796569	0.5341855795695757	0.4832618372643329	0.6710140027230218	0.5916526983772787	0.4712149034387107	0.7728925523754159	0.7520412646828974	0.5074663985826572	0.3660871253338196	0.7985617752808254	0.552330213588854	0.3799409909063778	0.6970630121474267	0.4864853316062282	0.4648494068813134
sub-14316	0.3792611593805575	0.2271836482851092	0.3303623469676445	0.5322141662742872	0.4325992829852263	0.4296664740787305	0.4440126238033421	0.4719151535925041	0.4877322217840281	0.3945054396996286	0.4234406888174999	0.4169655490334918	0.4751608413439606	0.2872223063949619	0.4444102978414759	0.3737971246074449	0.4446480173890552	0.4574527112856302	0.4755304845244978	0.6755103032991148	0.4826766333389812	0.3303564443729231	0.4862841726735579	0.7727488802384027	0.7064053673685633	0.7959627450876231	0.6277231239678098	0.5336042169686496	0.5173614877711122	0.4536760493729485	0.7562530151182206	0.4696517225135234	0.6290239163666862	0.7680707338705867	0.7069714604221694	0.6288755639243729	0.6468093918524936	0.5385306134709337	0.2953318203963945	0.3572614464253972	0.6827781446951489	0.594722572417937	0.647729840017783	0.4696917195159085	0.2089041418380353	0.5252352040785413	0.1995636196506325	0.6525569463082682	0.1067540723416316	0.3891238838013051	0.7243687286866466	0.5938388647422747	0.4447676569355742	0.4989323754191141	0.4549759134019253	0.5839239567953862	0.5799606775226165	0.7764384532038379	0.5499525498033169	0.5956898978830829	0.3747967182378554	0.6168047448426007	0.3650302633819441	0.4895459897067654	0.2986608951341639	0.5205313801823969	0.4715568532587386	0.5457266841519465	0.5281622988237893	0.4875052981949112	0.4630187787633	0.3612403141370137	0.4685701552470294	0.540082538734837	0.5571883446140538	0.4376782184189317	0.5681736614753361	0.3192412634845594	0.2771421785652035	0.4792947989225546	0.4359263275890661	0.3294389001598921	0.550201568408462	0.3586482353793774	0.4851686338655415	0.5501109741802558	0.5740711124136222	0.5840984870242257	0.5185428671754897	0.5764678677895229	0.5688427766422117	0.5909089897858353	0.5399584622704472	0.4242551671699108	0.5311915734569856	0.4821794993286076	0.6868504536208292	0.6727506896705787	0.6030516826269152	0.8597241767115358	0.7145805068471573	0.7835127217446218	0.5677971936891889	0.6954444256335596	0.5227685325700075	0.812118469095486	0.3873116286644009	0.7613812030935063	0.9139328304322356	0.8407112675510767	0.7101473467700833	0.7935535292844584	0.7264406851909051	0.8187400652977525	0.5581755189081335	0.6765106454804583	0.4998565469249162	0.7214413694786532	0.4363171190168674	0.73691662299869	0.7517691827239856	0.726957344116228	0.6724046873506405	0.7294121096627796	0.6363291978306708	0.5863988994145349	0.4923554541648811	0.4229174523129668	0.7424704338180886	0.5284976386750131	0.6920134750643444	0.7079212674738207	0.7675058976707847	0.6796806019261415	0.7323987064035701	0.5395878433666811	0.6123033153014155	0.4746553578464867	0.6183790433219026	0.4727031826676434	0.6857534326308898	0.7489024697054083	0.7204150518130237	0.6495791341716529	0.8186919998254102	0.4876171232336507	0.6949104837716166	0.4437962541679612	0.7932258190520308	0.834551650667674	0.5650852555509657	0.6776204646628838	0.6583501275853063	0.6322626835649252	0.4846373008799466	0.5162888316186093	0.2554285681995057	0.5705636863008862	0.6923066551866349	0.7248069275350347	0.582862634914795	0.6006016276553139	0.3893380837117496	0.6195222357366421	0.6803222248437755	0.5079221486686228	0.6290080693462191	0.6378646733330237	0.4888855162190615	0.3007966601010491	0.6047125791849348	0.7631567922325885	0.6786167441148035	0.6056995198727696	0.6930901934520466	0.6708170702382112	0.3920907936430983	0.5328670975329916	0.4672656373952836	0.5455052040053634	0.7242524972505217	0.7602597057540637	0.7522508136015639	0.7397690551205155	0.8584884563745331	0.6857566519761807	0.7892906764360381	0.8115305560772638	0.8087953019178252	0.7281242598775793
sub-14328	0.416249881029156	0.51795845119644	0.4327117158216872	0.3805285530512269	0.1083685369537553	-0.0507346481001682	0.390576609527566	0.3708143493803665	0.4122606251119285	0.0629015782048798	0.375933122777157	0.080710012414395	0.2722969734880262	0.1223002571035268	0.1240709223524993	0.1323054880786858	0.2573582398520245	0.2753536917218476	0.1565525275419416	0.6228713269781637	0.5727584736634725	0.6560505357988241	0.3068210554112714	0.5464168922601506	0.4648275917593256	0.7163686639505353	0.5493153607317164	0.5453121993905253	0.6852931232416326	0.2463457318593707	0.5248154066486581	0.5641246747317247	0.5012835571276503	0.645421243849533	0.768317061923411	0.4881429062224415	0.4158590605290825	0.6264466013158501	0.678733874950101	0.1789433802458847	0.3422453117284566	0.2897754646590205	0.7196982822538167	0.4444292338148	0.4172221846017194	0.5960940037208459	0.1907431614503618	0.3932392407863599	0.3678645767949615	0.3572618328355824	0.3896877309502531	0.4786648394349821	0.3528655971245	0.3531204349836376	0.4875468351301303	0.1720969268247978	0.3634637411591196	0.4184499191229654	0.4278447662835358	0.5182743124782234	0.2453658769147098	0.7069653860515254	0.2281953683305262	0.2169691876275888	0.3213693989565002	0.2868645851603	0.2990524176071601	0.4610667104723314	0.4247101297440983	0.2515689604550661	0.3782172970134582	0.4500603076705873	0.4177557511237037	0.6140376127554561	0.522558647068234	0.3549809049450404	0.6391524307985207	0.1356228955132717	0.3342050961433036	0.3662295913830406	0.2906031626649603	0.5532876694315607	0.50222517194687	0.2704321372613734	0.2852617132441892	0.2000097713701381	0.1303134098923552	0.3419900064943092	0.1529860469816046	0.2089037424701995	0.2899462426644001	0.0875944050144739	0.163298359294469	0.432732915010921	0.2537172597137553	0.3988478253823357	0.2846947923079228	0.1119425512817441	0.1451637588199865	0.2711528012631721	0.3859072329335424	0.5460362864251558	0.4807338950429747	0.4139306368442722	0.0335238084294248	0.1671248949435347	0.3159029748449714	0.2702900281225625	0.5849511669779748	0.5478302069501836	0.2425420052159922	0.2698860607638288	0.1784119211274148	0.5564742336055548	-0.0324731253329009	0.501474615191185	0.1992891633927307	0.081377666282089	0.0659756826085791	-0.0420547543036454	0.2157463584829576	0.2096381667414343	0.1335448731279347	-0.0297434956487617	0.3358192661958839	0.5886389449269868	0.4817112063581928	0.2314946529655604	0.5656796098858367	0.6407951748368295	0.6543247947001599	0.6151370584454929	0.6817934501113291	0.5268157204618902	0.5312820119782986	0.0818565811584496	0.5844273627444904	0.1166192826802326	0.1185322033118698	0.1619057447860377	0.082580654046428	0.3088964148569088	0.4400821959422338	0.2371570994089911	0.0429693593666108	0.1495494335297665	0.2844424628209323	0.5292154407292237	0.6510789945900306	0.6564843688817598	0.4863395185103196	0.5324114268256857	0.3988072404008254	0.4980367637584217	0.2150142509198243	0.1882339730884139	0.2810375273996936	0.1753775981091726	0.4610627578936488	0.5055637392083988	0.262376070796273	0.1392938966047595	0.2656417212414944	0.4358087133960517	0.3013749273709938	0.0497198563512309	0.1577447924706639	0.2276821315340991	0.1336678593957389	0.4036731968081143	0.4841510829024584	0.405198755746447	0.4798680953863303	0.2903875590998847	0.4022569853549582	0.7487333186091596	0.5121878101616537	0.6024417692495091	0.5569414854437683	0.5458370050631169	0.493772761955368	0.5396846134541189	0.5529185318056058	0.6823826927843019	0.7294810626878985	0.4163714572191254	0.5397845572385787	0.5770974563078372	0.5573935592124211	0.5704910697617622
sub-14333	0.7024084880553976	0.5115268497690156	0.5069429942248103	0.4647781627286373	-0.4632805791814125	0.4245481262011812	0.3673309840331489	0.2806733239460928	0.6969859849957311	0.3117717366581068	0.7153573159366338	0.6372407554922933	0.4018900646690678	0.5436073283898292	0.7997229403719445	0.5412368715784509	0.7333402575112317	0.1808638850853574	0.1007749505442613	0.5328206923547241	0.5760535358089418	0.5773761857039966	-0.3324774833376949	0.5965893689436503	0.4957575021601029	0.5149010794315412	0.8665817079880885	0.4654516497525834	0.7742702917064526	0.8451895819023036	0.5757831747658534	0.626945586782533	0.8217628167512335	0.6969668743284742	0.8160083278857398	0.3784713454388739	0.2558147053078313	0.6082466845754615	0.6397974320788643	-0.2826994402619674	0.3546468328042595	0.4546013769967404	0.7197078521715279	0.5960888031898338	0.4285560798744801	0.5841832042022277	0.4275851417584373	0.4979921532177139	0.5391883275752877	0.5935388262603734	0.5325904591423906	0.6780875110649337	0.3272840491925536	0.417299520776098	0.8953386455379153	0.1879752589272805	0.6526128026500606	0.8581899501982176	0.6818341141489742	0.5658430677668715	0.6038943833943566	0.552863506679344	0.4768476628877612	0.8191383459334437	0.6981009822335453	0.5319692205940656	0.1724523367683482	0.4505347018866527	0.6659489114837454	0.453732049358771	0.2557397466010601	0.660632002176081	0.8109958337850883	0.7419628310861499	0.5136333239732824	0.6324991015009179	0.5337587863532811	0.4547715918878293	0.8043142841339006	0.6880291882998825	0.4957175789358026	0.1802121363066695	0.4404963445229559	0.6961986716419428	0.4311583836199009	0.3014794202951075	0.4403806119352333	0.1417337275052581	-0.4247351076885737	0.3861583976763753	-0.424596755292395	-0.273399107105138	0.3210956994855228	0.0705774138086357	-0.4487021203580228	-0.7119936028726158	-0.6191723435498796	0.52422231634147	0.1780360300682889	0.7796069267971273	0.5848954223171479	0.6240408641305539	0.745615692212932	0.3881643309755158	0.6641156499148546	0.7883470993882911	0.6375291017598574	0.5300796214344885	0.1522206672570149	0.328546777468549	0.6627744711988897	0.4152437361414811	0.5931647397319135	0.469267145016391	0.753147535067618	0.4213361705337246	0.4343260429274485	0.8508556444570712	0.7051285548413978	0.3586978434725891	0.0118760384740132	0.2279767523588148	0.7710464955540627	0.3823197309711761	0.5047650476878298	0.5240020769565342	0.3486117940225692	0.4462859210856047	0.7461147283764421	0.5007642966427928	0.4926292189893894	0.315575411105436	0.4630290379739546	0.5522083734429464	0.6528156999984173	0.3754629003450532	0.7117261706883407	0.7773125856881721	0.5432263336258734	0.5445147979391336	0.8331537559658772	0.7064174737350428	0.8335258532922413	0.2956845689645332	0.3061749393635291	0.2870180051419927	0.5532301634247143	0.6852025314735666	0.7576594706652979	0.4241673934440937	0.016985405935733	0.2030043282392691	0.7208431904802528	0.3409225049088445	0.600506938869762	0.3870061249293524	0.5312677841053435	0.7137996001042607	0.6477225747175442	0.7440128023291183	0.2306779451476843	0.0364052230727165	0.5449427214772237	0.6444848536060902	0.7865545067477887	0.616935951679779	0.6978131447191362	0.3587241384629501	0.2626527523394565	0.6401406558773407	0.4741381466286051	0.1189261951460212	0.3379872722776039	0.6590994916109776	0.4769408400021975	0.6008735754580604	0.3191618342968889	0.4795098045010424	0.5424338768929136	0.2584817995972447	0.6326709531637806	0.8414897331114249	0.2580994531318711	0.3009218504533263	0.8254432400562541	-0.0829021213617864	0.1379491140313751	0.1892267873821598	0.2776535882322731	0.4034965797634515
sub-27999	0.7302013661899039	0.5867633843177571	0.3352203905966843	0.463256093827651	0.2943973674098805	0.6251361995030988	0.4110984984113788	0.5571441638185421	0.6230830648908304	0.4466737773570651	0.6593372792074843	0.242207777605787	0.5565671277551458	0.6762516527131197	0.5083597515835601	0.4415421347021887	0.5794566161688007	0.4562182208798547	0.6037810224750161	0.649036703638888	0.6487884125083593	0.5797332359717969	0.1628963117177427	0.7536112178358493	0.7150988790758036	0.502244946706387	0.7555704426243489	0.5610242801793859	0.8883895828618259	0.3331754226146494	0.7344501460817716	0.7095214760978014	0.6297356115608022	0.7001003959264331	0.8170185290316127	0.5129439413535888	0.7596296011668521	0.6957256971908943	0.7044015492969401	0.0616107803997338	0.4282325906952616	0.399312739875318	0.7844915842415114	0.5206973857895286	0.4303058720129498	0.7182209399654957	0.1905158631601233	0.3864307016417468	0.6089797813287	0.4085808322595938	0.4318670992232885	0.5574123339698945	0.4232873911749074	0.55254107877195	0.7519209422343588	-0.056194782318113	0.3195391939710059	0.5177293537914915	0.5801682876256603	0.4966946616340906	0.3315320426102996	0.7411654296221568	0.2013214781544732	0.347941587204928	0.4809020654476421	0.3366537100612227	0.515092400950048	0.5443131908837978	0.3248390928269288	0.5913488376111113	0.0070281821705233	0.4531797398783167	0.347588683586395	0.6964723038962249	0.503278741409487	0.3680443971105236	0.7067952347563898	0.2401617619575284	0.3243332617220014	0.7012211984749045	0.3270273633298056	0.4868766371476167	0.5138427054631726	0.4019066178795861	0.6730115686180518	0.1664208453566473	0.1813825279118886	0.0561979358844174	0.0542230374852666	0.0918557776642223	0.1965502607427319	0.0108248331788258	0.1185889155803096	0.2045229766605215	0.1524046494330265	0.0580909767703125	0.0920541144931294	0.1007422630777091	0.1398315543484672	0.4963613885248489	0.4280631376715364	0.7203268092627859	0.5789470038326903	0.6169851737793631	0.2813419057152493	0.6574741270206882	0.7171409488502662	0.5372901473651795	0.623741639325744	0.7679557778030373	0.4867493411648632	0.6622931220492014	0.2648148874513478	0.4643424619960009	0.573812888358559	0.7350958163397084	0.2969436942952792	0.4626526067029053	0.4344888755244331	0.457287832868521	0.6457014084958066	0.6154172816838763	0.3119884763252327	0.554633156434546	0.4566703620578608	0.3607495210249501	0.5482855659384535	0.1915915180127348	0.3256470149915914	0.5686330326971848	0.328056422824361	0.336322171550697	0.4303236368800793	0.4317932221425067	0.5615508240970614	0.4890098129140827	0.6615683321435488	0.2864523214475306	0.6166713525972735	0.6725101433992589	0.4575212706692301	0.5789960049238314	0.7456642681683091	0.4743843694197555	0.6260773962022307	0.5039764945151713	0.3788001487876155	0.4663349234101376	0.6117877663455609	0.5948360649248617	0.698890607321293	0.6522615607790956	0.4986622108311347	0.557874272700281	0.2988522118443282	0.5473583368582796	0.7314738539204997	0.4994465745852715	0.6731807733012831	0.7362961548522596	0.4663351341565177	0.6991163952110916	0.2465881221053628	0.3036695814603156	0.2440679097489343	0.3019236084705338	0.2787084983087223	0.2444371770802727	0.2605782869391136	0.4773587144283698	0.656636867582903	0.4653983933535394	0.6718669956701544	0.4423331340413675	0.5464728103379607	0.4689849426936213	0.6315151834692048	0.678346588405315	0.5250981533197184	0.7244790057010013	0.3854625685156036	0.521919496562032	0.3790792703336224	0.4819147032027203	0.8603254892055313	0.5872772915621446	0.7728752349936927	0.663508436744379	0.7733762074503996	0.5452226099114431
sub-28001	0.346288920757972	0.230355728560378	0.3392644028879439	-0.0572699738420981	0.1947089693054899	0.4131925850362823	0.3921115747651282	0.3798387479971361	0.0419155259738188	0.3475748719960747	0.4150863490936602	0.115556964324982	0.3141803465465292	0.4719851761713474	0.3479038167212671	0.344929130257266	0.2730151620887132	0.3347140759369372	-0.0406434241694188	0.3272252697012062	0.2601272662014233	0.1774158609317531	0.6214049530428916	0.7680718086388322	0.6402307806859266	0.4480281585790562	0.5891228522597903	0.5882807951311647	0.6768844886915878	0.0196771587060317	0.4274417231623237	0.6779626442293814	0.4865278433687887	0.5300264106438232	0.4244153699181198	0.6296678399231274	0.3325123615750103	0.2112080380704004	0.0902563914269739	0.2192818960716112	0.1246318900140722	0.3006424699900785	0.1742461264365724	0.2063479958828367	0.1777242895760466	0.3021899118860126	0.0711962578972812	0.1878854920115662	0.2620527741930515	0.1504160539192894	0.20664720622004	0.0783134112700352	0.1958374221788383	0.1798287958729892	0.3098842975701453	0.3105928642538374	0.299159281657353	0.4209977623120848	0.0555348876006736	0.2854885860812641	0.2932565018686066	0.2890349648539422	-0.0729077208177299	0.2691154166425174	0.3927197449882125	0.3511956042328908	0.2878097766830245	0.3208697586628129	0.2538167693323223	0.2938913323910858	0.0957924779426979	0.0794444307468349	0.2583227693531166	-0.166851166035127	0.261998348007718	0.1195733247326771	0.2484896705978202	0.013632176583469	0.2673470128564552	0.1271802321421489	0.1242760268198458	-0.0759548991558498	-0.0028753668297936	0.2037623385076764	0.0935813571009382	0.523339515969623	0.541474677971972	0.2695850927024786	0.6207494307676519	0.5530138569524441	0.5110033471442014	-0.1351858963736965	0.3495900865136482	0.5049373320771896	0.4913557851958409	0.5336156041274149	0.4124045807405305	0.5632936451763237	0.3677320915936591	0.5328412659723712	0.3186410866060768	0.4573498165975607	0.595829647843419	0.6124901172297087	0.0592118960058223	0.3466002059215295	0.6852232777007277	0.5022904132601632	0.6146745495988448	0.5360143643004582	0.5661204204166209	0.3527885670894369	0.3368741685554373	0.4190374577996182	0.5704845661742708	0.7595379620290764	-0.0753752113059995	0.6139526157313238	0.5072302385939599	0.6572344972176529	0.4832257480457387	0.2812117770213294	0.537257556391534	0.161553213301811	0.2568667661701503	0.3852753726585056	0.3929542907840877	0.0312077489381919	0.2770786557389381	0.3381460878874929	0.3258947680715767	0.2551887554953925	0.1565134825861477	0.205626472921619	-0.0075575649173009	0.42832363473097	0.4576840155710249	-0.1176817423125495	0.2403497358760485	0.3703481104951895	0.3393733289901138	0.3336820033064109	0.202073139644624	0.4081884693001805	0.3504499587500399	0.5645940892639618	0.0185420235061597	0.595223229757742	0.5697383102505065	0.6407147653213847	0.4095848087027452	0.2580032967359802	0.5559001486311385	0.2309364020111648	-0.0332682809899153	0.4327003004785947	0.5621749831328753	0.4747704218758311	0.5368253384310252	0.3365097935752595	0.5213978870546828	0.1388305131913469	-0.0201121218071165	0.0708261379957517	0.0771266525064742	-0.0882829653882643	-0.0624888666496175	-0.0685889561916362	-0.0361173550244096	0.3323653013479413	0.734347936522501	0.1528858521036769	0.1147026899981443	0.409879532445177	0.1435605299589613	0.4775375333263798	0.5391910760779699	0.4251520149733469	0.5917877163090685	0.2855255180577689	0.2960986811728541	0.1752051547890505	0.3948636950400093	0.2259823119463063	0.5951889183167313	0.5745717529302627	0.2048765135312189	0.5673364383992585	0.2430332205937689	0.2598653108287395
sub-28003	0.7852577975502568	0.4815449272356142	0.3734571959557207	0.5669332528697548	0.4517666178610064	0.4483058089661524	0.441053083606749	0.6791978323415597	0.5292493298340923	0.3846152071421113	0.4601628975222573	0.3874504962837363	0.4379267979551071	0.3140174591401538	0.4577992046662841	0.5458982600079104	0.5528248947764568	0.664105139613079	0.4501151919720416	0.5240084610957979	0.3479562073902588	0.6212534082298232	0.5219746192662044	0.4489435287870832	0.6340592594421501	0.645052134599293	0.6065237710085476	0.3929543838600361	0.612258112778262	0.4599253701424974	0.6230132139421866	0.3515105973029172	0.5982980478041657	0.5658476939182376	0.6156635788289802	0.7308643376249824	0.4041103157128392	0.6825397993077217	0.5535877199887757	0.3355852632399085	0.3455524781041971	0.6433252842040095	0.4851168466839489	0.3578904445768247	0.2893243281758106	0.6458781111126979	0.4200999081094546	0.2356684720412184	0.4455289897671875	0.2297195776143436	0.4984044392755517	0.4506567069500079	0.4036710769869494	0.2970398698513456	0.4977627261139288	0.2817088363171603	0.2690715364116032	0.4867556804864164	0.3153850732284343	0.1525417831895419	0.2743764615997046	0.5016897806360109	0.3133122195318309	0.1588203615499512	0.3615915719149385	0.0991348445834473	0.3867078136301745	0.3791549558181133	0.238604075112805	0.159381149076745	0.4068318560294886	0.3414045588943094	0.3983304714631742	0.499876492416447	0.2704933159360623	0.2994908671442399	0.4241461075367977	0.3025934564281597	0.333654499636447	0.311592712543332	0.2232262037779494	0.5141146684028459	0.5655526812942125	0.5951710625196124	0.3788626327381857	0.5473764535301247	0.3889801882885039	0.3029381887844652	0.6160180360508796	0.5113005470302027	0.2975990164284142	0.4721733344298591	0.4370738773548823	0.4666574478333997	0.3345736950153234	0.6087346151508057	0.606775585618968	0.4893329978088318	0.509409577425536	0.3294866261690763	0.3827009199552144	0.3542631238935957	0.8088976514452971	0.2857403181111275	0.4727517780355211	0.2631069391508033	0.6176979696411815	0.2096669295630866	0.6359724780923813	0.536595454213627	0.4115538909587325	0.5372237022919745	0.4542178103405442	0.4770844271886692	0.2730055370626481	0.5695493383156008	0.3755684473128423	0.6026712084925897	0.339439100306395	0.4994136190876563	0.5139181177322125	0.550381388878402	0.4400373540759669	0.2050944656258122	0.351386829360289	0.3649505752814686	0.4462327520511988	0.3249794469555712	0.4119976570470453	0.2592675596611734	0.4206591875206432	0.4883190555520177	0.4729930392463906	0.5662163919946107	0.3427564667445802	0.23489204438411	0.3022118863171225	0.3809207830694552	0.4560063004792473	0.3081073299454075	0.5167953748449797	0.4693835997858498	0.5010871598977743	0.4708666330829706	0.2796205836757304	0.3068383168329258	0.5325751661406056	0.2949261929192029	0.6665418456053903	0.2652378793914047	0.5898967724437737	0.5028186236664713	0.3916748807091412	0.5331780728929505	0.35359135337742	0.3194767793738844	0.4700354273208344	0.3465610829601803	0.3265007305374887	0.3165017522687903	0.37360616664702	0.2376814694542449	0.3844206489962101	0.6182005761705105	0.2730208492253025	0.5142720609070283	0.4834821707446206	0.4064131947830773	0.3592018976306409	0.2034174043498879	0.7251661097297816	0.3743051487423379	0.4424326546129298	0.4539832308000804	0.223108834346524	0.1088409787816177	0.4966081706685413	0.4204402363340865	0.2771406719270098	0.4051304021614049	0.3452745972705118	0.4229297135942692	0.5030236273099958	0.1969981103193115	0.8692758491657611	0.7275472645111156	0.7081216852264978	0.7877126739873654	0.6567155332888608	0.6681184814218085
sub-28004	0.6752452215880225	0.4421556944008794	0.6304756279473768	0.1179600124557358	0.5091894496953596	0.5578344513767939	0.5836214660289467	0.6710199186135195	0.3351766815277482	0.5722530034241778	0.4781322439198262	0.5880151232067391	0.626793038897177	0.3694581766908682	0.5544299393436193	0.5110798947843547	0.4374215755924522	0.405540311850009	0.496378120558813	0.1611790032332883	0.4104562455768563	0.5434498682437515	0.4394236480051196	0.6439614362531689	0.5968960958411139	0.4831532546493614	0.3490406757212908	0.5408376592573434	0.5419304522002705	0.5429722151981647	0.6393120871234197	0.5506486102127652	0.6100920070835743	0.2123052228363693	0.329633891689581	0.2842894666217865	0.4398694218809582	0.5871557509434631	-0.1469930244509091	0.4063559027567632	0.2041895034867312	0.2687572172272972	0.5158490167510537	0.1138406208895409	0.2419343010064137	0.2882000218583108	0.2715519012135631	0.2794638199579882	0.1372952842356038	0.2305084122548626	0.4374076596278034	0.261789101415038	0.2954679470910368	0.2746990027571581	-0.1071104834708782	0.4082507477623256	0.3412297768383723	0.5346516824002565	0.5592060667414205	0.1922704221640249	0.3902780606035804	0.4396501795939581	0.4186814438216081	0.3859622182740339	0.2259066445643134	0.3691691522703656	0.3964523210448761	0.297332954639503	0.3291927190720679	0.3300307807445007	0.0018484724216543	0.214094180954917	0.0347208900324582	0.0479611167615465	0.0477260408113927	0.063433811933697	0.1873023414013184	0.0506462582553904	0.2324858004909445	0.2631402928003848	0.0973071096145573	-0.2945025109103071	0.0087803033347876	-0.0323433070644032	0.1082070773544247	0.508160058731723	0.30935714806631	0.5240489187837603	0.3856796772338637	0.5018813627138194	0.2032669993664625	0.4688556990170555	0.4265011506962793	0.354291748449587	0.4771649991700319	0.6751362267088938	0.6582300292273224	0.6324385390560157	0.5557135493900699	0.5109543659846119	0.3234429751608828	0.5566922386002048	0.68789232440469	0.4331820259394995	0.5154843734239165	0.54837721056636	0.6691095400631085	0.6449517811835402	0.5139606182181063	0.5598298227603242	0.4600941765217617	0.529848541952976	0.3161979963747812	0.3096837982296155	0.5078441031658365	0.648863942519514	0.5866575282313692	0.5352441814715315	0.3151898513362968	0.5756009311768848	0.3962845286506485	0.3703411744121239	0.2477357253814348	0.4573093253626378	0.2211064048267219	0.3678098367994739	0.2187796544172885	0.4431595452354679	0.4143633972042282	0.2590857507826865	0.3558134239840836	0.451045363796576	0.3549758645326993	0.4218975514037608	0.2569453939461966	0.3931509750706737	0.2486693105501704	0.3619759949966279	0.4892787095131854	0.329574956692079	0.4049272536439954	0.3915707037470853	0.5528830525561199	0.4409325034184985	0.4091370691509229	0.4441114467451741	0.651309993504865	0.6416039658924255	0.461747420072872	0.7752780311458949	0.5527479168160471	0.5132225388307976	0.3918899067789925	0.5496053775398841	0.4472735459484095	0.4006435832233264	0.3744614878356751	0.436959324668894	0.1698773888328059	0.1923517902060398	0.1611826933761541	0.3751496802061173	0.6478352696285601	0.2638974781784512	0.7255150098356145	0.4814154716076078	0.497258477252983	0.3928729652082524	0.4773312976860716	0.3132617101998606	0.6811729582483783	0.4858595788737642	0.5477548386829545	0.3509873646002096	0.4501904559403937	0.421924454850346	0.253533644358748	0.3188627974303454	0.3867256575097694	0.365992340503774	0.5098547559168357	0.5300017725248947	0.39833913572158	0.5482784980812782	0.7794578838017243	0.5280379685546545	0.6199549442025853	0.6570553443524663	0.6016147891326146	0.3875515394810971
sub-28034	0.6650888220084553	0.1942177408512006	0.113165684878072	0.1626245948234157	0.5155841489842182	-0.6961198321463448	0.1298290436815207	0.3068040454211608	0.0962189775031575	0.1267407573574509	0.4238471728031057	0.0068796502180636	0.4730925874865042	0.2710150775382073	0.138038191288207	-0.3786872472346932	0.4771113752978362	0.5893403764780318	0.3506315628623443	0.2886922279242131	0.2113783501464888	0.2290664375784752	-0.0005908422797531	-0.2080692573982222	0.2452864186060757	0.3869928038584576	0.05084816680373	0.1276277542810665	0.4884165212294327	0.1806903365856411	0.4814002811807273	0.081223331708931	0.2866793066173129	0.2270403243349903	0.5702791569426169	0.6678195368400505	0.4114335595339194	0.5787458981497782	0.6714495031508454	0.328796394893206	-0.0009104381995365	0.5528160361246331	0.4050066711755646	0.2347537168435085	0.1465759643172847	0.7028223719260877	0.2533443232584871	0.275283345651496	0.2377885281077825	0.2474493206299418	-0.0327242056052355	0.1917063062083133	0.1243389089041036	0.243605166268395	0.3998818234442777	0.0843275100888122	0.0097656370959123	0.6161560844569937	0.2073241662417659	0.1114640228559838	0.1311914991960275	0.5356840852325288	0.1129748976306144	0.3187216555689001	0.1841551533739649	0.2423615919264124	0.0075661214382014	0.1483977573084391	0.1223166337621004	0.2021050724274288	0.2953753025317279	0.0172392714961573	0.2925911354340667	0.3788465730297193	0.1817041032103723	0.2161668777961316	0.6621686847792498	0.2035818535652327	0.1181586018863933	0.320262205497925	0.2017715380256454	-0.0321532651894033	0.1170617422912201	0.059484168408867	0.2034632477511094	-0.3909829462723472	0.2948815853959239	0.3091722990790499	0.5128689664997236	0.1778991563628474	0.3900150058297614	0.071192471706752	0.4667782815159423	0.4832486597328537	0.2239711741381857	-0.6064937981458284	0.0902963208404048	0.1129993957345281	0.2331014919936652	0.1242542192472707	-0.0904452963135603	0.2631899570079883	0.1835221088120351	-0.0942594506016245	0.2267763398109879	-0.1043398564804315	-0.0421040488541235	0.2956190513584866	0.7046880378125235	-0.1144162511323859	-0.2694071907648083	-0.0111641902068311	0.402516619785596	0.3889571884228395	0.1407675785096042	0.5440523749407417	0.2666923442342991	0.4624256172259794	0.1444096281658241	0.3888089741354112	0.0387345903561866	0.2149682328980464	0.1449949175058181	0.2278850283116879	0.3002081134100185	0.1419084634320422	0.3359649352800733	0.1985824787876275	0.3700802211502115	0.1763045275469588	0.3192600878410475	-0.0503436432306658	0.1985264794148123	0.2091140289892134	0.3634146602171521	0.3784924076335172	0.3041717541114721	0.1595561481054566	0.5990589569864477	0.3896635025054771	0.6245466662638758	0.0140431656115653	0.2512079565244245	0.1894076433700506	0.3976224047305062	0.1739895223908008	0.3280803689233836	0.1548219499121089	0.4054387693754914	0.6527919347190153	0.2434871803269055	0.4720238840517536	0.3140049379641407	0.4855988063598567	0.1559372358383503	0.4322867908671966	0.362165938113298	0.3167793123550714	-0.0714666445469589	0.3410954540618746	0.3235886147105373	0.3657242736364686	0.069065851407104	0.2196122894025643	0.3163997659231102	0.2311313287762615	0.1675043505511718	0.0617519368183505	0.1256317335380008	0.3619028811305663	0.5595193494858022	-0.1519863263238769	0.241087974837194	0.4079136146342011	0.3828182581581791	0.4200518859215699	-0.1776938572378111	0.2042477145619466	0.2402564836768296	0.2500846685902705	0.27086700627988	0.3859954582925198	0.3555948427816938	0.507032567217504	0.3400416322340366	0.1852954808241776	0.2221086201040462	0.8250207027677902	0.6137388700357838	0.571916268564405
sub-28043	0.8204002123562023	0.5220015457418188	0.4871121563370859	0.5379489995189839	0.5715376124476046	0.5782586102881289	0.642543771548554	0.7158546673385785	0.1334077389942606	0.4722118388252227	0.6237929171827268	0.6027318734851297	0.72142968604394	0.750285404986635	0.7040948819932371	0.6727417339804429	0.6133132936113788	0.6931338427956091	0.629347374458598	0.4858716145221042	0.5181660030250046	0.5567761736430359	0.4892245255851418	0.7430209272062599	0.7638503808821603	0.7332260574530911	0.1158811206201894	0.598448585491402	0.6868323955421078	0.7389953993878389	0.7881181887955594	0.8448209939684159	0.8135346238038127	0.7324177474491679	0.7318426370078411	0.619918410235387	0.754230899449336	0.6825213205830964	0.5599111430326175	0.3625450324866844	0.4337673630640881	0.6372682756250225	0.5875749205485886	0.20812006154711	0.2537861087207064	0.6427662334034138	0.2849085519643716	0.5111151592373747	0.3777707119856026	0.4354777994632565	0.4689259620917764	0.3216693845818591	0.4810523521614508	0.3827598942500065	0.5913273904384023	0.4870196752189155	0.4745399680606412	0.6482475277781826	0.579144941819556	0.1278751348502027	0.2923148061767978	0.7694276759356353	0.3846067523837778	0.4283404972296324	0.3823013988782733	0.4588947510570278	0.4004703302296374	0.3543982284932224	0.3601838044452168	0.383222109521371	0.5636904248493155	0.574485981405519	0.7356511806085587	0.496508116491357	0.178316932538209	0.2802411721316988	0.7507752739978427	0.4633485026179806	0.4827034674112631	0.4767811926224904	0.5242941347152132	0.5876738302078358	0.5543097565033861	0.6842854651886844	0.4389932508365328	0.5536124255298975	0.529820136330072	0.4872080527888472	0.283427881675398	0.4313728473433467	0.4783292665019893	0.4759503319616203	0.4415091902906332	0.4483966618069561	0.4885662528957382	0.5876955656016061	0.5639716499767402	0.5332761175164077	0.4599417766921576	0.7672408009696641	0.5960337593106363	0.2328142742564742	0.7504015406153058	0.5961480013498772	0.6446359746881472	0.6108778813828186	0.6250983593156978	0.7502547246007865	0.7791737979193892	0.6993503868754858	0.5860416781140818	0.7623586876426377	0.7084295582371333	0.2284129319307861	0.5309344486030124	0.7441173011654616	0.612167508790608	0.6307015188962781	0.6043619013467878	0.6797887524587045	0.7367909376746218	0.7295336487410177	0.6759228417063109	0.6857961110266788	0.0574964745796191	0.422720810438504	0.6734281674445278	0.474081420567118	0.6102694387951573	0.5326400831058792	0.5976884977809218	0.590813079899025	0.5255955610754708	0.4842105038421492	0.6259597054975043	0.2732056075700864	0.1498380687164034	0.1867534086166265	-0.006069336091076	0.0532162943383633	0.0877248933850506	0.2430433564028965	0.1124710810456583	0.3156989297548449	0.1289552925224016	0.3672393597231376	0.5972108387270039	0.5077692527971267	0.6118824026584864	0.7075242622625468	0.6334791885004925	0.5712189515535383	0.3958853954943769	0.6407371414520409	0.5459099175236554	0.4835659597766092	0.5187570706538085	0.5929922199120543	0.5155020297631996	0.4480785669332763	0.5281451872455444	0.5075727779590612	0.5859968638552836	0.7452782055148086	0.7497409066714539	0.6576156253192552	0.6744400832447773	0.5313312940877887	0.6826005101992353	0.7656621354134534	0.7762321881678279	0.6902337676577698	0.6905206405546237	0.5643133481092435	0.6579499350709743	0.8338346504066037	0.6568114187784365	0.685302656478604	0.563903572198443	0.6671781408099039	0.7271905744259465	0.7134346617529234	0.5836807557097001	0.7141732460048199	0.8577772986221419	0.7204327899290313	0.7786877656348142	0.7256528883776174	0.7546730470198523	0.5872960878899979
sub-28096	0.904804418114094	0.0883624451577201	0.0688852949370945	0.2957186379838211	-0.2735190656310403	-0.1398838148195088	-0.0451875507262731	0.3570176892839664	-0.3654933205568466	0.7568941039440654	0.1696906714564542	0.467540221749179	0.6895969088499284	0.2686106844613917	0.6161725183220057	0.3597355795944737	0.599786691624223	0.9134783547534422	0.4011832899561491	0.1616860316959152	0.2681860571984973	0.3752709983013665	-0.0718787085460442	-0.0052655097757418	0.1342335397407865	0.4336119714694728	-0.1546120687064572	0.8567646844360622	0.3335829249445985	0.5194594232644991	0.810497933697391	0.4094625185857975	0.7210822151160442	0.510959239753274	0.727068092080229	0.8342255258477866	0.5218434630238108	0.7159618690502373	0.6767289047745135	0.3834223692853448	0.2588545715521387	0.7593833117708443	0.7178445005684772	0.3194428658893434	0.1823659290700953	0.6126528288881506	0.183721108899314	0.2838105416774645	0.3423907970069041	0.1650803287707331	0.3235152569304815	0.2936603603024978	-0.1153018203853353	0.3599698329536115	0.6233105120436371	0.5163417291302476	0.4230512835117235	0.8177877604754411	0.6090852700246172	0.5011112595892366	0.3532852336230414	0.626732216884801	0.2993901196686124	0.469125463671004	0.4799315510024143	0.3191530985614567	0.6206592026213159	0.5124927996765982	-0.0801568340898945	0.5552148750036693	0.4692786917913873	0.3595356078191054	0.6192252951984106	0.6152284554273276	0.3519286910468657	0.3766881936352775	0.7542139350179895	0.317761308481531	0.4230868484847341	0.4857320557176448	0.3408858167294664	0.5031527850028324	0.4365890138080928	0.1062382373483579	0.4734467253958694	0.7327305540026943	0.5008579530224089	0.3044461214625891	0.7609567662171719	0.0947304203708046	0.5718769903279669	0.0302437403008105	0.0113704797051722	0.5126567412332232	0.1217940499486796	0.4096640866864371	0.2685643215490764	-0.3880812616447345	0.3602739229639717	0.3650363158510621	0.1940521157635353	0.6545479377830694	0.1858084482283525	0.4753064690401876	0.1176413294677616	0.0933772346269143	0.5783791496450502	0.1946011854126109	0.5344535822877884	0.3049160038317393	-0.2758109986841947	0.3614146725602043	0.619172516570554	0.5238895387885936	0.1826914585608042	0.6886195439960814	0.1859666149657116	0.350569046627585	0.3606747854461758	0.1705765104068089	0.4411215477522499	0.3819026193480022	-0.2158308987835071	0.4223875426940442	0.1581114560100801	0.4014955431945217	0.5048247904501809	0.2888898773757785	0.4504520247248783	0.3681222471390312	0.3566074929347725	0.3649151361788609	0.3806805572990644	0.1883304188891661	0.3071003912424033	-0.0031725840683836	0.4826122349162769	-0.0315173453022432	0.0819474512570855	0.4322698105124294	0.0482972544583143	0.4485287081861858	0.2441439307080072	-0.4907025138490366	0.3956771536822503	0.338502192060477	0.571617960900462	0.7564128963043422	0.5220321897230826	0.781720914240254	0.6222554991021629	0.7611538033523474	0.6727472041684872	0.6163208414415348	0.2812632666473505	0.4219196872499476	0.5969523325811542	0.3907214347949419	0.4992419430594726	0.4709078723301523	0.0003399635716331	0.5181011723986544	0.4847362301259581	0.3614856799037837	0.4383757487019684	0.3599577182193569	0.4523470825197712	0.3981091608085113	0.3619642362590261	0.364974595964535	0.7845424110587407	0.632855371619424	0.7035859897946974	0.5688112456558835	0.6244381430338725	0.4401338520363755	0.5591744500863647	0.5179038463720089	0.1246971412251178	0.4695288799433654	0.5221412553086893	0.5943517791055112	0.4988908512730888	0.5310569397148938	0.8041791204344495	0.2727143692855113	0.7609183084467387	0.5771062131880257	0.8042633256022367	0.3295433847214972
sub-28129	0.8445859404644923	0.5090530168300766	0.3572961370964142	0.4871837938557117	0.4421520049813371	0.6010982091667328	0.5015975605601325	0.6615395874593973	0.270566314283537	0.6103734736805169	0.629965778626382	0.2840265959666334	0.6374909413330381	0.7134166598481151	0.5401650513941783	0.3788236210795284	0.6714305803386315	0.6099399190785085	0.6331616363746682	0.4639233777503784	0.4554328007812815	0.4643101578060118	0.4839866304534298	0.825334999376346	0.6573470798091511	0.6788499384366776	0.2181486292221562	0.7697503754528082	0.6610618332970483	0.4241562384986367	0.6695663197867976	0.8386203918252577	0.6385897417554384	0.3683356165010161	0.7005331998739909	0.6237637415714313	0.7116433347270172	0.7281102845769104	0.7068289369522351	0.4647470186095119	0.470054123561495	0.5137590782965733	0.8459332600831866	0.319335750174751	0.3896601502659236	0.8484909615255214	0.1974876322521006	0.6547998594303979	0.3187684076826212	0.3209329269183819	0.3612493368632973	0.5591382753030046	0.4770818251321007	0.4916255324102707	0.6525747499993686	0.4256128104320606	0.4741878936398002	0.4514919911274495	0.6954817011323214	0.1304858999616559	0.3974906029092128	0.6446078599575914	0.2159903551812324	0.6257096132694581	0.3558427456205027	0.3400304172595539	0.2203161236906961	0.4367235857064292	0.4481222962865309	0.5162247691970173	0.6615668736657081	0.4870290071715502	0.3858858907333682	0.6789560000991097	0.3770219281256315	0.3208990583996851	0.7119884800102555	0.0835698730387491	0.4172027910700588	0.3401679298151602	0.2297004784770143	0.4051509223947707	0.6528712089233486	0.6486710200383595	0.443194419540314	0.5144369554973875	0.3034321900557732	0.5069123934381058	0.4699484524569254	0.4074992724344473	0.5225670280546894	0.1283673107390873	0.3248273867631382	0.4491374061083779	0.1979770692888141	0.4850669804461078	0.62485158407771	0.6680921189105264	0.3956979679495558	0.6312010882349097	0.6537444885870547	0.2287117927305305	0.7074819758482418	0.5931661126732205	0.5298260253211713	0.5866629492863402	0.7253139856428042	0.6352916365085595	0.5008389673257486	0.7317180333540377	0.640843380961558	0.7466174009062305	0.6691280021335256	0.2237212484415949	0.4404478798880672	0.5702120989368304	0.4229557075839105	0.6642202516128447	0.4558927916247879	0.458771100323916	0.2378123584042551	0.4482222337861627	0.4286583687633397	0.5389015054022668	0.2904701994406095	0.5608660801992	0.7531048487824098	0.3874754490193506	0.8246230440925464	0.5127608106121405	0.4875233151230219	0.4209368246265422	0.6595268415599476	0.6240994769661694	0.6753317610896636	0.1793633897090711	0.3310961323227655	0.1147876562914585	0.1785645763783396	0.1270799196208664	0.0806291977809073	0.4495043453969506	0.3707258491934554	0.3811665569460203	0.2115127833833824	0.4560031495944948	0.4638451496916366	0.5165395131677587	0.7444714059439435	0.5827139484659095	0.3945784525439579	0.5844237331736079	0.5093008048956704	0.6212616573436388	0.2162381482912334	0.6253751295548406	0.4837712342049027	0.3987019361651634	0.3934596913013509	0.6497024630243978	0.5433582080350097	0.5335065476212195	0.4805558405618743	0.4570324621947085	0.736265200104844	0.2923391857970284	0.3202273418407261	0.3062086882324454	0.5476685671789928	0.5372153886395336	0.6708498883242117	0.2679958720323835	0.5240348330521158	0.4646205137237847	0.6771737364796775	0.6590391901577209	0.3199598342761922	0.6375324576177931	0.6152005025183733	0.6112148669748556	0.3328112746356675	0.508488837537433	0.4506284865568139	0.7356535222346129	0.6281553746154683	0.5357623083206846	0.5660028596651389	0.8128522008159935	0.7042422455618806	0.6084227799713942
sub-28132	0.8768946479464618	0.2376380177912914	0.08312383448994	0.2552027469342142	0.6419519439261083	0.8404899699672643	0.6083052338685091	0.7711564775920831		0.8906692611075819	0.5877704408403757	0.6610483333199667	0.8540335462021534	0.873475619554708	0.8416218053698499	0.8863838232000498	0.8951879405543421	0.8314048636302417	0.8402149858159494	0.1670849031482775	-0.0739985429345786	0.1997932649929409	0.7684395612789136	0.9674829179557242	0.7633592418288804	0.8023612553039403		0.9631690953389974	0.6260972365672185	0.7591933840350682	0.7991521376137758	0.9514231862655484	0.8665589385588577	0.9579144650437836	0.9712680717836883	0.9418652549555347	0.9093039330590368	0.5186996634248279	0.548106136801888	0.0749022269461855	0.085054857600907	0.2498093359748371	0.1717702669737364		0.1888497393256485	0.4219270855718077	0.144767880475977	0.4777881906883819	0.2606192433627168	0.3987807406742935	0.233240453647686	0.1697333074151486	0.1455622587227957	0.2071114135414236	0.4317656863431843	-0.0701509001061359	-0.0957975456595996	0.1500920384404829	-0.1442230669674533		-0.026477163749763	0.2544666083629288	-0.080402376514111	0.2760574571075318	0.0284362232878197	0.1423848314195004	-0.0253433753746802	-0.0270373242169862	-0.0864124608635694	0.0407329378323907	0.0605726355200714	0.0715395052262688	0.0946075581234899	0.258303058507051		0.1884168980618755	0.3318600402408982	0.1194219890305712	0.4463903561761958	0.2720037502123987	0.4159043465385974	0.1640663789818042	0.2209656806928767	0.190065465290766	0.3397753541338069	0.7992321208794075	0.5498636675693773	0.552720997886871		0.7618011767295877	0.4348440766463289	0.5482086631194886	0.5667555094236584	0.7944489041211668	0.5638169067972045	0.7448514328926108	0.7253931120920115	0.6421324391053771	0.6685690718065673	0.807248645242007	0.7617596650597831		0.9478040504772478	0.5798978520356304	0.7417191778306966	0.73677279748605	0.9208590058476118	0.7942661362007842	0.9462522552744588	0.945158620616009	0.92333544623203	0.8636164198268974	0.4720359168188569		0.7290366005987668	0.627627950848636	0.5574385448704421	0.6685338999902384	0.7003914122501397	0.6433836359314948	0.7675348639731656	0.7649691087587137	0.7513882030378493	0.6041141565103393		0.8213119111549164	0.367340287136586	0.5781660896748843	0.7141819888790546	0.7799745110943979	0.7819490677300293	0.778251513429522	0.8286995390709567	0.8079597253080324	0.8555593974633355											0.5646712727225801	0.6778931212282584	0.7930119871240175	0.9576201888394342	0.8704330866790921	0.9441027079732336	0.95583713777761	0.9160569908074696	0.9102071965682929	0.5399485352709114	0.7277456156002539	0.5879276825504487	0.6624053294021894	0.6399206303925707	0.6502819845446505	0.5807731665278657	0.5840420743905377	0.5642130398309576	0.6609493190619791	0.6715382748211838	0.7265712087583013	0.726970714800514	0.7341487071515196	0.6726206132155113	0.8123927774496644	0.822899658238099	0.79237950526652	0.8417392355588753	0.7272012446889021	0.7949991019732209	0.8691085939346929	0.9106365051148928	0.9217608519293194	0.8818444788620871	0.9164718255016092	0.8848646886938889	0.8844994511404962	0.8411405012728049	0.9039062285331054	0.9578494615856784	0.9174862402442996	0.8798726490462366	0.928775402479562	0.917106061684081	0.8877251946563369
sub-28146	0.7235697804772734	0.4274694260075701	0.3256803343962216	0.4500892413395724	0.5346981245102003	0.5169925767235078	0.4076276842638141	0.7247868910631223	0.3734706567463678	0.5309912064604388	0.4880022697500307	0.4598361204361108	0.4017330393011652	0.7257207014361604	0.6374765918426766	0.5797968622688054	0.7302831010175248	0.5622718120831608	0.5519041947299707	0.4721057520717962	0.2299542435882685	0.2623573223994035	0.3012486320325582	0.6831681439911435	0.4472345622520385	0.7323176957392314	0.3136779879519464	0.63753176880266	0.5817424072170804	0.5663055268038295	0.6817080149844135	0.722459681705372	0.7486508695327282	0.5510665570103626	0.735727272872379	0.6272106385135973	0.7310129884666823	0.4597418371634199	0.4843702366504996	0.3103644551832671	0.2441702748813283	0.1679654290633412	0.6107720950839507	0.3793644045536537	0.380778642579527	0.6037246177031563	0.3062292891849776	0.1506160172090689	0.5171323155536183	0.3499560231910793	0.3638539526233872	0.3595906880648571	0.3414875706663863	0.3167283889611889	0.6204781705364243	0.3872033746929447	0.2690444550825319	0.6082223658396257	0.3592037133444401	0.2854070975855034	0.3953046742048109	0.6142967467024695	0.2725490782971116	0.0647700197559447	0.3446648414364248	0.3026575737933782	0.2472648295970968	0.3764943960172845	0.350146236835847	0.2476410425317258	0.6775021934447608	0.2607840239718805	0.3377019641679947	0.451246301202706	0.5699269177583364	0.4827284557785137	0.5595777484517689	0.3602848136403072	-0.0193900093041187	0.503969943534539	0.3993280149037781	0.3194311359454028	0.4821669228163012	0.5027678661973516	0.2912156010298737	0.2921946227094779	0.2557105658266905	0.5805707589921922	0.5498510381444249	0.3958015326973303	0.4395398420360407	0.3282118165451541	0.0628771799920921	0.5064576741934484	0.3211087969055962	0.4610038867716828	0.5179525804093797	0.4535686734136301	0.2920259926215186	0.5785390917627032	0.5078387929448399	0.2356308140637525	0.662063942377471	0.4331404991125534	0.5628374117057923	0.7723834573630979	0.5239330667552642	0.711939560618449	0.5307117396803124	0.5809017770042252	0.5158784629422347	0.6486405697213399	0.3526911068089557	0.1600146316950919	0.4191626223233969	0.480836559857564	0.2966577001937539	0.5322618204443914	0.3371841080408047	0.4097350764352291	0.3805125372604861	0.5146829850923099	0.45347724293678	0.3846871387313167	0.366921564076562	0.5046325901755303	0.5708406443152476	0.4759945556257725	0.450416566964685	0.6713248120548829	0.5249400534678508	0.6378625875823876	0.6375104992557699	0.5798099832461762	0.5462894500352863	0.3980215153088108	0.3549496122284095	0.3149886768190714	0.0736678790365612	0.4370617636761013	0.3159702002403643	0.2815402688416998	0.4303810182620534	0.402257332276153	0.3275399909324979	0.4190553770222366	0.6540945984734094	0.4298952552984748	0.6272226402000252	0.7151304179459942	0.4988118575287668	0.5744841812261833	0.5991052221983056	0.4959481007003925	0.3541405586915542	0.2948568405858859	0.5759714504249975	0.4842760922673277	0.3899848250855335	0.5708858093254326	0.4726922947533593	0.4821428271327842	0.3570344127661076	0.5834849989547177	0.6906690427838215	0.3989365437936596	0.5081043967663867	0.5425370928359987	0.480072758320652	0.3989844801059346	0.5377708534801795	0.3589049504335634	0.4572495361208713	0.3685987903961165	0.5395750689138543	0.7288420472383962	0.595533066663636	0.6688772873088107	0.5255183642367366	0.5539491111657662	0.4828152593609865	0.6716616606175282	0.6107580292213863	0.6168873619625024	0.5159026934562285	0.3794279818107129	0.5027522282292869	0.790797003047294	0.5617948683083226	0.4534206377595274
sub-28167	0.7286508759926716	0.2777032538641091	0.5394202692968915	0.2302739898280902	0.2569051389951755	0.7002165839481781	0.7542015233335843	0.4347433959994597	0.5489135530970477	0.6593711167934295	0.5453493851984387	0.5328130149468427	0.6465965819980583	0.6032135888493927	0.633345001094735	0.1546555224606176	0.284654822828648	0.1943056967052988	0.2647326539359063	0.261443181030225	0.5716120658733407	0.4442762233486771	0.4039716967263937	0.723964838620182	0.7913089586397708	0.3462437069206653	0.7610079886872846	0.6569228809933599	0.6566284509408006	0.55008787046505	0.6173456598663021	0.7128725518240874	0.67166261412637	0.0516526138170306	0.3192384848247096	0.1875357864320835	0.1398329769367043	0.3029672800173939	0.1368621679975223	0.045771410567584	0.2338050995125372	0.3666540921455541	0.2114333005381418	0.1080044165428504	0.1993378758693788	0.2766817706947809	0.1139887085486905	0.2055235345138366	0.1844943086352372	0.2562670967891516	0.0237239490058684	0.0589091406716318	0.2067215316288421	0.0823185063082702	0.2233323986309061	0.1313031747067885	0.6242740626444139	0.7253321691598463	0.5096744775211299	0.3577102257393789	0.5337021203560912	0.7722377067848014	0.4444889261260857	0.5185589226556696	0.4638698585365043	0.5772170236001272	-0.007515858258896	0.2545966261234968	0.2161324067037998	0.0603588658883866	0.1031018977782524	0.2045654555961604	0.2943267588229283	0.1035830067152476	0.3525023034679327	0.1870131480674108	0.3890044691268819	0.1624342279518408	0.3389639213299822	0.318851340662008	0.2672385212078357	-0.0159376798151474	0.1206740818394942	-0.106411470298318	-0.1135089852157335	0.247012477799545	0.1666248898188503	0.0714612178327078	0.276072921001418	0.1916090134176558	0.1606088114866647	0.1279185904377315	0.1408157964263364	0.2949803459486141	0.2978697447933345	-0.051462401937255	0.0551564957031252	0.5669179997491164	0.1503629105923201	0.8526585038314427	0.375268728808253	0.6741941948385851	0.9020515593122724	0.6119273448058881	0.6915299497990592	0.6919029379979414	0.7736775972507182	0.7208520384610829	0.0685590290849532	0.3450848369494049	0.180403262507496	0.2151358878848211	0.4175043613492525	0.6564791810921238	0.7339156789796091	0.7515095874945735	0.6384800428176299	0.7228693294975665	0.6825583577774665	0.6799760668344991	0.1171503343700501	0.3397643775390088	0.1555378255063156	0.1852696247231607	0.2068899293647093	0.2827297779977248	0.4387973605578085	0.2979983319198895	0.3477110959027603	0.2381927567055229	0.2960394484137312	0.0161780182751194	0.1784189492392526	0.087930383574335	0.0766912464091976	0.6212386415828667	0.4899555856172909	0.5034309399290631	0.5112336849671492	0.6092510105511578	0.5829545994082006	0.0699747771414105	0.2515838722602088	0.0957039997576169	0.1397828213661774	0.4696125491567285	0.6883128507878139	0.6764533520859569	0.7680799684575417	0.7382695530564249	0.0594740563719002	0.305934803394347	0.082489242582816	0.220321237497252	0.4770654093733716	0.5542457351763762	0.4741862285922438	0.5401243581672566	0.005971322512486	0.2413215020025411	0.165087474543973	0.0228838919079863	0.5324496893815047	0.5701348788088629	0.6097935223422551	-0.0018332555095379	0.344520686063207	0.1021505008226774	0.2443957417518776	0.5552510660314753	0.5997391869342695	0.0777949030263182	0.2130365754931887	0.0822297578286462	0.1353571607800082	0.6564314554071051	0.090603748961979	0.2833870703134576	0.145997504476928	0.1643809003920459	-0.0270831187311461	0.182762416889034	0.1732319874747664	0.192243708227287	0.2590532772250561	-0.018753787898406	0.0074693210020903	0.1632252655987617	-0.0191454830800919	0.1178325036637529
sub-28177	0.8948035706651061	0.5869822482943187	0.3458961579861608	0.3544139713237859	0.7965684135782474	0.1803276412920582	0.4487496397083142	0.660772176651056	0.6245338034234064	0.4358638281610001	0.6206268809085809	0.2525952318851318	0.6257750249364619		0.2138738259625178	0.1805105696492385	0.4753520173800193	0.8740051497164807	0.4206261472341668	0.7218624907893215	0.468778855849041	0.531257259763636	0.7366846894795144	0.3603150370276348	0.618507797569823	0.8101499443334073	0.7268823230880205	0.5674818384037523	0.7832729297267939	0.2900848574775625	0.7196360526498576		0.2846340689370564	0.3833791771085316	0.5104481868897124	0.7796262399777629	0.5416969292585723	0.7840730207948257	0.7796485249032784	0.6131300592753214	0.3488558636736228	0.8390819787944904	0.9369159072443332	0.6471790604917989	0.4906883241255595	0.8834771954592188	0.1165862582883313	0.6850160856433024		0.2848454819092089	0.2602762245325059	0.41669165158159	0.4622974975687088	0.5299620719259177	0.6759464727786526	0.2476143690020491	0.2041447903505757	0.6754406497936625	0.7285684200447674	0.3429427192676301	0.3441599432036311	0.7601913835215477	0.0743284724592943	0.5473070124986844		0.2268388407519659	0.0886389729706751	0.1743559126259363	0.1752590976979584	0.2163173309282732	0.5275847286266264	0.3241897360719168	0.7049824260141373	0.6856314407868017	0.4668279660896804	0.3927240627083412	0.7579503253404889	0.054382345627944	0.5212115052351493		0.2773314080542291	0.3286854359376394	0.1983279796248487	0.2199995087659469	0.3398770401038403	0.2503787125511706	0.5151715417499637	0.6158971968738813	0.6469849173748895	0.464372759933628	0.5541989942651773	0.1506493876836714	0.5083753582927729		0.3118833813961619	0.2701000305220679	0.4878663364296112	0.7798231805943948	0.5154729199609732	0.633412753539403	0.3744776198027248	0.675053818117446	0.6088308202606546	0.4565597410196512	0.4556280422336402	0.2580904547451981		0.642121560178147	0.6726015111916895	0.6880551948736521	0.2383957687732465	0.3472111618035909	0.8146264173705491	0.7022842018033645	0.5745681063534821	0.8824121872788698	0.2599924448017628	0.5608035577863865		0.5648766044908328	0.5009654982937479	0.6362787339354588	0.4127705857912286	0.539110179961081	0.6788089417214597	0.5533149692097697	0.8754593495713351	0.1736014615921143	0.7545883724810841		0.3031592797337419	0.3014835357248125	0.444916719914947	0.5234357503266704	0.5835755007686528	0.6265633119055974	0.6821535552598402	0.283834477957408	0.4925246657966677		0.4803342619393053	0.5973363287071665	0.7432118419302225	0.6464777694549293	0.6322867227081569	0.5330584303060304	0.4958290346119672	0.4471589762281076		0.7044538768776698	0.3159945712796032	0.3844662290781069	0.3977215572521373	0.3581242231510448	0.2142118666410034	0.6981207620621612		0.426549606510775	0.4496687149781312	0.5112945462832004	0.501885465725856	0.4763510604116679	0.1587891455271497		0.4895876219132029	0.202888453760473	0.3018313309983765	0.2680261122103529	0.1687599205985103		0.2538456813285645	0.1887344987366274	0.342428548372263	0.4549000404822933	0.3480118819078571						0.3798699289451421	0.480897285477093	0.2837995178899929	0.2071665288072429	0.7029098469729244	0.3113578707809937	0.4371285858541248	0.6301181806327986	0.4923723000208854	0.4688493844612227
sub-28275	0.6600729487775973	0.5038370389645735	0.4724544220513992	0.5401609085420451	0.4221320501829719	0.4463549302212556	0.405869775091613	0.7567754848481977	0.4137848673403877	0.6357441077408175	0.379085015974853	0.4937284849226876	0.6027806512984315	0.620494052183721	0.5644966626786632	0.320516596522024	0.571650267867354	0.2843315864837419	0.506802056513133	0.5446772057194416	0.6359078744632412	0.4985346049008901	0.5369743059092266	0.6102290922378931	0.5950337994543583	0.7381921507098194	0.4504133411036229	0.6171974591928591	0.5673487166889742	0.5458931663335552	0.6793398244318022	0.5718919186521026	0.5114068823982915	0.3999563273274099	0.589099367813314	0.1873171806574469	0.5095040655650068	0.6732296688200283	0.6924942154834852	0.3891697428110452	0.4528519650852372	0.6916343994121361	0.7988390099931864	0.3941823608925073	0.5915737446352387	0.7485154020308193	0.4643987798419451	0.669202577577478	0.5537217397512566	0.5339205054871721	0.2600857791050325	0.3057583748058948	-0.0844420221928288	0.4031277954990899	0.6395666142631711	0.5218601799764903	0.5721304964644224	0.8038087972303875	0.6570442641211739	0.6131768909319639	0.5975243669191361	0.6617055105697781	0.5927320066826259	0.6170111123470663	0.5236060779786624	0.5020959860479512	0.3455013952299884	0.4147755112246435	-0.0768710014346647	0.4785120286168394	0.5551613202084954	0.4005078610671526	0.6481278842095478	0.702755645082029	0.6399561558888684	0.4354323742288281	0.6660964989337079	0.4365663297621522	0.5101097402628769	0.4817483819956776	0.3738779728191668	0.254205759221993	0.4860162983819984	0.227257746020461	0.4862843124779982	0.4555512054360227	0.5039923914665866	0.4750548046330083	0.60359432172384	0.39270212587864	0.358579007987475	0.4403213314933523	0.4126984057105364	0.4883442950476083	0.3394513989884757	0.2885802728937096	0.5082808097409274	0.1805669678280474	0.3437060251372361	0.5386321852211656	0.5799038845988854	0.5012105903303856	0.7609329378781505	0.2890256416741326	0.5717869944559957	0.6606811164935263	0.683069047450424	0.697008028644608	0.6942617133061246	0.6457239083769584	0.166250893594037	0.5988139952189214	0.6774402675743627	0.5620081381250364	0.5116660900077471	0.6745794187814195	0.5021194162995039	0.6135298943828285	0.5048031409296575	0.4181298432647064	0.2212468939287209	0.4180424030015272	-0.0325376473913792	0.3685549038033376	0.4941168086102164	0.6929182203240013	0.6345695971885635	0.5431540429144422	0.7752334203618182	0.6928713108824048	0.6123345335252867	0.3602134854146043	0.5286133559576154	0.1168800001552161	0.5882114423036527	0.4364568125827797	0.3187224550326755	0.5283763855646999	0.3947860461144777	0.4429769265749848	0.3345480220497769	0.3529597799179473	0.6084046076171886	0.1984745718087519	0.4452214733597999	0.3867871313099801	0.7270423083652108	0.8621542605210027	0.8508067542526182	0.9173234090155796	0.4892281641016872	0.5027815526623486	0.0221271487124842	0.5332090830940417	0.3773022387190433	0.5481327221300216	0.3324385615739325	0.3494760554645028	0.1503756730766218	0.202562920136005	-0.0391629944376332	0.2762746084749162	0.7022416421255313	0.6626003634890264	0.7014742612819735	0.3498540572158655	0.3970384029090222	-0.0660496688143334	0.4169555489292785	0.7648316412018943	0.8196603629295928	0.3720871291514987	0.4006922351918545	-0.0413930476688727	0.5385146767589748	0.8354006542342081	0.3687626228100016	0.5163625619659151	0.0497601626267604	0.4446041225126304	0.4239766883082064	0.4252767639764003	-0.0075409188891545	0.4938086817212181	0.650596929907982	0.4081543140245309	0.4994098225204925	0.5168261509360513	0.5282952657191562	0.3098639192221734
sub-28279	0.5824522029133541	0.2100545320184442	0.3911320790272314	0.6645491719982394	0.2563095300517733	0.5688383582784986	0.5318589846990891	0.565091926329387	0.4195850660092566	0.4189803352506965	0.5911102741608466	0.1848304261493115	0.4335295578854888	0.7166494551544587	0.5584909393176815	0.487527131636363	0.3921443287858643	0.1753479317658191	0.3383924293347315	0.2502727929138352	0.5228439661059159	0.4346870584507817	0.3954682190735385	0.691272703199759	0.6566331109394343	0.5515206457792763	0.4226696695219492	0.540061920804204	0.6616749186265654	0.3772654682908966	0.6348524812732063	0.4888238193385411	0.7293850502839745	0.6023700067957878	0.5426786787690489	0.0542398908743022	0.5138506615037566	0.5115344344503033	0.4329430979620863	0.3695230971492579	0.4456486016253101	0.5689721665243471	0.382057172020201	0.5589630342502838	0.3583234722659797	0.5733452395860821	0.3879037359275423	0.4132980764231143	0.3104168742020103	0.3952655392145143	0.498010165232348	0.4322655862944171	0.1872013362742617	0.5433419552954416	0.3882011656649785	0.3399720800579734	0.676877491751834	0.7546079000403938	0.5572290398947046	0.5739788753080777	0.577236902557498	0.6341551324082488	0.3972474344833026	0.526795973570465	0.3974038902385785	0.5961444063022495	0.6912475697103192	0.6142743822985495	0.1062106516416327	0.4858753343355009	0.5196032451452001	0.4871990780082665	0.53711509093654	0.463449063255227	0.5300568918539539	0.3979887270309844	0.7327426753800312	0.2024371019828097	0.3788546433351318	0.759425269342399	0.4602307055170674	0.5119095923754332	0.4231675496365576	0.4137270394850632	0.424653597368919	0.5062355582782992	0.4971584163918696	0.3803032623165213	0.3635934486927526	0.5899034649887114	0.5531569976484612	0.2130520345524635	0.2372898086531841	0.5102742764138731	0.4621361388894973	0.5929966285423931	0.2266572627131058	0.7390930913924352	0.4639462339421095	0.8199772146438291	0.6284282675734026	0.5589413645247524	0.6278160940587598	0.6469193076377088	0.3034685877831313	0.6768509339937059	0.5405883755509628	0.8222852106783802	0.8556271525881254	0.617792354175824	0.2640976196044494	0.5879394681048742	0.5770216195449792	0.5639214284853981	0.606803898537198	0.7723975464439057	0.3382903898150119	0.6213681768038449	0.5216845605729004	0.7198937196485	0.8974414401810452	0.6045908754950386	0.3032135331794229	0.6937983179842379	0.4066016249972264	0.4836111302368495	0.5775422350264754	0.254886139495449	0.5439863225497216	0.5492038380093484	0.6292174539803312	0.5002120878429761	0.3599099384401392	0.1536156860245728	0.3459160894204761	0.461948129693264	0.7049451704364397	0.4075529898242683	0.6139422569409695	0.4139847361101399	0.5430806130838951	0.5336669938464124	0.7173240017473587	0.0190310796655455	0.5286636302098141	0.6193614315591296	0.4216942824333721	0.3775863360231986	0.5330664598995372	0.6078969174236413	0.6840926533076114	0.3969170312159505	0.4154052306499687	0.4439627993982157	0.402780569837456	0.5907609238606131	0.643206189490855	0.6533228468805614	0.6758814637361565	0.5588190166188942	0.2950025080470866	0.6141824021516177	0.2914137869040478	0.2605768431407336	0.3473214310751529	0.3356156975315425	0.3524685742278685	0.0321252335747367	0.3278276132248962	0.3365455327197713	0.7240478941321331	0.5389490857568895	0.5996732173149257	-0.0486342947792348	0.5137954202455647	0.5241204314891275	0.5313335666005242	0.2605922028748828	0.4153940234015562	0.2918581247328284	0.6903183146445625	0.5482292238656606	0.1765237605141088	0.5083839655579494	0.6304996601709797	0.4178818437451984	0.6831291216824532	-0.1100476741306965	0.544377395334279	0.2503312556416762
sub-28280	0.7676176203992968	0.2840236863587209	0.3262844952739638	0.3813467514895751	0.4570664229301414	0.3289546130848804	0.2636649874600054	0.580610024661037	0.1892194626303619	0.3633532115838109	0.4238197716239166	0.4744437267243467	0.3633105621147933	0.4239802122413795	0.3613696732992889	0.450195775898613	0.4828696596192093	0.4148134291147881	0.15297398047277	0.3960777418158004	0.3572190348808209	0.4816546085927349	0.4798040216550815	0.4491546194615453	0.4434613863777512	0.6822892641060972	0.2039812677329667	0.6477852735581886	0.5840592059701437	0.5604882539825293	0.4666270998861603	0.630990992838111	0.5587130543176732	0.6074161782455714	0.4934366683667966	0.3301255568046263	0.2420430977600403	0.8059744473900021	0.7307803762882978	0.3522325315112805	0.1892135613768475	0.5778391149441106	0.7630794695232779	0.3397352337869779	0.2833378166516324	0.5396807221468342	0.2520573536616226	0.1771522668768317	0.41715298277092	0.3112397283656506	0.3187232762160272	0.4994309533623247	0.3081518686764354	0.1983796977620145	0.7896703017268875	0.4656385304618485	0.228154282879181	0.5794879412889554	0.755948699526149	0.4846943702352269	0.1749950481034782	0.5590901406772416	0.2740441623919367	0.2329104901031009	0.4252614368470019	0.2742618009013585	0.349396488955586	0.5098651911452626	0.3069607156600448	0.2358220687988803	0.6267312077942856	0.2029215737661607	0.4898902559096089	0.7578947467908292	0.6116492548383407	0.2944325631665201	0.7568182647107242	0.4328355131342504	0.3639784379847081	0.5487599402203287	0.287993173785514	0.4648989387643288	0.6820413508085822	0.4797239463469683	0.2201435350884795	0.466773117714664	0.3878231792251994	0.471084261238348	0.674009238526502	0.2816635454733165	0.5128290671004225	0.3970752995976872	0.3260850736873746	0.4784064346180585	0.3744080226390407	0.5842533625432009	0.5606049355616166	0.4542840671884197	0.3771441586016009	0.5566697097364358	0.2287134637846182	0.2623418183650073	0.5210505683827403	0.1205924653060827	0.4121612560711618	0.2178813620175811	0.4043223443709393	0.6412352342636229	0.6312529152199038	0.3698483679383196	0.2255680849384559	0.733601157944479	0.4877997808936355	0.2596110208184626	0.4852101644248739	0.4133802162583501	0.2830483827965507	0.1796014000602539	0.4367054381299187	0.4820044173246243	0.528303282154552	0.4923187169909068	0.2656718093956001	0.5231202663002138	0.3036178682841977	0.414411100543814	0.6907537414665219	0.446556754072294	0.3562340663701069	0.5882554209595243	0.3650922122022	0.4562942752493992	0.5935480377696616	0.354708182676389	0.1478013549957537	0.0949612796785981	0.4297985395828818	0.2794557377014032	0.2197922688077284	0.3811303146323403	0.2245548468112256	0.3539019822190977	0.4555691037441109	0.3423525726141999	0.2965160073568177	0.2574015394268424	0.4233012004909371	0.4658427602766549	0.5873185019641611	0.7105858873559732	0.5355301386978856	0.4861630053475105	0.2451482563742127	0.3951025871174885	0.4385209146633725	0.3301883046374805	0.4332360783589306	0.2378144278684347	0.4286980994845776	0.5303346960751048	0.4037205018788994	0.0198144443788785	0.5088356396434741	0.5969889494391185	0.2961858236204079	0.6056126774084495	0.5746799299848506	0.6177559011302385	0.3831468960483145	0.4750554638969873	0.279593953519846	0.3886246043839243	0.390237853064044	0.2395504828673596	0.1981374534042971	0.4418530365714255	0.4391382326720088	0.5594259765203602	0.2744403812556545	0.358096688356426	0.4731832305486354	0.3331577220387647	0.1585613019105679	0.441976343645717	0.6646204237470338	0.5140443124933474	0.6032362501562284	0.6899142162761482	0.3970614723717746	0.2512602292029214
sub-28281	0.5585363977755541	0.344924770874656	0.3246098944889604	0.4952064181024872	-0.1331641451681786	0.4549045458804076	0.3630798025183255	0.4282569535528175	0.1719145086630113	0.4451245391755564	0.3200768275270294	0.0395983365477784	0.6389093990107514	0.1757988450974238	0.4187775176738022	0.1517904155706804	0.6253619874603821	0.2937644395012153	0.1390945225020694	0.4797033544094182	0.457543870984697	0.3424841086095086	0.0765371512506913	0.7056900265933939	0.4684512831917168	0.4826174936289004	0.0752182331615773	0.5400729769467549	0.5800723733607878	0.3693949443289692	0.4056241627281626	0.5011763760961653	0.3391678522182255	0.6407771383725342	0.5292771284903408	0.4553531151642461	0.3968917042407447	0.8349813644767162	0.7764984218718914	0.0969195550671007	0.408679222872678	0.7044987753253703	0.8133476734282183	0.3870742031336961	0.4396166063799622	0.8728449208258588	0.3515293567366733	0.4220060238526026	0.5016684444041497	0.5232047856733532	0.3937240087066466	0.4820834024139518	0.4393793633709362	0.476264500181149	0.7137060523456995	0.1136946675803389	0.424427971378301	0.749542114563671	0.7075354084002836	0.2951459086267324	0.3419285338535737	0.8085827875381691	0.3043022900413943	0.410193637671538	0.4463558643675404	0.4781564168317483	0.3933731515897163	0.4241848678678936	0.3950657933470031	0.3686895828642896	0.1538513702365964	0.346283678181655	0.6555000060001461	0.7510747109939219	0.4555309802435455	0.3944887032247901	0.6796002543508987	0.1809803479518245	0.5522704000726483	0.2996817706776197	0.5015066568371769	0.1493904134887568	0.4311438741542388	0.4407372950731174	0.2132298238721272	0.3766503889574847	0.104172492645508	0.0429401186181379	0.3722416031926678	0.4451555822587737	0.0269756276989333	0.7194384073802182	0.1055086209914802	0.3940030638916706	0.0402443797861839	0.2990221491958663	-0.3214504645303023	0.6096670543005175	0.1342615320396133	0.4300408253747016	0.3999421449897413	0.1441598629059681	0.7444721368045535	0.4118177079839928	0.5528348851933105	0.4411763607600265	0.5551449051717031	0.4873390119464053	0.7263312780157498	0.4737741488272455	0.6905612814060229	0.3875966207942129	0.6934026293128689	0.2997692381749132	0.3922921510679373	0.674614411777657	0.2451837642280361	0.6327509935452226	0.395166166476371	0.5525937222507211	0.4374368857789079	0.5230417739449724	0.5387717659060841	0.2849603211748007	0.4535255223701171	0.4629416904622116	0.7927679796009339	0.279806028686228	0.5139363098178307	0.5164491314509055	0.6332196920152733	0.3248813809470626	0.534232299072324	0.4491987197924596	0.4480259507064505	0.4006355494975101	0.3641762415889078	0.2663209684617817	0.5234539052914472	0.138119575413216	0.3096239337495864	-0.1633807660321665	0.1109891211236391	0.5024987175511251	0.2363864277471394	0.4344157381330135	0.6308919263740812	0.5038527291429633	0.4999845745126766	0.5023134616787516	0.4761054497585469	0.4241880782416839	0.7161847797210008	0.4227878883229967	0.3370581909039806	0.3853592526024061	0.5704383844177914	0.4332131597554103	0.3941043375444267	0.4937303316563345	0.4107038586354436	0.4736682089018302	0.1561212217190341	0.6196339964124117	0.2369044437820997	0.5801141317246573	0.0630417174834887	0.6415079213972689	0.4447625224609176	0.1197739540893156	0.4409318140378512	0.1491264300590357	0.5186833121480352	0.5556941377685584	0.1750677228351297	0.460812296059752	0.647167356651043	0.2710981835021425	0.5090129501113281	0.4743099180454939	0.3473072585920428	0.6068096338733743	0.4362995552654475	0.3793158284235864	0.4506590656831384	0.6182019737674724	0.4798624516103926	0.4156253401398126	0.4633743515415351	0.3861726675177338
sub-28282	0.7113835295460635	0.2581231876007859	0.0380472337133548	-0.098460932327952	0.4995775146877138	0.3133263323262267	0.3021006555579724	0.4641952724178066	0.3119284441162147	0.2931620907841982	0.5352137398705129	0.5571535310590611	0.6079195269163357	-0.0706313563197852	0.0992240044987963	0.3804400663065934	0.8066863654270537	0.7986168082224173	0.2391851632142233	0.3945177435317762	0.1905070064310235	-0.0353135420363272	0.5635723374093832	0.5284825006507253	0.4442071023831377	0.668108359125755	0.4720935596968189	0.4401539693775562	0.7032292597634504	0.6952180463215488	0.7593295108554877	0.0962486295963506	0.2365319061446336	0.3327822540827855	0.6587973642138167	0.6548061456033245	0.1997745125962621	0.4800541871800869	0.2935287610889854	0.2470928522242819	0.3982015485491231	0.5388355505151762	0.5329880586254626	0.4769896210467071	0.0104318926992444	0.5174473943441118	0.2336949821816627	0.2903085254605586	0.043973150735507	0.1351000951209128	0.360386197395952	0.2351445537791824	0.1606650211218041	0.2824056551445519	0.518852529475296	0.3008432865689196	0.5249094527131116	0.5347559188678089	0.3811866788364945	0.3965747899081384	0.1588635179619015	0.3998667528985385	0.2222791239594593	0.0989933751240937	0.4403605090700034	0.4590729397522112	0.4898709241111889	0.0967891167947226	-0.0947137662045532	0.441960876307281	0.0619049124573612	0.2242994296640707	0.0961656782939578	0.1666264083992442	0.0246027942665616	-0.0329493347245714	0.0816413988621955	-0.0033278895037207	-0.0980580890067171	0.4036765919127136	0.4566945558113364	0.1933305731137648	-0.1524744005253978	-0.216167859373685	0.1967896393624235	0.5881506698876886	0.4238119595256206	0.4433962521333383	0.4465139466908314	0.3383433408931773	0.5567559820136678	0.4575106687945752	0.3780347835384871	0.2282729351002342	0.2269460278480095	0.648979442890796	0.6503725347083013	0.5930747907553247	0.5493936884188285	0.6815725309742213	0.4817996958312361	0.5568378109877932	0.5490825016866716	0.5831297314348504	0.4642610853301298	0.3940811333237713	0.4459111329594091	0.4180664375164962	0.7267599001329333	0.5012333504305884	0.283029719389036	0.5957647172930584	0.384393040639513	0.6236278743281061	0.1856013639319516	0.6509381857339114	0.3448849939377511	0.5066244915865606	0.0655471357934907	0.2570239845955194	0.6522770807396899	0.4847400564951019	0.2479535474618373	0.4836244526592573	0.4153578172719576	0.3364147030543093	0.5749475290960061	0.4292855500069102	0.4662232577976791	0.1778758636888291	0.208147927759044	0.3629697357445548	0.418529575479199	0.3803659201815363	0.2863079846113516	-0.0586548698000035	0.7120582729757119	0.192931603450948	0.4730730483268052	-0.1081941347345207	-0.0162297476748237	0.494357171002227	0.4170659407218643	0.2702283461755291	0.2675463739883893	0.1737294385126467	0.5250753499893569	0.2457942166946036	0.5192986456785229	0.4528921534869976	0.2948029028793517	0.3654205281233291	0.3079188363769944	0.3526687848232291	0.3612324675916366	0.6645521010311966	0.0091757022794	0.1619698672216804	0.5432018891177459	0.5729152406176714	0.4805671474214796	0.3378078308899601	0.4565926145523129	0.3743064002477991	0.4019418439214598	0.3274502205385534	0.5448623629932816	0.5218300250510218	0.2957937440054434	-0.248963329645213	0.2008024365638707	0.2429003358091298	0.549208509433608	0.5263475960406846	0.0012241595731159	0.5671493751183739	0.3193395492053086	-0.0097543306564712	-0.0553842196048634	0.5293682429479063	0.3137671382534154	0.0213814498036064	-0.0215537050100281	0.3121097043966028	0.6685864171867701	0.4521611863923765	0.8065710682561641	0.8757924961058405	0.5194344981027657	0.3392917198232281
sub-28284	0.8860422776011537	0.4853864341465792	0.2636446924244546	0.5588880461084149	0.70301353589621	0.4065066117691125	0.4814808797454347	0.8358900979399538	0.7530848661241273	0.6595575439412011	0.5090187404336001	0.398925750508834	0.7097916796036344	0.4947075176719241	0.503201827337994	0.5422414575040404	0.8123561410216988	0.5018724089531124	0.488610508729121	0.5528347889754653	0.4133400026201431	0.6211903064549098	0.7790767326326293	0.5306210959824882	0.5950072812244912	0.8986832323348347	0.739693740404665	0.7369152553461134	0.6337235662503846	0.4806791977200144	0.7477847333903693	0.650912065881587	0.636499582171821	0.6320411849821292	0.7832607578340232	0.679856250746287	0.6460452427384121	0.6482496650282342	0.7578886289199944	0.32895532409877	0.4653923047897455	0.7385556480141616	0.6813878611098746	0.2720444769632583	0.5229319325059686	0.8607663889951704	0.3874579187420428	0.4992911474858771	0.5594215716340039	0.5290882982743245	0.4436597092916273	0.4510571573517541	0.1912209201542841	0.5785211970646067	0.5175488183561648	0.3186126442385996	0.4236922364701108	0.7449407332989335	0.5339024545215721	0.2978400991813755	0.3982728135370657	0.7673841005929543	0.1880308189915946	0.3440379768603178	0.5212358785528917	0.4571427327053391	0.307084662015023	0.1899655233774176	0.2558400108295392	0.3451732689447169	0.3565297617286492	0.3412074033707458	0.6848796912054909	0.6671447139072519	0.3735351970954251	0.4933279009632726	0.7446393474692444	0.3118912546056647	0.4993153978770195	0.4784311923941216	0.4539848255118077	0.3947195780314534	0.5799083849288136	0.1923021644915336	0.5389613765717892	0.4948763721233384	0.5115908116119604	0.7180584007595647	0.8298440293037036	0.5225980404903814	0.4427723952967471	0.2609435782195688	0.6343100934893721	0.461097635541966	0.4400549715378722	0.6115063225024022	0.6849027969786	0.7617489509831977	0.4791431564493577	0.5806892263572865	0.5701047155171828	0.4373482805861146	0.7557227857059866	0.4762455963689853	0.494960618081866	0.5988473973429504	0.7199047800354852	0.702069290646435	0.8000132644031792	0.5338566701709682	0.4384174533779015	0.666543621425913	0.6507265918427784	0.4625109143501524	0.5204062976253805	0.8132610576883996	0.3452803012843556	0.4930540521198837	0.5510176003862607	0.5082684302153485	0.521526132206892	0.4597035484666568	0.3211699393986037	0.4746924886681152	0.6913792281968665	0.7891285411791926	0.7443353700467534	0.4726879610047773	0.7854076660291335	0.7178501836114969	0.708176419677559	0.6581919872580848	0.7537222144725324	0.6039890333081439	0.6635098762875625	0.522132185874371	0.3909601261192547	0.2223496696141297	0.5833333135087135	0.4110720214044772	0.372755454964049	0.5197248235486575	0.6783184189988363	0.566656844418782	0.3942740569196881	0.5436622471933271	0.5464673846827628	0.7988392879374173	0.8139682745830927	0.8394941941543451	0.7184014570554699	0.6601514272107234	0.4907370602945414	0.7019571598282459	0.3916151213072655	0.5278265316575009	0.6142692581431372	0.5856873256603617	0.4682933106290607	0.4518936465358577	0.3180701455761366	0.5295594266868762	0.4658874682653073	0.659720216673716	0.589639151746564	0.4407013112854542	0.3439043398257365	0.2996897664162756	0.4884869837915394	0.6915546313713258	0.7823974716347502	0.6534979807052724	0.6754340151176157	0.5175743985944611	0.5385508092563152	0.8893262494196407	0.6376458628149713	0.4587071723291152	0.4773444713360988	0.6770059725049042	0.6690656832056145	0.4779622697072147	0.4688625182055772	0.6739320071790519	0.7242872698895445	0.6422249416985005	0.76387786559256	0.5563328613009014	0.5621647565154979	0.5124097231790791
sub-28289	0.8788280936318814	0.4402218602387061	-0.5902535594089896	0.388968635950454	0.720752777509106	0.6861944211087821	0.4377158434504303	0.3872587650025059	0.6692123003216796	0.7680807552715235	0.4983771475105958	0.6908121153210475	0.7913299399216133	0.5588789106673497	0.8842383767128249	0.7033897383523027	0.8175184293088538	0.7880135344260105	0.3658052276921376	0.45120160887402	-0.723702163162428	0.4824821493628836	0.8203281134701365	0.6624064750793532	0.4287945412642457	0.3242677118444659	0.8699633080874032	0.8446405762642212	0.5850168039140113	0.7562201833561755	0.7993449928882392	0.7034154632460713	0.9523331123345026	0.7991951416651921	0.8701581056240449	0.9370058500512148	0.3596323574040243	-0.0203723999908533	0.6963163489738209	0.475686103647842	0.4628253978829051	0.6623912872432955	0.640688734503951	0.4294559043087021	0.4059769464233586	0.7078501523782886	0.4512331737490873	0.477814141493705	0.4246609184426209	0.4052229790371118	0.4471435761210937	0.2665912773791994	0.3813840533456134	0.2886916957547678	-0.0591404811235165	-0.6664230317954437	-0.1794186036548251	0.1672648252409276	0.079608666243905	-0.6894213042297371	-0.5054013047779333	-0.0927638624397961	-0.3561737121649854	-0.3612070291875177	-0.3598716316166548	-0.7117272769295165	-0.4657027262394217	-0.5770564575185531	-0.7202227672746421	-0.1093445870962845	0.5917587080502765	0.3631828773033088	0.5514289363544357	0.4910381409037472	0.5525449392775482	0.4133060169339786	0.7340725464952973	0.4217814419296508	0.3909718285352268	0.4633996376779883	0.3922784945129708	0.5075554443249025	0.2675698317610914	0.4729780984461721	0.3528920232222235	0.3775012706064547	0.2433652129690588	0.2790446952640107	0.8473850571639565	0.6416111752080228	0.4974124665646598	0.5244801475552844	0.5412839995137727	0.6204783843959523	0.7769156312837064	0.6706595663906016	0.6586199326053833	0.8377228072569524	0.3122627884310461	0.7366668089111954	0.5067869604017324	0.4696129287342667	0.7817767313104393	0.4967450403882014	0.7060058475793337	0.7959633714019863	0.5721585957468683	0.6572985110162178	0.7287609202162282	0.6391316309150674	0.5597503782992652	0.429520556564111	0.6714012828355077	0.2916961998213461	0.4999806258472987	0.6867572587685417	0.5425212375783622	0.6654042693903527	0.4238174467702252	0.4104799830544269	0.5491213535675925	0.3913410788941794	0.3460864146831768	0.3546483527508577	0.200259901089233	0.336543843840836	0.5220188350446647	0.3695064715155946	0.5170229123910697	0.2554549130468422	0.3049068562078892	0.3327429101203921	0.2665854173370193	0.2510201904387239	0.3822971645651775	0.7558824982409869	0.5721446090283728	0.6334711835448602	0.6063406125399019	0.7102217078103455	0.8290991333623233	0.7634211006442492	0.6928659917378617	0.8704385289086819	0.2500931664255045	0.5367609858697433	0.708913851459508	0.773082285682884	0.7487286425469665	0.8401965267397655	0.7495033313989521	0.798087575897303	0.7842184095512971	0.3407698081071035	0.5934667103419989	0.5537751649406017	0.560248229575617	0.5419060101996095	0.5359940287308528	0.4354551229453153	0.5260696928851911	0.2184483089514109	0.7335181074660788	0.6841936941873457	0.7285213830822733	0.6932693659611276	0.6795997509374471	0.6876438406717029	0.4002149756407772	0.5369628402962942	0.8070845063194558	0.6508773889816413	0.7390417366351318	0.6745949351309497	0.4228747004778324	0.6546338306434725	0.6816450263939973	0.6322300251250758	0.7018611863964448	0.2218609958842067	0.7523989437472515	0.8691062861401008	0.8961705021059675	0.326829891706877	0.7789049689753391	0.8037819586709939	0.3864771252009852	0.8432200806670864	0.4013715709227234	0.3189296637636712
sub-28291	0.8287305519172935	0.4869873409284243	0.5167461572182224	0.2441055972936749	0.354806707386708	0.6514655152306085	0.6655045826470669	0.7933933795940545	0.4379006417901883	0.5813347629477664	0.6112955715279355	0.7054209569604655	0.6822027726302766	0.6437074701116305	0.751198223876282	0.6748551396635123	0.5221788637480892	0.6915838313820831	0.6870153001604442	0.4697534750246496	0.5514822450188019	0.2394349197665285	0.3224330848530145	0.703300759552219	0.7137463172776733	0.8269668685738712	0.6682584077318506	0.7403888371519253	0.6442513887020436	0.7258882799898094	0.7341682700253748	0.6954219202003005	0.7633621363958955	0.7188286052512832	0.5588968001006666	0.7207443231125582	0.7465572263337803	0.4130673887461893	0.3262485314033695	0.1653596434206914	0.2883413507094717	0.6851392663985176	0.6492200290566728	0.2601757709742452	0.2565468855103475	0.6651585260143102	0.2545943172812161	0.4337229517707047	0.1912246466286853	0.2782969372742132	0.4116764984997323	0.3685876997636295	0.441218899063406	0.4114651899487633	0.1710838319735227	0.0514449455566586	0.6076519973757202	0.7108326768285845	0.5880077384142057	0.3981329065655734	0.5218124530100546	0.7250388943718351	0.5299947428286126	0.5092046299525832	0.5265210263531467	0.4493115128978147	0.5673774305518289	0.5089994708225891	0.4830387305507323	0.570173936297687	0.4035853739896382	0.1737780608072418	0.2737191213405668	0.2492210069463667	0.0243065952666963	0.076590901505577	0.2885242560931663	0.1903516796315302	0.2062700029610372	0.1409282472036434	0.1364173568631556	0.3198555427584261	0.3904655101261639	0.3383860304997353	0.1889717524079194	0.0960178365479066	0.0976455445436944	0.4269227799659397	-0.0983066766104509	-0.1081843701442626	0.1352534153934632	0.1090421878451752	0.2838792125059539	0.0331131858139682	0.1435789631331372	0.4030527520968259	0.3838576539985985	0.4180198863921128	0.3728681081674096	0.7241513885496258	0.5020173984461361	0.5998417457505142	0.7879483157186982	0.5267859624441226	0.8178132646367214	0.6301084563658894	0.8348704927185975	0.8488304915261765	0.8639458893203201	0.8061646415004038	0.7625616107836025	0.8045482749647563	0.7602999301636255	0.4449635866018875	0.6215321040628282	0.779225135347127	0.6169069437127562	0.7194290417107915	0.5719083106447705	0.6903786679276271	0.743041482846499	0.6610160153375937	0.6752797826741604	0.6898137890822434	0.3654084148573746	0.4460972658584201	0.7553138693635308	0.582135606811237	0.7244479005502857	0.4772252514085521	0.579452312416081	0.5893386750042459	0.4776435965164912	0.6213113507242504	0.6735628794016648	0.7950683610537113	0.3793546022337608	0.4729960728677462	0.2345398546382857	0.5956268762235878	0.4985681203297771	0.5468530825912199	0.3989835806556148	0.558180551552432	0.5107656366281317	0.4433511971120946	0.7327190429653226	0.5067878033288492	0.8204919346766251	0.785919695207217	0.6628238818826497	0.5086878919857254	0.6167949063581903	0.5888076813372617	0.4952271591923453	0.593766681591519	0.4431564273330186	0.4193817017566441	0.5129054902543051	0.4554928852787924	0.498594945846817	0.5365245325718243	0.6949720034221014	0.9111246263372056	0.8618127160365777	0.6704190011398735	0.6004188551963273	0.6815733058007125	0.7038303501098759	0.5677417037502994	0.7504756316024992	0.5774388378275372	0.4896146874912309	0.578115668866783	0.6597028108078677	0.8221480097359185	0.6739724102650821	0.5732080210987013	0.658727214009261	0.6404149328275967	0.7405970310054122	0.6244867332753499	0.6992365283073868	0.718529377755965	0.8792491054982321	0.8508012543763767	0.8492844328403952	0.8094914815878133	0.7543997736344459	0.8098676695010666
sub-28292	0.7731033683606382	0.6961646468461642	0.5314257254936634	0.646158387558531	0.5650561129584789	0.6252676376311678	0.6474354157103742	0.6652550214402898	0.5563792227761027	0.5589574719526876	0.676809527157287	0.1727752139494484	0.579624216885871	0.4264714990775796	0.5688329014887519	0.531254414093374	0.505102143253556	0.5469789045314722	0.6016609809485017	0.636480851372136	0.5392461442036796	0.5727990060900308	0.5238257738341906	0.7034730106705809	0.7529841657956312	0.5522897891631962	0.646319103255109	0.680562689831843	0.5458197438380612	0.3153652584564558	0.7153367106555633	0.4170149894112311	0.7397300616542951	0.5244312473271839	0.4813075922509719	0.5247003661591357	0.6164432787229165	0.7489476348416194	0.7241822775569061	0.5430648414766629	0.646824879394735	0.6267673631770689	0.7977849834712428	0.4224756160588738	0.5837700564842164	0.6113982252828715	0.2888686707768181	0.496044593830918	0.5492437120530673	0.5672943035959431	0.5579118872194418	0.4708456741793951	0.5001918589241549	0.5807805380765471	0.5614692613963166	0.3632684226998208	0.455413094656423	0.6363046276484178	0.5654595728918533	0.3571688781010084	0.4655604485044857	0.5522497124865203	0.2699773793593843	0.4385873652147457	0.4256690285024519	0.4435607375883746	0.3475916638127397	0.2656071187761953	0.3129734166450729	0.5015496512490442	0.6455499096360162	0.5762150103973777	0.4168372706422944	0.6672796561887528	0.4850023514364661	0.40201871686571	0.6957546188569695	0.1475210638186269	0.4087648814630357	0.6891000384027618	0.4779083801238676	0.4214226074865734	0.3929071790125657	0.4661472530796805	0.4479396035850552	0.7166792000858154	0.4530309004902061	0.5305743181050058	0.5090601557863264	0.4803303260852911	0.4340688133380216	0.2522233377520842	0.4868095017407417	0.5651501949511152	0.5233748034134067	0.7382674063906295	0.7078284055642763	0.7657226396065271	0.6692478772094267	0.6820544411874013	0.610414502832429	0.4959046487091826	0.7333753240795701	0.4709495680702298	0.3753226871994845	0.6791792562223408	0.5810104955727607	0.7225431018397489	0.6549081276941361	0.5965401428648495	0.6295191022111271	0.7145036879592556	0.4933296151916083	0.4429396201398411	0.6230237684276327	0.4797014251974317	0.1979142126820527	0.7260461252088882	0.2687117437717911	0.6936226109346911	0.5477043985433245	0.4493111555439826	0.5128215557283039	0.6947377990060648	0.3469494232613065	0.495858680776312	0.4832568528144784	0.2939090057610317	0.453414131930655	0.545595949968542	0.496086040359905	0.5294079288561043	0.4577904943235545	0.4452727520486441	0.6026049499869768	0.4961931665656443	0.3707388354267415	0.2702090728375846	0.3484355366724423	0.3832217628464724	0.552644751853847	0.4790286656751317	0.4822843507054312	0.5047124859984107	0.5093053052394912	0.3557951988315412	0.4664623384579761	0.5819402565390875	0.4777085666035676	0.7417183928235835	0.5935978523542347	0.540846846854135	0.5476709186675827	0.5986563508514895	0.0513387383466749	0.3689018478454143	0.4955489186751756	0.4069555852238652	0.3204453454237289	0.304172615540014	0.3369661657466187	0.3619172535412051	0.2496513740223555	0.2625175750118936	0.4010761657754427	0.4640037764934817	0.4028748883653723	0.3494754828514211	0.4271507826682044	0.297538620743371	0.7074004344040118	0.5157091698899355	0.4690299895272571	0.4820754220661396	0.5970229009601575	0.411141778733425	0.2893789130020682	0.2962065399578726	0.3380334139308193	0.3432641989910316	0.6072985549368384	0.5610053708178075	0.5875355123242606	0.6460392926982662	0.8967980299815901	0.8696384568648333	0.8055754797277163	0.8731982890560905	0.733484186265993	0.7201823835568164
sub-28297	0.8154201080704865	0.4499382504305526	0.3219379988804812	0.459002566640769	0.2350728768663228	0.3560884301895206	0.5165437161132153	0.8178737267742473	0.1652278706509644	0.5676411211332274	0.4606968928927245	0.5718325402150282	0.6472976631292973	0.5697727786416429	0.5377947805457561	0.3208242995104251	0.5773257662359151	0.495638566738573	0.5565521330274437	0.4598827381114627	0.3887056459853935	0.4842232010643441	0.3181449448570149	0.4870455832394879	0.6588071556715109	0.8988594112514201	0.1140654904745346	0.6636419489162446	0.5262794856352326	0.7246748200620095	0.7201522580542389	0.7643073074776402	0.6881927770892793	0.3837385494143824	0.6495514671234568	0.4741851460945721	0.6470601607192092	0.6836056487937621	0.6876079652216303	0.4824602369935332	0.2531909103830042	0.5855809786633949	0.5524747633534138	0.2530915554120462	0.3792879804462967	0.6966089983258195	0.4340955215565869	0.4430218341468112	0.4077418848202055	0.3642901069941975	0.3114049853037821	0.4842588160103787	0.3404348641512966	0.551593237919878	0.7893854765332261	0.6360666780026911	0.3540759585323192	0.7738563415918175	0.5432978322184443	0.4885713813210108	0.454221144064458	0.8268437345496666	0.477894203981313	0.5354023496111913	0.443673985215053	0.4370583223674748	0.4071300689332516	0.4577192229811383	0.4419504166398603	0.3418398161093468	0.6995441760833654	0.2265966679721099	0.6189512035894301	0.6504056747408764	0.5801992228405477	0.3516756601732266	0.8850232312678266	0.3568774435648232	0.5733026244443123	0.4307053009488876	0.3132226690102536	0.3971390906585859	0.6174438834182977	0.6946175720259247	0.4199646226700266	0.4656296074182116	0.5205616439673487	0.3990947179391996	0.6090115775160648	0.3345662248540923	0.5933624157465988	0.3250769929482392	0.3511011195758718	0.4633040128294726	0.3566290823430571	0.5931628588576112	0.5870612912449263	0.5732894590070502	0.4572738514713545	0.5493647560895085	0.3722346537826286	0.269892122048992	0.7282338875317202	0.2630684446867088	0.5090712300305487	0.3326732126639526	0.6569524315740267	0.6931571070681195	0.7230889085545691	0.4579873129452201	0.2392000573534698	0.5408051496426256	0.712022413344887	0.3269955015607096	0.701530346442152	0.6817253128091941	0.6618960376417937	0.7637195662661985	0.6250222444882911	0.7071183894162707	0.4499387908745179	0.4725413948404646	0.3907057582267138	0.4377068294760621	0.2853185895139529	0.6018224715131464	0.6982000423021458	0.6593103104972795	0.7245541131015992	0.6471770979305674	0.5731026826940546	0.3676005211443526	0.6688982315678368	0.6109889736469749	0.5942804551733801	0.2602265504803758	0.547345325985427	0.1014475635997544	0.2456264765673984	0.165711791388722	0.094592918517224	0.3592061429754634	0.3552246920850059	0.5314259353398136	0.1708812338659257	0.4509769562802916	0.673363138719171	0.6678624907872484	0.721166046001921	0.8459859827555489	0.4392299422053699	0.4751475853760038	0.3697380596921498	0.4659216903444129	0.4230923317684615	0.5800869068785868	0.444694330962922	0.3795737371195456	0.3365100221070884	0.5336670249883245	0.5990435796764577	0.408897716516258	0.6560373263447555	0.6399756970185931	0.7373025985004044	0.3763637760296968	0.456062809712351	0.2963042252946875	0.5561072118628464	0.5278982903244431	0.6361780227184416	0.2783465078842648	0.4595272530956972	0.4429945836976362	0.3637767963340437	0.7619428665339789	0.502193505675618	0.6427131886929441	0.3586390299382644	0.6258638687869973	0.419339422484225	0.4232692026559226	0.2886179987415059	0.4910201564054529	0.6659441454508629	0.4402584711812103	0.6078433831552077	0.7535202090679136	0.6732556535495147	0.3631706982955665
sub-28299	0.7132421338381956	0.490100677625758	0.4798168743153474	0.6762040309514314	0.4734740248866367	0.2598057507916417	0.4707396490301387	0.4630517257880978	0.2733896864704045	0.4894424561772707	0.5128615145752607	0.4248088211740896	0.5771664439926655	0.367031316458329	0.4829774936280508	0.3083626078701474	0.4297621281298065	-0.020190401376629	0.3970757335524475	0.6434661347568867	0.5885868791740594	0.5816925973317099	0.6140556416982804	0.3944248396424333	0.4160859258648005	0.6840687168526396	0.2124499935877788	0.6307533474450843	0.5840436086245135	0.5881091315882151	0.7309586743172716	0.728575405299676	0.6268730765399491	0.3714147922907624	0.4326510238065993	0.3444933741522004	0.3160038927459921	0.7696098458206811	0.5213454562048997	0.5064260290661092	0.4083133919391362	0.4876156590640418	0.6669251954874568	0.2499891421613084	0.3823495173756555	0.6674015697478435	0.4304135805967341	0.6070914307314	0.3769994706013844	0.5156190407895281	0.3523233981730905	0.3059413036617363	0.2298408521946119	0.2454450308497315	0.6025173646745438	0.460921475995816	0.5610475303903676	0.6827341779860429	0.599350535423199	0.2759569198779935	0.342254346618763	0.6980810174997851	0.399055743295781	0.5388749436069372	0.2971148162512063	0.5065977864336528	0.4507635178830477	0.4653620623280285	0.1579327073166842	0.3567417639019957	0.4509988496287477	0.3586031020603923	0.7223649077145641	0.4109595956048192	0.5246286914976971	0.3671773345631216	0.7721168854931103	0.3581230186822303	0.4528686111070882	0.2757836424433072	0.4431992648243255	0.5029103424974086	0.5361515997535098	-0.118290274698447	0.5082383941033722	0.2317664871151749	0.209784911509458	0.3197361576841237	0.1031462035182195	0.3054149534724113	0.287085105139561	0.2865965035943226	0.3867675691877117	0.4590466149807496	0.2791121880840259	0.1753039677975739	0.2486698258341954	0.2798929776997949	0.2181116591356185	0.5959930960035813	0.4130949041780054	0.3957386428486372	0.4503399144167991	0.4159327607422816	0.3261757822089402	0.3671304832512688	0.4675816145718617	0.5610509274506101	0.723530902211599	0.5874010893040076	0.2133456979338492	0.5057799239109542	0.3742439388683732	0.4560484899404066	0.4725328804497267	0.6852683836407094	0.5015058688859788	0.5205313737093962	0.2105006464448671	0.6274251134020324	0.6273371790227925	0.6286536863522603	-0.1524337956700673	0.5567282687184798	0.2008457077550361	0.4075006512943419	0.6234957004395704	0.480228142567731	0.7519639400500441	0.476716805640868	0.5703355893764137	0.312114149151641	0.3792694339719452	0.3976642958019296	0.3255615391124817	0.1523500005439137	0.5101925566174013	0.0794854304743968	0.1307692306276483	0.1296766484958629	0.229946881368311	0.6008986000986496	0.2399754263228619	0.0942646239051475	0.564385274388902	0.3532780476075504	0.5748254193347129	0.5869893560021846	0.6331929032887862	0.7501653673540088	0.445116377157906	0.5237781193750671	0.1559926894376619	0.3227537451491611	0.3552652592773151	0.5674194578578624	0.2878177764293285	0.4696585620975957	0.4806059445309417	0.4177763547109942	0.0999765091559059	0.4728571728740904	0.6866078533269796	0.5001689847887648	0.6984272317418699	0.328345104618271	0.3831624833420791	0.1270340691270867	0.2727490829582312	0.4691640222484561	0.73222627285438	0.3318363694272276	0.399948186367463	0.238564348577081	0.367794971883762	0.5265793967938655	0.4477516640720311	0.4204327283029233	0.3139529434942771	0.2915548537141422	0.4871191537020557	0.5391285476240183	0.1651590261752227	0.406432542118144	0.6174816713560662	0.1267189340349465	0.6881123768725749	0.0663191321266661	0.4676320929585321	0.0326612463113074
sub-28308	0.8780358697691192	0.5588398943528853	0.6021500907966163	0.6050922416782665	0.5472114094646757	0.6145275769625479	0.6903754560218369	0.7398123392040002	0.4232627967386709	0.6404447018618806	0.5527012636467946	0.3092271242470619	0.5301394187695126	0.5689891050518057	0.5621590822367497	0.4356931502498511	0.4064321578722165	0.3972345250687035	0.519052390941792	0.5774924552296129	0.5875429619705326	0.5947651531035788	0.5424786298387352	0.7324942359910668	0.7725963726438428	0.7245375964857949	0.6289667746367399	0.705535593496504	0.5645596099586856	0.3157757366232693	0.6937465323529628	0.5908063742491305	0.6846191904299394	0.4912657339169323	0.4342384860957627	0.4525157514280858	0.6049788298568954	0.7125738232262201	0.3454523828137324	0.2863100820720454	0.3518731867047892	0.5992257575026847	0.4960294488536301	0.1994091479443158	0.3888564749457748	0.4999483754707453	0.4180162478534401	0.3237216610610377	0.4277690617278365	0.3944560901033735	0.4029648667786144	0.1617012474895699	0.1721985525257468	0.4591664728665606	0.4472007972825937	0.2546990092873213	0.5053092031342448	0.6834624864866572	0.4751902879797527	0.3394290313858093	0.5116286367048973	0.6289109229410489	0.4808717570349893	0.3114351075862382	0.53622921381288	0.3673179187856668	0.5103788969272255	0.3331352018170663	0.2727292943136985	0.5148751695582051	0.3016989460065939	0.555510836804584	0.6969554403023076	0.6268896578837655	0.4929798359537198	0.3329311831576164	0.5133007502563224	0.1678317208712983	0.3865602487159689	0.2584163116423947	0.1901061570862942	0.3994533438005091	0.5614637958606401	-0.0247642361013683	0.4084138957601919	0.3542748809245099	0.4675749561933415	0.5498608458344686	0.0403346065208706	0.3881380622043397	0.1233697274049092	-0.0724951587635975	0.5218961278027803	0.3290806652013016	0.554055037015021	0.4357274945883481	0.1191062733064265	0.5016478346933524	0.5179919584431337	0.7589848297334415	0.5529679435357233	0.6401078223344934	0.8109032978631051	0.5821414979356528	0.2590271607685773	0.6716577276870795	0.6593976365728735	0.563471581758448	0.5230203941696081	0.5794919260149759	0.3014002030094974	0.5120455956505415	0.6965525549930239	0.4746410190451397	0.6186821333062568	0.677112370080737	0.2537859146769957	0.6630155163797298	0.4549364005625084	0.5238709557787732	0.608133243173237	0.513964612781628	0.3219145794334097	0.5935742499972023	0.3463973971315403	0.4554473738187623	0.3898760627774921	0.2175715171285643	0.5556931729394462	0.3723123962936184	0.419843606290835	0.5709540702362532	0.4516980080652038	0.2102852809078891	0.592391535290984	0.4736438594950083	0.3870802429935446	0.2231712495622925	0.6175197374860555	0.4240327133294304	0.5026588587901182	0.405054681423474	0.3876080943689848	0.2692644412384966	0.3553383601517463	0.4706351446433478	0.2118129761738366	0.6864142670630697	0.6787476422900567	0.7200928386835441	0.4501556013690431	0.3000371202415132	0.4920463413605282	0.4110055874327933	0.2949105353844223	0.3009434050074552	0.56665402150402	0.3490840775979905	0.4018476340376801	0.3493188401119255	0.2177713551063496	0.4157346528015622	-0.0639514169503188	0.5174757746187203	0.1586746113794204	0.3274364464203741	0.3772467288073225	0.035371454221273	0.2192581843107012	0.3917189895400393	0.7571542734168588	0.576499749402985	0.2473388029664312	0.5817783817189958	0.479620028636587	0.6651846275090736	0.5763215885391624	0.2353629922626564	0.5026760766569702	0.4371510480255374	0.5343849925673196	-0.0159810077113935	0.7063395348135818	0.5015812365025081	0.4090824149957904	0.4471523169111157	0.55633467191445	-0.0324199312757015	0.3487557892953789	0.3846555070543649
sub-28312	0.526556372878663	0.4994051883851631	0.3474484407352754	0.664699881639264	0.1552489267914788	0.322415334654636	0.5077958162927195	0.4570328227654288	-0.016271937143601	0.4334469456625185	0.4086493928494499	0.4719795561612742	0.666694965413977	0.4621652586484939	0.4538813471322497	0.6846021492765256	0.5135797839416969	-0.013367586680657	0.3950405608331211	0.7399381339198615	-0.0033032428919355	0.3751350031798542	0.4020179977479858	0.2683524837134102	0.6408506284469726	0.8288614959737689	0.4878837161782716	0.6661348421521477	0.7090908893059372	0.7711332630808688	0.7795380379491783	0.619137059359864	0.6645272994648793	0.5825555561795404	0.6983107418516562	0.6753470546506924	0.6697594440277709	0.3253475829801091	0.6283435406233686	0.4723740445996691	0.4157356812059382	0.7186277967212475	0.8426666744666046	0.4172249829112239	0.6399136784076283	0.8129426451172448	0.6854406870568338	0.6507529303408113	0.6410743100960947	0.6941623307915935	0.6841573944423281	0.7190123460695538	0.4404714166650296	0.69296641860573	0.6611069288561883	0.2281046721746586	0.6351656848710655	0.4678930809265878	0.2740698898769122	0.0188299033593227	0.3603349366033471	0.3213017656662736	0.2785947556588166	0.246477556462682	0.3600496843592671	0.4258592880454782	0.5138132829358887	0.4468207494362938	-0.2107633163372404	0.3569007229383623	0.4631211776170276	0.5300848446436788	0.5881769672104817	0.5211744278146996	0.28638225434002	0.4747282706672772	0.6544526576532073	0.4705502399503381	0.5114077892709776	0.6051667354983258	0.6126367102175819	0.6958019234370181	0.6062217143680795	0.0108386458383752	0.4755775082826396	0.3370001229617768	0.2615138753391743	0.5110667764903756	0.5086120437765748	0.3436605105732104	0.5037068811248303	0.3489407211692235	0.2721459572794852	0.5258890675321061	0.4252547751776998	0.3654675537443619	0.4116677628100265	0.5442217304676268	0.4574884465039618	0.4831061616520028	0.376964747603217	0.3711044761533557	0.6934324852132292	0.4317664812283661	0.4499775463061309	0.4293377951243872	0.5151822663641792	0.6036900473790661	0.6038582037111155	0.5567923927215609	0.1681015304225405	0.5786756651927045	0.8204287854591109	0.2893483270836563	0.6479054795818013	0.696752859878263	0.725579982521114	0.6610966040470314	0.6238455633675397	0.7145367970897599	0.6533871401742152	0.6778294771543025	0.2345375776434201	0.6824700102872268	0.4985585973161929	0.6253279129964407	0.7948015119793749	0.8013714496901285	0.7104472862785761	0.716848734867914	0.7068947998332655	0.6124093533894982	0.7031422972901799	0.5258209014664558	0.7327836170403867	0.3809916924207783	0.5671462357574687	0.4730154520848493	0.2812470595220866	0.5752581262498088	0.3694757998240019	0.3078465967234464	0.4737859041274743	0.6518629038982316	0.5082387902695018	0.6146085672187042	0.732028085560423	0.7270735494656714	0.6191559530726722	0.7870792095603941	0.6677439966064924	0.7225903644942043	0.3919937547945791	0.7150591377199692	0.7560212052972829	0.6463896114888549	0.7460003530334984	0.6862837193121474	0.5320138023099767	0.6605451642441666	0.4270256509219525	0.6338886602747433	0.7997862936698108	0.761438614488001	0.7073209385396118	0.6033891404597195	0.7055397546521688	0.4283072443518095	0.7145756092008202	0.622174333100956	0.694289048392154	0.6700342857918566	0.703244137269563	0.3079195840095613	0.6254619586782016	0.6777586764128454	0.6462200776532389	0.7055291558752387	0.3208469633423036	0.657959312472212	0.690742882338344	0.7421291296396396	0.308649993945706	0.7463655133791066	0.8559475664719269	0.2297020136010851	0.7814173361318643	0.4592040964555582	0.8344744815319513	0.4825680942671114
sub-28315	0.2178271534753958	0.2341098112043597	0.2322111029610429	0.1420096603318117	0.1026093984968812	0.4857934016823451	0.3747571894386086	0.3240067177062493	0.1655465334341104	0.328975737225217	0.1894992158242187	0.2756257484408232	0.4987384677699484	0.4964546979306724	0.5705809246645621	0.281368254917425	0.4464572845429294	0.5557330537732581	0.2452246243317002	0.0723823493036004	0.1601152138956735	-0.1332616306614153	-0.5179064661366983	0.5277308240344571	-0.2232880830498243	0.3980339477592581	0.4759195500758139	0.8933263637733915	0.1556459142061085	0.4631026483160581	0.4236080982025178	0.3196457482484173	0.0543623708531568	0.4320838772324163	0.5236837541104598	-0.0666626290253792	0.2823675043616367	0.4413344354105176	0.5037891335801842	0.4033751778777346	0.3955342095595357	0.6392540245109853	0.4647389120071565	0.4529310172871906	-0.037658579673107	0.6961180733843293	0.1600032812339644	0.0990871767653773	0.3503972688475601	0.1488411009853269	0.5047124491096497	0.4160921504715543	0.0501257454015689	0.4011010322126507	0.6299980363275809	0.1891094807755343	0.4282210105756459	0.3981472847200205	0.3414064648789684	0.3325483062114938	0.15313304930628	0.5781586631139606	0.1951528047521147	0.2176455412682658	0.4636423452881512	0.1651348322747412	0.4638297878514488	0.4488895137443329	0.0670749398903018	0.4172692726415443	0.6154464153512956	0.3127693030831536	0.549036577740004	0.3456017255496484	0.2903825022895286	-0.1341258769864719	0.6400617214658608	0.0914082397658351	0.1183706750989941	0.3985399153672488	0.1823806623496093	0.3812398834415745	0.2224520156970562	-0.0004114037444041	0.4077723004950263	0.1435735193651295	0.6926889301571196	0.0582593128923669	0.1426290172310189	-0.4905181563734575	0.4061731565950304	-0.07717668432981	-0.041799970248956	0.2026833531146287	0.2202206938553035	0.2592505551469242	0.0898110554369731	0.1058703249380682	0.3239983100185427	0.4929953608275457	0.4876196592269364	0.7239142517341685	0.5529617405411966	0.5368054924180933	0.3585992729158975	0.5283861572522548	0.7245299687556508	0.4145402239178438	0.845463227732355	0.8376843202423211	0.1146300504765645	0.5290245883202118	0.242230859559876	0.4384705492456191	-0.2371314599778642	0.6771582298968568	-0.0090618708481496	0.2193492721575286	0.491814716034441	0.3796045095245051	0.5304642568871484	0.4574204657680913	0.2395308735669475	0.412793811202913	0.3296651266575672	0.3580214166626956	0.4078013615796336	0.3433814466550399	0.3496995313603471	0.4034743870238423	0.1936151196330399	0.4603422396544514	0.3913002799112015	0.0088206078495019	0.5334375075655406	0.3271093037901969	0.6136090815310267	0.1840757855655052	0.1342482624122218	0.5196899654683826	-0.062782938692059	0.7927804098499589	0.6651379923402916	-0.2632030313415583	0.4941203758811432	0.0388424800843568	0.5065840226613109	0.5587849327067762	0.3751015690102832	0.2512356770303928	0.3541641459031379	0.4964631898874408	0.1125538692757504	0.2664858211282677	0.1318294700499022	0.1406598486660043	0.4874237796493549	0.1102764855551145	0.6320815043530943	0.4865049464362164	-0.060845085249612	0.4543638046718519	0.2902032699381781	0.3370849226803787	0.3542085433117342	0.316077174173316	0.3826699659797358	0.1060782124430324	0.3563925804825448	0.4236527414075647	0.7612798941987035	0.3047392295839785	0.4805243010988305	0.5944023662975036	0.338123931960316	0.4213896712772652	0.6206807026412937	0.6689517770285465	0.2256762419213308	0.5016462525057518	0.2010054290183654	0.4034634503147899	0.7544558327763011	0.2380017550281821	0.802412359290588	-0.0808085141530164	0.6227948421097501	0.2475414614445158	0.5432868458092968	0.0509131922339221
sub-28318	0.5751176699253651	0.4161471167699825	0.2667409050956134	0.5984328615938374	0.4589177711839813	0.5261590428515096	0.4970126658950433	0.6918673399249345	0.1940040751064988	0.2157800137164938	0.437183360981108		0.439308506015326	0.3383353052409175	0.3889818917722528	0.3895611939544747	0.5452804774756034	0.4986525227207783	0.3445344774804881	0.2897866036642574	0.2140744477427529	0.465669325761965	0.2530137874715699	0.8765455525593664	0.6104487470560022	0.521537157767727	0.4087103312485704	0.8225449257501964	0.4306850351492067		0.7407517011672925	0.8378614720365469	0.8309243980981331	0.4657687119649111	0.2502099692439557	0.5426324069585751	0.5178813423624424	0.6519682973754682	0.7641030235122959	0.2915037692898649	0.2232749266699891	0.3623672172837038	0.7036517452117858	0.3952060675281902	-0.068066442006232	0.5204222609943653		0.4235494661199922	-0.0387360932117894	0.1788885708294038	0.1733146972091327	0.5107541811353169	0.5159897156171622	0.2553315288635185	0.611939120072099	0.2565523584777373	0.1864271824337144	0.2473059680206164	0.4817872576273646	0.4206852659490529	-0.0551563567160698	0.4532802259239542		0.245131271311157	-0.0128716449103171	0.138725522051852	0.17562761926094	0.3175456211502673	0.4319460484577896	0.2800834646685921	0.4521032225206696	0.3926999958823844	0.4908320050697712	0.768651529305318	0.4127476738000606	0.0715198748321557	0.6958483549777715		0.492040681693406	0.0868500644879083	0.3357600136326381	0.3377155455246092	0.5848858918061838	0.6007885161548633	0.3274960040140773	0.2643164871449287	0.1723701457204994	0.3855740478736497	0.2559146629882541	0.1322598546115871	0.3338251542926674		0.1608041223789992	0.0756268523678607	0.2818040963194136	0.4865586412218685	0.5876044814116147	0.3555175512287618	0.3625580162630632	0.5686991927717853	0.4954650550002403	0.5033423538904156	0.7792117080370754	0.4081349026514978		0.6119731466516612	0.781636486858429	0.7389442801354178	0.5613706880028183	0.3122283756858885	0.5166239295491307	0.5507490269029124	0.5491786654690695	0.1914411593404293	0.3294355165570288	0.410358065975139		0.7018891024139502	0.3507665466975976	0.4588879476406595	0.4559997926320723	0.3199357367866436	0.4324115031179292	0.3426784177049506	0.4300528913394392	0.0879010260311447	0.6095973235519417		0.5525871649648086	0.137544870217021	0.3880383940850371	0.3670595627036511	0.6427594069392352	0.6067542658105198	0.4414809979268462	0.3294855219092735	0.4154106599645386		0.2664572015279987	0.2594441721607053	0.315342952987695	0.3918112978486398	0.4290741675637883	0.4568586688280197	0.5529786379613241	0.158811118026776		0.484537274071424	0.8980894993116911	0.7827838766017218	0.3844492791325505	0.0140054560777482	0.2568062142005262	0.5120918774025688		0.4081288472640937	0.1295255014635987	0.2979624264403836	0.3826041056867685	0.3952719570826107	0.367668225406816	0.3376342876306671								0.5072727449293339	0.614434073107493	0.2568618684504445	0.3361978991777516	0.5378550721212227	0.3430949741372227	0.7188597346528284	0.3292075721334625	0.00229405185346	0.3070777119453936	0.356182824330737	0.4006485472224329	0.2020284280533806	0.3622309033617394	0.5493598948807861	0.4854567683150165	0.347594029331628	0.5902509542381837	0.5803190289445592	0.4253708858998274	0.2980664671257678
sub-28320	0.8355374130579831	0.2255039824521334	0.3029841172675672	0.4937537398882221	0.5551906617034532	0.6596019882793258	0.4759177843305049	0.5904245889831249	0.5148358710846552	0.6264010389734138	0.5913257881877348	0.527211154772071	0.6644399602769357	0.4251157039813348	0.4764011047462022	0.4800526215605353	0.6203161266182561	0.1422883277961808	0.4833853841386982	0.3875521651599861	0.3681857526361915	0.5163647768652042	0.6524542210239752	0.8026224137585143	0.6778417001185962	0.5829421743850273	0.6922059188808969	0.7246456978898498	0.6785322339524414	0.5944288108787206	0.7583385620687975	0.5576578601369305	0.4880528045420468	0.668367733196951	0.6733377182762832	0.3961674807363932	0.6230809508451692	0.4343516118767987	0.5155312149187423	0.3149604286189431	0.3410917713034402	0.3836891931331108	0.3767213010059093	0.3812416041663648	0.2443457091715563	0.5649925850418612	0.2391406227059665	0.2433744441096682	0.2458961984984247	0.1033647248218427	0.2970084166166574	0.2148412437937157	0.2341260329811652	0.2645174159156623	0.5579030343726284	0.3084210153813857	0.3249810671467369	0.5410200346355241	0.2898885617941575	0.3808385691120031	0.2652482661639603	0.5790150950503554	0.2341474045578618	0.3457710286457596	0.1520521099286663	0.2050901872500461	0.2658981088224679	0.2768467328676776	0.1566646844356038	0.2755634766368392	0.5259949814536387	0.4808229956874729	0.5254970725707501	0.4646539444005393	0.5526882788335955	0.3640397226573708	0.7567200613731755	0.3501037135449767	0.4199106276356625	0.3327060135939151	0.2245741181933067	0.3764114269208476	0.290868891063486	0.3588263336125497	0.3024049146369211	0.5678520394577437	0.4592894806623114	0.4133893929806928	0.6392061112926002	0.4311674217496721	0.5565982879416902	0.3826528794779288	0.4060769586549876	0.5045470457868045	0.1514342289772914	0.4836726761271015	0.3393770261829922	0.5088644031972417	0.4452058643382427	0.7987418621230243	0.581064204734586	0.768946440084826	0.839801467126212	0.576965613241927	0.5999691542785764	0.7012515565227172	0.5752634386612093	0.5663023126328142	0.8637002886374726	0.7143836075835884	0.4896414400824646	0.7507844958747044	0.462145616505052	0.7535457568463647	0.6694228276421454	0.5490281315602433	0.4802573475718602	0.6675382573625465	0.4040765831684916	0.5024064619392393	0.7691507225748848	0.6287871444888846	0.4859962314955292	0.6977160242767986	0.401138373562977	0.5482886090732293	0.5014830588312243	0.4756391797733133	0.4561713387027262	0.4611472218873609	0.3188903173501601	0.4643442346230861	0.3498740644465813	0.2119801984184267	0.6468955566027587	0.629618015964361	0.4984647753472196	0.3760291387805735	0.6231834155724094	0.533458244370509	0.4475012716410991	0.7557952747631457	0.5901617637858207	0.6310684494707243	0.5959984780685235	0.5126002917225356	0.6448508062389734	0.6843644952301515	0.5584274753887009	0.6610562692508773	0.7635647010669409	0.673044228473344	0.3567267158430995	0.6800985886967932	0.4508718997461274	0.445688108032479	0.5459099903201091	0.1935511380531968	0.4308890008476393	0.3211968630710599	0.3352529358237004	0.4073167467115162	0.5572580113959252	0.4532961890705915	0.4806649702113066	0.521613692322712	0.3481646345703194	0.283602409547899	0.499872599464549	0.3860445428226467	0.638199431601477	0.6204518869600381	0.6435129298492785	0.3203024628685061	0.5546857150868268	0.0245841171298031	0.4963832479798934	0.1373177552279462	0.6704302238909803	0.4800669665156312	0.5778949667980043	0.7329990499826049	-0.0173620106633617	0.4652765886714297	0.7499326313847102	0.5689962652780749	0.809103614642773	0.1018332732112534	0.6033374003939992	0.4015974118786556
sub-28323	0.7640988223800683	0.3810310996369426	0.3210216366529905	0.5094788929462615	0.2925487196604664	0.3420817874109931	0.5426432331272927	0.3638629884158506	0.4543359203544032	-0.0013862472550551	0.5361087635750286	0.2922387557154555	0.5462114605841044	0.4406657852969611	0.3499330236938347	0.5489762597457597	0.5802683215215934	0.5629515533574889	0.5097657662435255	0.5237658780119245	0.4045992968087289	0.4413079620880875	0.2882540529861087	0.3606544592248743	0.6376347319306862	0.7050591411960816	0.6792257038797173	0.0034015683520919	0.7015570228983147	0.3938040529417212	0.6734296639135622	0.5307560630479702	0.4912267226042673	0.6057367595729618	0.6614322236597938	0.7974649017726877	0.5864165393137937	0.7143297881874455	0.6039379747918218	0.3913807857799816	0.2804124694402494	0.5982811332235678	0.5457685761786295	0.5023318150937877	0.000796794761342	0.7800903545125419	0.1718099034065434	0.3387010411777036	0.4500124866193713	0.3020339939994023	0.2379431480393329	0.3657494030439563	0.4397014356542437	0.3596997048956971	0.5860352615121222	0.1733399136587664	0.3173297135699502	0.7622421642321501	0.4284567781690753	0.4540670206361896	0.1667934932178327	0.7499873668449434	0.1933248604991973	0.2467546940818923	0.485571418141603	0.3548650522214976	0.3691643230718671	0.4925338240325858	0.4496997415822359	0.356853736134862	0.572181496547078	0.3938790865751626	0.5036450855900747	0.2120488170325262	0.3765399796583937	0.1183081294097067	0.6311375760946132	0.1907869330972885	0.3666320393126143	0.5040051844011456	0.3737506259296583	0.4097786306567353	0.5249569984220493	0.4925403269755868	0.3951135341718807	0.2796461014117887	0.114865140777994	0.1908283857524969	0.1244362708018272	0.1001241786515694	0.2559287845452944	0.1969819200675273	0.3610760990040654	0.2715056969091335	0.2549966462456358	0.2615266458020259	0.1850209306775119	0.251516155734196	0.3185463831278701	0.5265343536829326	0.2419210718012445	0.4557174597800619	0.769524473947408	0.4082063885742312	0.4697800299581839	0.4822926754941651	0.6883010117710042	0.6872886623817268	0.4961124364085787	0.5070962788171125	0.4514371577297709	0.5133300475331349	0.5034190896774553	0.6456490432811941	0.3170622467668778	0.8088406580595252	0.3243400326049077	0.4472723692896477	0.6109561554253737	0.5235092002694035	0.5573392877043187	0.6826617254450887	0.6405642961790001	0.5112558858377276	0.6808344907889929	0.0329268952678575	0.6078633546229436	0.2565613637528802	0.4083414726855788	0.4328825139719416	0.3617436161064564	0.4717279228178072	0.4657842856343147	0.6604943588128244	0.4726604843073143	0.133925997118445	0.6434433995763983	0.2628837895444824	0.4452593668714912	0.571520182151611	0.3913695513758904	0.5087894842096641	0.6164055507218201	0.6898592426339278	0.3992185276032716	0.0680560648284863	0.4219674845304397	0.2251973661174588	0.4852237692918224	0.6428315184039273	0.3088928226056158	0.3029006195030318	0.1672527462225327	0.3347693327165076	0.3161238420147667	0.4985116616309068	0.5554688014879663	0.4422557277917352	0.4715854744311546	0.577449650284093	0.6499346695102711	0.4547782227279601	0.533041490805558	0.4677464388876369	0.4907215927480883	0.3957351398172705	0.4052662494925533	0.4044191289304147	0.4560613571152077	0.5015913978080914	0.5246244126639061	0.5275468588702412	0.5347250516451558	0.5972071833773853	0.5020669104283637	0.7365835573575518	0.5867524106060354	0.6721869144235396	0.6222904198163891	0.5383449570390743	0.6091180709122976	0.6420609674129774	0.5855867278948691	0.6376016021159228	0.8430540433362113	0.7966760895443956	0.7686117978856701	0.8628598064546374	0.7157781650352604	0.6737110217502249
sub-28331	0.9041918137227616	0.2975292367270452	0.2812675418496525	0.4774263286897448	0.3230723605553759	0.8275586096757602	0.5309642042325142	0.8100943741049921	0.4880462446800823	0.7934748046308453	0.3747286124062901	0.5469370816974515	0.7539142000090397	0.7775032798287806	0.7803011161002872	0.4027221739919605	0.6295635712811622	-0.0642445586751584	0.7710475311086531	0.2916082695227118	0.3827825924682635	0.571868191641434	0.3248479701366669	0.8476994407594126	0.6172885422165677	0.8624008299681754	0.5396530220405807	0.8034255115337835	0.4532203952032501	0.5760872113966096	0.8068357797386786	0.8145851338020564	0.7617177881210726	0.3537980996781406	0.6318760555855222	-0.1099812619635615	0.8046278274981343	0.5021631720579137	0.2279597582815848	-0.0082835764094199	0.3011849965985905	0.4810630157807398	0.3920605875685733	0.1688649269229171	0.3517563610821993	0.5019253985617438	0.2163450803765463	0.3145597953478758	0.3766644226268769	0.3204277945543451	0.1824485298753806	0.04859705176277	0.016510396876447	0.2051141166626016	0.3427161445046393	0.053701787226843	0.3486704894974634	0.634021757349044	0.4163767928914997	0.2681139697521141	0.3588735916946631	0.474272646193281	0.278504711384478	0.2941445737783975	0.3631220659400008	0.244952554575546	0.177211415441401	0.0871631874780151	-0.0151407018908798	0.2675330016208573	0.4618637260723907	0.4423009190935584	0.4901781402025206	0.6673176573567657	0.5898188069570454	0.3991292224347642	0.7319812702635172	0.3937788958575191	0.3176391701488409	0.4538509370532483	0.2794104634886629	0.4906328950367217	0.6395299218868318	0.3042204877771132	0.4479486553512058	0.2973916306502244	0.2142030559387661	0.3902787463304784	0.2948313868253064	0.2568503646721117	0.3431623232275789	0.4231589845445315	0.1425252606126621	0.2682173843528559	0.1571109035086396	0.4137760579859474	0.4949980469933747	0.4168328086504786	0.3072866183623702	0.6310051241207795	0.7339271228072944	0.6847926341735618	0.8412272262084354	0.3846072916416531	0.6769511764458551	0.6741596544241433	0.8212733683544999	0.7451814012772517	0.4381434243089721	0.6702270962170528	-0.0275097187579471	0.836814787503702	0.5417163886951618	0.5383100856300062	0.6170652476419624	0.5421507344250499	0.4683920191435699	0.5144093218295859	0.5683480497825111	0.4477146357305414	0.2458416149930937	0.3422807715431102	-0.0282932923316343	0.4591717633625514	0.5245439750013431	0.6884599808894071	0.5476866846026804	0.4867051548382382	0.6469901189706572	0.7103340866362137	0.6187604189085107	0.4403498140340915	0.6866434643372368	0.074115473880021	0.7551544230797594	0.5363579411844706	0.4351356411056443	0.4536111792339861	0.2686434915081697	0.5387030658274222	0.3500844068730146	0.3803913532369063	0.6954540876612432	0.0646168501185368	0.5992274747619291	0.401077053453728	0.701364211658876	0.7972077266578146	0.8929791721825217	0.88639230745253	0.3186372630025922	0.5231645581660418	-0.0801605950534557	0.6715833987180335	0.3941356046105632	0.3197958994411525	0.4436996522694405	0.3236223868094894	0.5646750851132917	0.3702910580950151	0.3751284123610219	0.2649624256254865	0.5406826783706906	0.729292946561936	0.5945024338237228	0.3416051548574817	0.4924071072286852	0.080973203420633	0.5625006034726975	0.7767091741174559	0.8758534422805053	0.1235331133124763	0.2963308740855182	-0.2504327130478347	0.5574873974486203	0.8468754852938885	0.3491160817656444	0.545650088442082	-0.0636649573093166	0.7000074171640972	0.2644772295309278	0.3832098703603381	-0.1482143248134585	0.578681889527603	0.5605490928501113	0.7179345986194164	0.4066972688301123	0.2974682729729183	0.7211086343393521	-0.0022869016083254
sub-28332	0.6239776112146453	0.4516815418153277	0.4207973716474149	0.5074322835994745	0.4946910129567219	0.3959314575800419	0.4775109363787169	0.5431777723698985	0.4481985622954604	0.3665074202512214	0.4646265331976161	0.3513035608889417	0.1956934362319749	0.334777440284597	0.2794261211405346	0.3965644051676426	0.4531162925859485	0.6252971592889737	0.3731190239894135	0.7327144669770677	0.6816762525405362	0.6303619583218065	0.5823470033551459	0.7277216137896414	0.765734455621611	0.8094500534829866	0.6559580366618492	0.6903678233176154	0.7630085277382049	0.7507027955638308	0.600064028897748	0.7371588867403672	0.699570561733065	0.6704573308810599	0.5650239714058853	0.5164635927010259	0.6704377503969309	0.8644745190675278	0.7178379203240394	0.6749134893306665	0.6658704143899453	0.7652306724642189	0.7833598133166132	0.6558709459242202	0.5648575937230566	0.7820425319272999	0.5938295112938299	0.4853410627943065	0.6125741309000687	0.6656712891123636	0.7020172685365083	0.5427251634425196	0.5914788309387827	0.5235631920058083	0.6212615508164877	0.5471715937943875	0.7325565716553362	0.8704006857787424	0.6985979487426525	0.7371416598533977	0.586458001402673	0.7839200648013455	0.5086896566228576	0.383455546580366	0.4977778812477879	0.5547001321948642	0.6737680377049557	0.5081805304430572	0.4681909498166198	0.5369054900097971	0.8173442103630961	0.4917771711453592	0.6082872566119665	0.6871948472096256	0.5953666637805239	0.4507785776332937	0.6925593202695025	0.4467954426007955	0.3391791031180381	0.6647451739696907	0.4334323633039054	0.6354956808255262	0.7545991718903334	0.7386790915395108	0.4511878569579579	0.4675101040107665	0.4449784762856447	0.597267676195216	0.5059357689334391	0.45721745925202	0.5531693942780858	0.4376909804252722	0.3320010204924661	0.6519949756647972	0.4456962298083247	0.6333567894721664	0.6404417476521311	0.7127602378249898	0.4454731519220227	0.8116713205513951	0.7384743937337127	0.6963189891866711	0.8378080029481422	0.5271260459366546	0.5932173266083607	0.5267429729858625	0.5407251584445198	0.6998143290697754	0.7740577003990203	0.5790118950111489	0.4471634496660527	0.7630239052131744	0.7185047640668053	0.696870142822229	0.6433964684583944	0.7837090112372217	0.6276167285895259	0.3782948520530599	0.4903117425469009	0.5729052601795578	0.6855989053706414	0.541405304068247	0.4751819181835381	0.6233447269133776	0.622309969303224	0.6594449238768186	0.6701816445282887	0.5897436056020721	0.5472866671982198	0.5977115561575731	0.6323451662979926	0.6808093051456854	0.6488305971773356	0.5829138071020314	0.6355539069333201	0.5920697992208829	0.604623478213717	0.4465674435472397	0.4029408180189232	0.5320314653974384	0.4831038144429844	0.5804735525198267	0.5672463573488733	0.4825883520090241	0.5369573789315619	0.4991431631860124	0.5174240953917029	0.45553548259464	0.5085572796381693	0.6215007811695823	0.7663150888683258	0.6033976664964944	0.4308187182809773	0.7008976968294621	0.5702175987841468	0.383772843787601	0.5707516434534546	0.509272958746108	0.5935199459556337	0.5146963807166406	0.4708604153120727	0.4337085553754759	0.6080603519511428	0.6417788877019961	0.6912902471732806	0.6010861103554302	0.3875879852138986	0.3863637328700655	0.6183917351298248	0.5815599668667744	0.729342190332656	0.4125184835499816	0.2103063770188206	0.1674956699537505	0.4353245729057025	0.6855815380791132	0.6248806680088521	0.591280901771688	0.4632997590301239	0.5662476824657819	0.6596822027366473	0.3356589781593124	0.2905276156911129	0.5583951701284954	0.7257401421453964	0.5937916978887486	0.7140357537863685	0.7643988795875427	0.626278401897149	0.4930826350074427
sub-28334	0.6017146390820999	0.3449693014190166	0.3435040033221772	0.0736449432064528	0.480354300640234	0.5333555406387186	0.487937193690083	0.3818319861060125	-0.1575344542018936	0.3883728283988752	0.4990201635266789	0.5387214013169329	0.3055765746424118	0.5300665894393526	0.5492567604075981	0.4264160872502692	0.5553921369745343	0.6309077573052664	0.5354226248334814	0.2755891092572929	0.3640947138766504	0.2411942729923587	0.3598358307970133	0.6161154249287638	0.5999878894947474	0.2914866801549382	0.4603938831917701	0.4298869845341752	0.5867587806587143	0.4716900948388632	0.7166020594897413	0.4771334840007239	0.5305109455277025	0.3151170147484379	0.4151623662439684	0.2581930866026798	0.4436854736775588	0.5804605843049974	0.369980954344512	-0.0566672800238524	0.400187721002145	0.4595171968019246	0.6045039453152964	0.0814963311546066	0.2974459640513348	0.4625255018989685	0.3715596559813192	0.2621766324865943	0.3100786697855588	0.270622208463929	0.3895194809721635	0.3717352608188993	0.275013526796908	0.3079340276362278	0.643291956490836	0.0567298132829662	0.3910448953601714	0.5917345923142042	0.577800390502843	0.1424544991740291	0.4121524020013968	0.6968272635606536	0.438434699749582	0.3039813328785987	0.4278199766499007	0.3935323277143035	0.3656962322770767	0.3713373363422894	0.2687509548571063	0.3757235973026572	0.0001737764671383	0.1298176326186697	0.2803437019311091	0.4010821633311175	0.3746379655852901	0.1985860070022021	0.4230045837587503	0.1122531940969377	0.2034096878279093	0.1269927383890866	0.1427529535881801	0.1628589575463399	0.1707423106507268	-0.0158189702885601	0.2328088802873641	0.2764340509213095	0.3339828793458494	0.1388889443320189	0.0109965661986279	0.2156257638668083	0.3263084314511418	0.2765594383834315	0.0906481380712675	0.2498168144780097	0.3349436179257851	0.3389788856118018	0.3529938565054221	0.5393793546565567	0.4188327732536069	0.7238036691669169	0.4346578276078122	0.2619199733038796	0.7854105292144952	0.6492484059294832	0.7376813291283368	0.5658151071677395	0.7613362939800866	0.7636915213150076	0.7853212817280834	0.764956618820654	0.5913270453247514	0.6143402974915751	0.4674959718640349	0.2412884893351811	0.5881810474406206	0.8327461798114038	0.6654922304536368	0.4698365317472601	0.6149067827957052	0.7040290116341733	0.7055914749945383	0.6495090941441888	0.5940924145576875	0.5200272605126464	0.0913215570656538	0.3934892031199857	0.4527265791620826	0.3873477603105368	0.198513441735384	0.3607361849606164	0.3989474380924014	0.4781336564249151	0.4829496758977848	0.3348225625560329	0.4873262807653576	0.2223037408065836	0.3253807054172495	0.0982199776733171	0.5026517887656998	0.1134017505327548	0.1307758124091449	0.0559615460948192	-0.049191723315695	-0.2750847285908914	0.0208482073168899	0.5152192434151176	0.7211253323888698	0.3225554923124871	0.6457588343905706	0.6334773648089104	0.5944084111148717	0.5791278379177411	0.4389672194069987	0.489218124536024	0.5937249052780802	0.4874265077918563	0.6659711325002882	0.591452943243652	0.5850710204273952	0.5405445347893386	0.5063327750636987	0.4482154548436489	0.3385793792859494	0.5969590124659979	0.7010375565043605	0.630817317372793	0.6150486016065116	0.5751567236573881	0.5647740284254258	0.4437757077055269	0.602514734174504	0.2351203907137372	0.2614788532165546	0.0459883541000162	0.3042016317214526	0.6554850828093978	0.5959744184805553	0.5917310495719411	0.5511135631885411	0.4903005238469748	0.6841735875499088	0.6791092326345719	0.59090836349628	0.6799151964092132	0.9136873994301832	0.7722639477825605	0.728310924003062	0.8097650045414742	0.7366079371195839	0.5778404048663546
sub-28335	0.8768915014003098	0.6403563427699508	0.5072843491317321	0.4404856851823919	-0.0513665188946083	0.1210901689334298	0.4950337761768347	0.8108071026225661	0.3610374457208679	0.621856755427533	0.6658351520149062	0.5907707752629441	0.7408981336654428	0.7455217175774052	0.6719800462240797	0.2580570561506122	0.162928687565232	0.1575140928089846	0.1562591376359183	0.6670350131457822	0.5679240131520216	0.505181232412905	-0.0196398881908484	0.3125747982490809	0.6121996029452269	0.8923637551069193	0.3116824909662743	0.7785251871223409	0.7236835176955787	0.6326339526494625	0.8281197596650942	0.8550879301533969	0.7673813420928283	0.4357727628517944	0.3062058747391084	0.2974912950055024	0.2222093118476748	0.7817295637126725	0.6508523725242356	-0.0738058820951753	0.2967773929251616	0.7395715696033509	0.7794008232830418	0.3163904696677407	0.5342603418158085	0.8073526711584618	0.4761863155879562	0.5405001708660647	0.6094689251987544	0.5583461132244265	0.3680493330733088	0.3031705075360054	0.1781889334768447	0.1614175979339569	0.5139571087623143	-0.0837927993079176	0.2926505110074706	0.8418143971026503	0.7090010759424156	0.3245850655421348	0.5421945015605608	0.761327855236154	0.394237893542218	0.5074407784144663	0.5541481790375967	0.4835558747161879	0.2782525772743814	0.2237959790906195	0.1133602234601517	-0.0383459292171813	0.1232380701183495	0.4010761761504219	0.4912250750752868	0.5130138943573017	0.3637832271960133	0.3268542444627867	0.5730313570005402	0.2077705423724528	0.2239825811010535	0.4725763584117395	0.3003876292217718	0.3819912191561517	0.2220981652016481	0.2166661269281772	0.3033579730480433	0.1260743892472466	-0.1290866120839713	0.0029486029164181	-0.4463088375138263	-0.0538722220878239	-0.2037620897359355	-0.0147827724114794	-0.0525027447192652	0.0851124894456973	-0.0162505039578799	0.1102648311956377	-0.054808287180256	0.447373401940393	0.1113919804897866	0.4812057881840972	0.2312575522996504	0.2279048548183054	0.6300896605683335	0.1680831288485998	0.4474517469292165	0.3187690703435166	0.381841676577445	0.4784890835195718	0.7864466163813988	0.6703543848836964	0.5235218600932989	0.5276322123653923	0.7455414171959289	0.3187068916985774	0.7256953450289853	0.7605435653090237	0.4994549122836663	0.5875385856946529	0.6487951274621975	0.6158294190911776	0.3795227266749769	0.360143953158623	0.2043822880019808	-0.0408911449054191	0.1765134417956685	0.7171733887279381	0.8216938628880076	0.5325881945894746	0.7580446510250395	0.7910499309339961	0.6673012589650247	0.2764819303133372	0.2591045668603707	0.332952450703507	0.0317685910918907	0.252935071339848	0.418620140404487	0.2936440708815829	0.2088037963324789	0.2671501318234075	0.2787216795899561	0.3345986616290567	0.2864428205294486	-0.2145800736567596	0.2190672340215417	0.5487945917037587	0.7293349610845277	0.7902805756259427	0.7276749828534975	0.838133457003735	0.5880987268373505	0.4444682491645975	0.3527759003370498	0.2805807097360291	0.4742221001286989	0.5898264602641695	0.6632136856327633	0.5393720388286208	0.1630708537657542	0.1454633442323065	0.0166055521263782	-0.079613226671917	0.7659650623306319	0.6635891093651365	0.8337678000614737	0.5551365072201906	0.3835134799405507	0.2312178106124767	0.2092329279611337	0.7841809949561863	0.8554991244472303	0.408318526803593	0.3333301629402252	0.2435837673454541	0.0708292182177861	0.7594408262024723	0.4249121582222049	0.3553615358673299	0.3461380616885447	0.1385729646013781	0.5817968412570919	0.4303866267684812	0.2955241087363421	0.2199369980702523	0.7959177329038214	0.5648946322410038	0.6905724845666993	0.6406740354420448	0.5355378333425442	0.3848792784879259
sub-28339	0.6125232200108576	0.3257427954655072	0.3041122244940353	0.4013325308485848	0.4273560665077548	0.3728078613087113	0.3192276145890621	0.489805246937697	0.1633173595933672	0.3801725801441005	0.3519819298639997	0.3596392622594581	0.4063629150735602	0.3708326477948344	0.3576647252840145	0.3552095110625097	0.3281279763815629	0.3523360118006794	0.3074399629146049	0.376764366397523	0.425225920657633	0.4491451089414445	0.3846283732460401	0.5587596440796873	0.5392004009320868	0.4828490239866539	0.2646469489269344	0.6423721788846583	0.5213820916169684	0.5060063451390776	0.409847785051473	0.6308216765390372	0.4635939380541452	0.6316736664887651	0.5829511878849386	0.3165564426183327	0.6084366293262617	0.7715211188550755	0.7655335681427361	0.4618631354771108	0.4994026116441931	0.5851250215000144	0.6232790646882453	0.4428777223729411	0.4166056614472264	0.7449361688703519	0.3244312375067072	0.1472706477409963	0.4115555008717497	0.4546636798984824	0.4344253256389552	0.3163458120064642	0.424621454740304	0.4080975823191867	0.747527464550251	0.5428484568555536	0.5416484290824584	0.7063855626365514	0.5612851470543755	0.5586797264569086	0.4107227825903051	0.6786791381650349	0.3388518318851846	0.1420868838076165	0.4336841326273713	0.4857556717750004	0.4993834898887326	0.4279413886446719	0.4029277930847602	0.4819754706472921	0.5801938581105154	0.494396945556618	0.5970419379959586	0.5264125448082656	0.6028310173256871	0.407031207922592	0.7357047966990942	0.3406849827292462	0.139642580024238	0.4404013019540521	0.3878406910168399	0.5372972804487081	0.4468925303747688	0.3953334027707004	0.4629330975897509	0.5316901116431195	0.3878220537361281	0.3264520472896457	0.568277727229452	0.2611611205450366	0.4619407902495976	0.3320115498331877	0.3595063412411855	0.4461748539542774	0.3513583541407138	0.4035056754187074	0.3827714637228507	0.5801406845241329	0.4135235286024779	0.6171920457383554	0.4597024904473727	0.5740116605108224	0.6077975540139466	0.4917731742085291	0.517128246175037	0.5438044426403932	0.587949148905529	0.6285239061840929	0.6774051997219819	0.5311156529615423	0.5639708401533927	0.6174137518798424	0.5761858944177897	0.4865900242231455	0.5432481819224323	0.5785987063637975	0.4366307037390382	0.3134146028592784	0.4739124514043929	0.5967897962036416	0.6842917367064124	0.6302947398792245	0.4585932876239588	0.6572392101558824	0.3610524845470834	0.4760506215581868	0.5707225829883569	0.4754324560056699	0.2920136054195927	0.4707021037880929	0.5191819090319415	0.501811481107416	0.4624888546320299	0.415256371989171	0.4639096909529461	0.3725926394156943	0.4640856227272359	0.3857169218245454	0.2412058272175371	0.4541989306926966	0.3618552759373128	0.5068065133539367	0.4839041033105611	0.4781012335454119	0.4793319560212724	0.4386592136836311	0.5840251382173037	0.3815502323454023	0.6050167790713559	0.6097654840921967	0.6139326067299851	0.5296757515467639	0.3007501838946558	0.6086172307530477	0.4564050959631336	0.2048882261537981	0.5790158238490787	0.385959499885966	0.5136756547409617	0.3945996328569331	0.4050416070184875	0.5022640883096353	0.3141926153687949	0.6687632919047481	0.5010521203312889	0.5777842649239217	0.5270474675966588	0.3481039348581158	0.5369568561684989	0.3132045518687794	0.3686178322961846	0.3556354916293758	0.3253792661652568	0.4249130791196838	0.2950900897906404	0.5114575555943308	0.6364669020651125	0.5342921795101502	0.3243397829826417	0.6490160172118047	0.5169495675736203	0.4771381700281514	0.4081282344536967	0.5332747992995217	0.8056269061294296	0.5096922463575857	0.7795200934110507	0.4881730860631789	0.6776161754947996	0.4357872773657462
sub-28349	0.8439109975042965	0.4001856419451051	-0.0637334732652097	0.4637008814166316	0.5270285328950034	0.4580325948744488	-0.075881116062758	0.807060516627922	-0.03262043424269	0.6802385330675854	0.458571055629402	0.5479917926062495	0.6257398779067583	0.7854009885397157	0.6730674704812211	0.645801139473501	0.7226322046929573	0.7311047993546743	0.7189034884099934	0.552006425147129	0.1097074895826952	0.5200250561629218	0.6098410575849582	0.5717999124585833	0.0572714729931039	0.9035265766717856	0.0702277300786634	0.7382708239088843	0.6157020670932295	0.7399281071743729	0.7786755231845165	0.8440996480571349	0.8035915395390877	0.7507317278774406	0.7614481630719624	0.7796509404761017	0.8620989272933899	0.4285278932346922	0.6341367743445644	0.365678819530818	0.4999686097649509	0.3298601306127089	0.6418580392725076	0.1997103317925457	0.4171489765981056	0.7128211061983111	0.5043115891870885	0.4457206976009275	0.4886325580015072	0.4999987294506727	0.3664718881042145	0.3685599230926335	0.3572774717702311	0.5643155173448101	0.1829860422301604	-0.0519462324919889	0.1160105386216961	0.3731936929474536	0.0914054747975841	0.3824265132310929	0.0670595982408206	0.2573928616850433	0.2041130557402267	0.1967908600419912	-0.0170892146500215	0.1339955131732662	-0.0695293535009136	-0.1277778092096565	-0.0905932113968055	0.0527149685394669	0.5343546389479137	0.5498435270848003	0.3386016542620503	0.6777594733076371	0.0919207395104306	0.5346804037202632	0.7865114572730199	0.4620532052587384	0.4110320531120142	0.570764804239778	0.5297298736227226	0.416738439950912	0.4154115354772197	0.4241019607680048	0.5756230788043194	0.5768368536535449	0.2815996556126439	0.6436987875402147	0.1318807888430258	0.5021747462154899	0.5089901496096693	0.368985603774153	0.3468544856838591	0.5754519967092876	0.5199044195141	0.6763997208803375	0.7518340683766537	0.6886382189370786	0.6518696038233038	0.5266822261354612	0.675861007115194	0.1528495280227533	0.5490137921380861	0.5429253352384358	0.4906515141948862	0.3382065658389933	0.5946172146177694	0.6380740619905242	0.7676431332824147	0.7010336458645255	0.6071835805245759	0.7353126718941004	0.1100499641275332	0.294564520187648	0.1358430774228011	0.3267285127454978	0.1427846808483375	0.0290593392786273	0.0533909634651217	0.2104621012017974	0.3282297084613643	0.1140102176298891	0.1171863684085592	0.198544081010846	0.0344857436551509	0.7211864589638964	0.6999994169908904	0.6815694906807613	0.7209273287505148	0.8367645438763545	0.7611511849797185	0.737732071268586	0.771035987655773	0.7792251655198582	0.913774401733345	0.0618521879933622	0.1289862133622349	0.1470429832669628	0.0801242970571611	-0.0148535290726359	0.1225377118302548	0.042172904972302	0.0232896924178539	0.0065320357216411	0.0415673537195604	0.5327276416666878	0.6830396678976509	0.5801151380123861	0.8179627745914002	0.8493157879591212	0.6185405816801123	0.6410420318760622	0.6013564265969114	0.6731155566648742	0.542927270202191	0.5029587943796808	0.5868836258232055	0.5804722078345917	0.4500943487938786	0.4503656260247446	0.4415117624896375	0.6251175477203555	0.7368493831481179	0.6574414577021156	0.7795504689842626	0.5384082816952618	0.4723427019270585	0.541591588660612	0.6554262612087339	0.5730785714098501	0.6860946052521021	0.5001133872904723	0.4323421755910586	0.6240506645142915	0.670347901375025	0.8167768268551208	0.7002044960011385	0.7642396255817862	0.7167963487327301	0.7799979254102456	0.6859666979173461	0.6740760039912584	0.6485443886763529	0.742336802267172	0.876233140145192	0.8235934436331249	0.7895312631406984	0.869650906915976	0.7807975377838235	0.7888050715278169
